duration,protocol_type,service,flag,src_bytes,dst_bytes,land,wrong_fragment,urgent,hot,num_failed_logins,logged_in,num_compromised,root_shell,su_attempted,num_root,num_file_creations,num_shells,num_access_files,num_outbound_cmds,is_host_login,is_guest_login,count,srv_count,serror_rate,srv_serror_rate,rerror_rate,srv_rerror_rate,same_srv_rate,diff_srv_rate,srv_diff_host_rate,dst_host_count,dst_host_srv_count,dst_host_same_srv_rate,dst_host_diff_srv_rate,dst_host_same_src_port_rate,dst_host_srv_diff_host_rate,dst_host_serror_rate,dst_host_srv_serror_rate,dst_host_rerror_rate,dst_host_srv_rerror_rate,label
0,udp,domain_u,SF,44,115,0,0,0,0,0,0,0,0,0,0,0,0,0,0,0,0,3,8,0.0,0.0,0.0,0.0,0.67,0.67,0.25,255,240,0.94,0.01,0.0,0.0,0.0,0.0,0.04,0.0,normal
0,tcp,smtp,SF,877,333,0,0,0,0,0,1,0,0,0,0,0,0,0,0,0,0,1,1,0.0,0.0,0.0,0.0,1.0,0.0,0.0,152,187,0.65,0.03,0.01,0.01,0.0,0.0,0.0,0.0,normal
0,udp,domain_u,SF,44,44,0,0,0,0,0,0,0,0,0,0,0,0,0,0,0,0,2,5,0.0,0.0,0.0,0.0,1.0,0.0,0.6,255,236,0.93,0.01,0.01,0.0,0.0,0.0,0.0,0.0,normal
0,tcp,ftp_data,SF,383,0,0,0,0,0,0,0,0,0,0,0,0,0,0,0,0,0,2,2,0.0,0.0,0.0,0.0,1.0,0.0,0.0,181,81,0.38,0.02,0.38,0.02,0.0,0.01,0.0,0.0,normal
0,udp,domain_u,SF,46,46,0,0,0,0,0,0,0,0,0,0,0,0,0,0,0,0,4,9,0.0,0.0,0.0,0.0,1.0,0.0,0.22,255,249,0.98,0.01,0.01,0.0,0.0,0.0,0.0,0.0,normal
0,udp,private,SF,43,0,0,0,0,0,0,0,0,0,0,0,0,0,0,0,0,0,2,2,0.0,0.0,0.0,0.0,1.0,0.0,0.0,255,255,1.0,0.0,0.0,0.0,0.0,0.0,0.0,0.0,snmpguess
0,tcp,http,SF,317,263,0,0,0,0,0,1,0,0,0,0,0,0,0,0,0,0,14,21,0.0,0.0,0.0,0.0,1.0,0.0,0.29,255,255,1.0,0.0,0.0,0.0,0.0,0.0,0.0,0.0,normal
0,udp,private,SF,105,146,0,0,0,0,0,0,0,0,0,0,0,0,0,0,0,0,1,1,0.0,0.0,0.0,0.0,1.0,0.0,0.0,160,159,0.99,0.01,0.01,0.0,0.0,0.0,0.0,0.0,snmpgetattack
0,tcp,sunrpc,REJ,0,0,0,0,0,0,0,0,0,0,0,0,0,0,0,0,0,0,1,4,0.0,0.0,1.0,1.0,1.0,0.0,1.0,35,52,0.17,0.14,0.03,0.04,0.0,0.0,0.86,1.0,mscan
0,tcp,telnet,S3,0,44,0,0,0,0,0,0,0,0,0,0,0,0,0,0,0,0,1,1,1.0,1.0,0.0,0.0,1.0,0.0,0.0,255,137,0.54,0.03,0.0,0.0,0.24,0.45,0.11,0.09,processtable
0,tcp,private,REJ,0,0,0,0,0,0,0,0,0,0,0,0,0,0,0,0,0,0,230,5,0.0,0.0,1.0,1.0,0.02,0.06,0.0,255,5,0.02,0.07,0.0,0.0,0.0,0.0,1.0,1.0,neptune
0,tcp,http,SF,308,263,0,0,0,0,0,1,0,0,0,0,0,0,0,0,0,0,8,10,0.0,0.0,0.0,0.0,1.0,0.0,0.3,255,255,1.0,0.0,0.0,0.0,0.0,0.0,0.0,0.0,normal
0,tcp,http,SF,217,676,0,0,0,0,0,1,0,0,0,0,0,0,0,0,0,0,17,18,0.0,0.0,0.0,0.0,1.0,0.0,0.11,255,255,1.0,0.0,0.0,0.0,0.0,0.0,0.0,0.0,normal
0,udp,other,SF,516,516,0,0,0,0,0,0,0,0,0,0,0,0,0,0,0,0,1,1,0.0,0.0,0.0,0.0,1.0,0.0,0.0,22,20,0.91,0.09,0.09,0.0,0.0,0.0,0.0,0.0,multihop
0,tcp,http,REJ,0,0,0,0,0,0,0,0,0,0,0,0,0,0,0,0,0,0,1,1,0.0,0.0,1.0,1.0,1.0,0.0,0.0,255,54,0.21,0.11,0.0,0.0,0.0,0.0,0.99,1.0,neptune
0,tcp,name,REJ,0,0,0,0,0,0,0,0,0,0,0,0,0,0,0,0,0,0,185,1,0.0,0.0,1.0,1.0,0.01,0.07,0.0,255,1,0.0,0.07,0.0,0.0,0.0,0.0,1.0,1.0,neptune
0,tcp,http,SF,290,5625,0,0,0,0,0,1,0,0,0,0,0,0,0,0,0,0,11,12,0.0,0.0,0.0,0.0,1.0,0.0,0.17,255,255,1.0,0.0,0.0,0.0,0.0,0.0,0.0,0.0,normal
0,tcp,ftp_data,SF,12,0,0,0,0,0,0,0,0,0,0,0,0,0,0,0,0,0,1,1,0.0,0.0,0.0,0.0,1.0,0.0,0.0,22,5,0.23,0.09,0.23,0.0,0.0,0.0,0.0,0.0,warezmaster
0,tcp,http,SF,256,1137,0,0,0,0,0,1,0,0,0,0,0,0,0,0,0,0,3,5,0.0,0.0,0.0,0.0,1.0,0.0,0.4,174,255,1.0,0.0,0.01,0.03,0.0,0.0,0.0,0.0,normal
0,tcp,other,RSTR,0,0,0,0,0,0,0,0,0,0,0,0,0,0,0,0,0,0,1,1,0.0,0.0,1.0,1.0,1.0,0.0,0.0,255,1,0.0,0.63,0.62,0.0,0.0,0.0,0.61,1.0,normal
0,tcp,ftp_data,SF,3346,0,0,0,0,0,0,0,0,0,0,0,0,0,0,0,0,0,1,1,0.0,0.0,0.0,0.0,1.0,0.0,0.0,255,44,0.17,0.03,0.17,0.0,0.45,0.0,0.02,0.0,ps
0,tcp,auth,SF,10,36,0,0,0,0,0,0,0,0,0,0,0,0,0,0,0,0,1,1,0.0,0.0,0.0,0.0,1.0,0.0,0.0,54,1,0.02,0.28,0.02,0.0,0.0,0.0,0.06,0.0,normal
0,tcp,pop_3,RSTO,0,137,0,0,0,0,0,1,0,0,0,0,0,0,0,0,0,0,2,12,0.0,0.0,0.5,0.92,0.5,1.0,1.0,255,6,0.02,0.02,0.0,0.0,0.0,0.0,0.06,1.0,mscan
0,tcp,http,SF,209,770,0,0,0,0,0,1,0,0,0,0,0,0,0,0,0,0,5,6,0.0,0.0,0.0,0.0,1.0,0.0,0.33,68,255,1.0,0.0,0.01,0.05,0.0,0.0,0.0,0.0,normal
0,tcp,http,SF,217,33014,0,0,0,0,0,1,0,0,0,0,0,0,0,0,0,0,1,1,0.0,0.0,0.0,0.0,1.0,0.0,0.0,1,255,1.0,0.0,1.0,0.02,0.0,0.0,0.0,0.0,normal
0,udp,private,SF,53,53,0,0,0,0,0,0,0,0,0,0,0,0,0,0,0,0,509,509,0.0,0.0,0.0,0.0,1.0,0.0,0.0,255,255,1.0,0.0,0.99,0.0,0.0,0.0,0.0,0.0,normal
0,tcp,http,SF,167,2466,0,0,0,0,0,1,0,0,0,0,0,0,0,0,0,0,5,5,0.0,0.0,0.0,0.0,1.0,0.0,0.0,5,255,1.0,0.0,0.2,0.04,0.0,0.0,0.0,0.0,normal
2,tcp,smtp,SF,673,330,0,0,0,0,0,1,0,0,0,0,0,0,0,0,0,0,1,2,0.0,0.0,0.0,0.0,1.0,0.0,1.0,193,144,0.75,0.03,0.01,0.0,0.0,0.0,0.0,0.0,normal
0,tcp,other,REJ,0,0,0,0,0,0,0,0,0,0,0,0,0,0,0,0,0,0,461,1,0.08,0.0,0.92,1.0,0.0,1.0,0.0,255,1,0.0,1.0,0.0,0.0,0.05,0.0,0.95,1.0,satan
0,tcp,private,REJ,0,0,0,0,0,0,0,0,0,0,0,0,0,0,0,0,0,0,243,5,0.0,0.0,1.0,1.0,0.02,0.07,0.0,255,5,0.02,0.08,0.0,0.0,0.0,0.0,1.0,1.0,neptune
0,tcp,http,SF,339,1315,0,0,0,0,0,1,0,0,0,0,0,0,0,0,0,0,36,36,0.0,0.0,0.0,0.0,1.0,0.0,0.0,255,255,1.0,0.0,0.0,0.0,0.0,0.0,0.0,0.0,normal
0,tcp,echo,RSTO,0,0,0,0,0,0,0,0,0,0,0,0,0,0,0,0,0,0,258,8,0.0,0.0,1.0,1.0,0.03,0.06,0.0,255,8,0.03,0.06,0.0,0.0,0.0,0.0,1.0,1.0,neptune
0,tcp,shell,RSTO,0,0,0,0,0,0,0,0,0,0,0,0,0,0,0,0,0,0,138,19,0.0,0.0,1.0,1.0,0.14,0.06,0.0,255,19,0.07,0.06,0.0,0.0,0.0,0.0,1.0,1.0,neptune
0,tcp,http,SF,207,7303,0,0,0,0,0,1,0,0,0,0,0,0,0,0,0,0,2,2,0.0,0.0,0.0,0.0,1.0,0.0,0.0,210,255,1.0,0.0,0.0,0.01,0.0,0.0,0.0,0.0,normal
0,tcp,http,SF,184,353,0,0,0,0,0,1,0,0,0,0,0,0,0,0,0,0,14,15,0.0,0.0,0.0,0.0,1.0,0.0,0.13,16,255,1.0,0.0,0.06,0.04,0.0,0.0,0.0,0.0,normal
0,tcp,http,SF,54540,8314,0,0,0,2,0,1,1,0,0,0,0,0,0,0,0,0,4,5,0.0,0.0,0.0,0.0,1.0,0.0,0.4,255,255,1.0,0.0,0.0,0.0,0.0,0.0,0.05,0.05,back
3,tcp,telnet,SF,0,48,0,0,0,0,0,0,0,0,0,0,0,0,0,0,0,0,4,13,0.0,0.08,0.5,0.38,0.5,0.75,0.54,184,92,0.5,0.02,0.01,0.0,0.0,0.0,0.64,0.27,mscan
1,tcp,imap4,RSTO,0,44,0,0,0,0,0,0,0,0,0,0,0,0,0,0,0,0,2,2,0.0,0.0,1.0,1.0,0.5,1.0,1.0,232,58,0.23,0.02,0.0,0.03,0.01,0.02,0.87,0.97,mscan
0,tcp,private,REJ,0,0,0,0,0,0,0,0,0,0,0,0,0,0,0,0,0,0,110,2,0.0,0.0,1.0,1.0,0.02,0.08,0.0,255,2,0.01,0.07,0.0,0.0,0.0,0.0,1.0,1.0,neptune
0,tcp,private,REJ,0,0,0,0,0,0,0,0,0,0,0,0,0,0,0,0,0,0,285,3,0.0,0.0,1.0,1.0,0.01,0.06,0.0,255,3,0.01,0.06,0.0,0.0,0.0,0.0,1.0,1.0,neptune
0,tcp,private,S0,0,0,0,0,0,0,0,0,0,0,0,0,0,0,0,0,0,0,144,18,1.0,1.0,0.0,0.0,0.12,0.06,0.0,255,18,0.07,0.06,0.0,0.0,1.0,1.0,0.0,0.0,neptune
0,tcp,other,REJ,0,0,0,0,0,0,0,0,0,0,0,0,0,0,0,0,0,0,458,1,0.13,0.0,0.87,1.0,0.0,1.0,0.0,255,1,0.0,0.9,0.0,0.0,0.14,0.0,0.86,1.0,satan
0,tcp,http,SF,262,2337,0,0,0,0,0,1,0,0,0,0,0,0,0,0,0,0,26,26,0.0,0.0,0.0,0.0,1.0,0.0,0.0,115,255,1.0,0.0,0.01,0.02,0.0,0.0,0.0,0.0,normal
0,tcp,efs,REJ,0,0,0,0,0,0,0,0,0,0,0,0,0,0,0,0,0,0,111,4,0.0,0.0,1.0,1.0,0.04,0.06,0.0,255,4,0.02,0.05,0.0,0.0,0.0,0.0,1.0,1.0,neptune
0,tcp,telnet,S0,0,0,0,0,0,0,0,0,0,0,0,0,0,0,0,0,0,0,1,6,1.0,0.33,0.0,0.67,1.0,0.0,1.0,7,86,0.43,0.43,0.14,0.03,1.0,1.0,0.0,0.0,mscan
0,udp,private,SF,1,1,0,0,0,0,0,0,0,0,0,0,0,0,0,0,0,0,53,1,0.0,0.0,0.0,0.0,0.02,1.0,0.0,255,1,0.0,0.66,0.92,0.0,0.0,0.0,0.08,0.0,satan
0,tcp,private,REJ,0,0,0,0,0,0,0,0,0,0,0,0,0,0,0,0,0,0,277,17,0.0,0.0,1.0,1.0,0.06,0.06,0.0,255,17,0.07,0.06,0.0,0.0,0.0,0.0,1.0,1.0,neptune
0,tcp,http,SF,285,280,0,0,0,0,0,1,0,0,0,0,0,0,0,0,0,0,3,3,0.0,0.0,0.0,0.0,1.0,0.0,0.0,255,255,1.0,0.0,0.0,0.0,0.0,0.0,0.0,0.0,normal
1,tcp,smtp,SF,2599,293,0,0,0,0,0,1,0,0,0,0,0,0,0,0,0,0,2,2,0.0,0.0,0.0,0.0,1.0,0.0,0.0,255,153,0.6,0.13,0.0,0.0,0.0,0.0,0.39,0.0,mailbomb
4,tcp,telnet,SF,24,1254,0,0,0,0,0,0,0,0,0,0,0,0,0,0,0,0,4,35,0.0,0.14,0.75,0.51,0.5,0.75,0.66,6,85,0.33,0.67,0.17,0.04,0.0,0.01,0.5,0.67,mscan
0,tcp,http,S0,0,0,0,0,0,0,0,0,0,0,0,0,0,0,0,0,0,0,89,89,1.0,1.0,0.0,0.0,1.0,0.0,0.0,255,255,1.0,0.0,0.0,0.0,0.48,0.48,0.5,0.5,apache2
0,udp,private,SF,28,0,0,3,0,0,0,0,0,0,0,0,0,0,0,0,0,0,94,94,0.0,0.0,0.0,0.0,1.0,0.0,0.0,114,94,0.82,0.03,0.82,0.0,0.0,0.0,0.0,0.0,teardrop
0,tcp,http,SF,236,274,0,0,0,0,0,1,0,0,0,0,0,0,0,0,0,0,15,15,0.0,0.0,0.0,0.0,1.0,0.0,0.0,15,255,1.0,0.0,0.07,0.04,0.0,0.0,0.0,0.0,normal
0,udp,domain_u,SF,45,45,0,0,0,0,0,0,0,0,0,0,0,0,0,0,0,0,160,160,0.0,0.0,0.0,0.0,1.0,0.0,0.0,255,254,1.0,0.01,0.0,0.0,0.0,0.0,0.0,0.0,normal
0,tcp,domain,REJ,0,0,0,0,0,0,0,0,0,0,0,0,0,0,0,0,0,0,212,14,0.0,0.0,1.0,1.0,0.07,0.07,0.0,255,14,0.05,0.07,0.0,0.0,0.0,0.0,1.0,1.0,neptune
0,tcp,private,REJ,0,0,0,0,0,0,0,0,0,0,0,0,0,0,0,0,0,0,223,8,0.0,0.0,1.0,1.0,0.04,0.07,0.0,255,8,0.03,0.08,0.0,0.0,0.0,0.0,1.0,1.0,neptune
0,tcp,http,SF,321,864,0,0,0,0,0,1,0,0,0,0,0,0,0,0,0,0,36,36,0.0,0.0,0.0,0.0,1.0,0.0,0.0,255,255,1.0,0.0,0.0,0.0,0.0,0.0,0.0,0.0,normal
0,tcp,http,SF,229,359,0,0,0,0,0,1,0,0,0,0,0,0,0,0,0,0,13,13,0.0,0.0,0.0,0.0,1.0,0.0,0.0,147,213,1.0,0.0,0.01,0.03,0.0,0.0,0.0,0.0,normal
282,tcp,ftp,SF,164,599,0,0,0,2,0,1,0,0,0,0,0,0,0,0,0,1,1,1,0.0,0.0,0.0,0.0,1.0,0.0,0.0,255,18,0.07,0.93,0.0,0.0,0.0,0.0,0.93,0.0,warezmaster
0,tcp,telnet,S0,0,0,0,0,0,0,0,0,0,0,0,0,0,0,0,0,0,0,1,5,1.0,0.2,0.0,0.4,1.0,0.0,0.6,130,85,0.34,0.02,0.01,0.02,1.0,0.52,0.0,0.24,mscan
899,tcp,http,RSTR,75904,0,0,0,0,0,0,1,0,0,0,0,0,0,0,0,0,0,34,34,0.06,0.06,0.94,0.94,1.0,0.0,0.0,255,255,1.0,0.0,0.0,0.0,0.01,0.01,0.61,0.61,apache2
0,tcp,http,SF,226,2084,0,0,0,0,0,1,0,0,0,0,0,0,0,0,0,0,2,2,0.0,0.0,0.0,0.0,1.0,0.0,0.0,200,255,1.0,0.0,0.0,0.01,0.0,0.0,0.0,0.0,normal
0,tcp,other,REJ,0,0,0,0,0,0,0,0,0,0,0,0,0,0,0,0,0,0,414,1,0.15,0.0,0.83,1.0,0.0,1.0,0.0,255,1,0.0,0.93,0.0,0.0,0.16,0.0,0.83,1.0,satan
282,tcp,ftp,SF,164,599,0,0,0,2,0,1,0,0,0,0,0,0,0,0,0,1,1,1,0.0,0.0,0.0,0.0,1.0,0.0,0.0,255,17,0.07,0.94,0.0,0.0,0.0,0.0,0.93,0.0,warezmaster
2077,tcp,http,RSTR,72564,0,0,0,0,0,0,1,0,0,0,0,0,0,0,0,0,0,9,9,0.0,0.0,1.0,1.0,1.0,0.0,0.0,255,232,0.91,0.02,0.0,0.0,0.0,0.0,0.1,0.11,apache2
0,tcp,private,REJ,0,0,0,0,0,0,0,0,0,0,0,0,0,0,0,0,0,0,253,10,0.0,0.0,1.0,1.0,0.04,0.06,0.0,255,10,0.04,0.06,0.0,0.0,0.0,0.0,1.0,1.0,neptune
0,tcp,http,SF,297,4812,0,0,0,0,0,1,0,0,0,0,0,0,0,0,0,0,1,72,0.0,0.0,0.0,0.0,1.0,0.0,0.06,3,249,1.0,0.0,0.33,0.03,0.0,0.0,0.0,0.0,normal
0,tcp,http,SF,426,1203,0,0,0,0,0,1,0,0,0,0,0,0,0,0,0,0,51,51,0.0,0.0,0.0,0.0,1.0,0.0,0.0,255,255,1.0,0.0,0.0,0.0,0.0,0.0,0.0,0.0,normal
0,icmp,ecr_i,SF,1008,0,0,0,0,0,0,0,0,0,0,0,0,0,0,0,0,0,403,403,0.0,0.0,0.0,0.0,1.0,0.0,0.0,255,255,1.0,0.0,1.0,0.0,0.0,0.0,0.0,0.0,smurf
0,tcp,imap4,REJ,0,0,0,0,0,0,0,0,0,0,0,0,0,0,0,0,0,0,3,30,0.0,0.0,1.0,0.97,0.33,1.0,1.0,255,13,0.05,0.03,0.0,0.0,0.0,0.0,0.17,1.0,mscan
0,tcp,http,SF,221,451,0,0,0,0,0,1,0,0,0,0,0,0,0,0,0,0,9,11,0.0,0.0,0.0,0.0,1.0,0.0,0.27,38,255,1.0,0.0,0.03,0.04,0.0,0.0,0.0,0.0,normal
0,tcp,http,SF,245,6856,0,0,0,0,0,1,0,0,0,0,0,0,0,0,0,0,11,21,0.0,0.0,0.0,0.0,1.0,0.0,0.19,22,247,1.0,0.0,0.05,0.01,0.0,0.0,0.0,0.0,normal
0,tcp,http,SF,308,1476,0,0,0,0,0,1,0,0,0,0,0,0,0,0,0,0,19,22,0.0,0.0,0.0,0.0,1.0,0.0,0.09,122,255,1.0,0.0,0.01,0.04,0.0,0.0,0.0,0.0,normal
0,tcp,telnet,RSTO,0,0,0,0,0,0,0,0,0,0,0,0,0,0,0,0,0,0,245,18,0.01,0.0,0.99,1.0,0.07,0.06,0.0,255,18,0.07,0.07,0.0,0.0,0.01,0.0,0.99,1.0,neptune
0,udp,other,SF,1,1,0,0,0,0,0,0,0,0,0,0,0,0,0,0,0,0,20,1,0.0,0.0,0.0,0.0,0.05,0.8,0.0,255,1,0.0,0.52,0.97,0.0,0.0,0.0,0.03,0.0,satan
1,tcp,smtp,SF,1366,330,0,0,0,0,0,1,0,0,0,0,0,0,0,0,0,0,1,2,0.0,0.0,0.0,0.0,1.0,0.0,1.0,114,127,0.93,0.03,0.01,0.02,0.0,0.0,0.0,0.0,normal
0,udp,domain_u,SF,46,128,0,0,0,0,0,0,0,0,0,0,0,0,0,0,0,0,122,202,0.0,0.0,0.0,0.0,0.99,0.02,0.01,255,254,1.0,0.01,0.0,0.0,0.0,0.0,0.0,0.0,normal
0,tcp,http,SF,198,765,0,0,0,0,0,1,0,0,0,0,0,0,0,0,0,0,34,34,0.0,0.0,0.0,0.0,1.0,0.0,0.0,255,255,1.0,0.0,0.0,0.0,0.0,0.0,0.0,0.0,normal
0,tcp,telnet,REJ,0,0,0,0,0,0,0,0,0,0,0,0,0,0,0,0,0,0,3,28,0.0,0.18,1.0,0.75,0.33,1.0,0.96,254,8,0.03,0.03,0.0,0.0,0.0,0.12,0.09,0.75,mscan
0,tcp,imap4,REJ,0,0,0,0,0,0,0,0,0,0,0,0,0,0,0,0,0,0,2,16,0.0,0.0,1.0,0.94,0.5,1.0,1.0,27,60,0.26,0.19,0.04,0.03,0.0,0.0,0.85,0.98,mscan
0,tcp,http,SF,192,942,0,0,0,0,0,1,0,0,0,0,0,0,0,0,0,0,1,12,0.0,0.0,0.0,0.0,1.0,0.0,0.25,56,106,1.0,0.0,0.02,0.04,0.0,0.0,0.0,0.0,normal
0,tcp,efs,REJ,0,0,0,0,0,0,0,0,0,0,0,0,0,0,0,0,0,0,119,19,0.0,0.0,1.0,1.0,0.16,0.05,0.0,255,19,0.07,0.05,0.0,0.0,0.0,0.0,1.0,1.0,neptune
0,tcp,other,REJ,0,0,0,0,0,0,0,0,0,0,0,0,0,0,0,0,0,0,431,1,0.06,0.0,0.94,1.0,0.0,1.0,0.0,255,1,0.0,1.0,0.0,0.0,0.06,0.0,0.94,1.0,saint
5,tcp,pop_3,SF,28,93,0,0,0,0,0,1,0,0,0,0,0,0,0,0,0,0,1,1,0.0,0.0,0.0,0.0,1.0,0.0,0.0,12,13,1.0,0.0,0.08,0.15,0.0,0.0,0.0,0.0,guess_passwd
0,udp,domain_u,SF,46,135,0,0,0,0,0,0,0,0,0,0,0,0,0,0,0,0,73,153,0.0,0.0,0.0,0.0,1.0,0.0,0.01,255,255,1.0,0.0,0.0,0.0,0.0,0.0,0.0,0.0,normal
7542,tcp,telnet,SF,0,44,0,0,0,0,0,0,0,0,0,0,0,0,0,0,0,0,1,1,0.0,0.0,0.0,0.0,1.0,0.0,0.0,255,172,0.67,0.31,0.0,0.0,0.5,0.74,0.3,0.01,processtable
0,tcp,other,REJ,0,0,0,0,0,0,0,0,0,0,0,0,0,0,0,0,0,0,472,1,0.06,0.0,0.94,1.0,0.0,1.0,0.0,255,1,0.0,1.0,0.0,0.0,0.05,0.0,0.95,1.0,saint
0,tcp,http,SF,304,2966,0,0,0,0,0,1,0,0,0,0,0,0,0,0,0,0,1,4,0.0,0.0,0.0,0.0,1.0,0.0,0.5,1,255,1.0,0.0,1.0,0.07,0.0,0.0,0.0,0.0,normal
0,tcp,http,SF,322,10258,0,0,0,0,0,1,0,0,0,0,0,0,0,0,0,0,42,42,0.0,0.0,0.0,0.0,1.0,0.0,0.0,42,108,1.0,0.0,0.02,0.06,0.0,0.0,0.0,0.0,normal
0,udp,domain_u,SF,46,46,0,0,0,0,0,0,0,0,0,0,0,0,0,0,0,0,159,159,0.0,0.0,0.0,0.0,1.0,0.0,0.0,255,254,1.0,0.01,0.0,0.0,0.0,0.0,0.0,0.0,normal
0,tcp,private,REJ,0,0,0,0,0,0,0,0,0,0,0,0,0,0,0,0,0,0,222,12,0.0,0.0,1.0,1.0,0.05,0.07,0.0,255,12,0.05,0.07,0.0,0.0,0.0,0.0,1.0,1.0,neptune
0,tcp,http,SF,311,1689,0,0,0,0,0,1,0,0,0,0,0,0,0,0,0,0,13,13,0.0,0.0,0.0,0.0,1.0,0.0,0.0,67,255,1.0,0.0,0.01,0.02,0.0,0.0,0.0,0.0,normal
282,tcp,ftp,SF,158,597,0,0,0,2,0,1,0,0,0,0,0,0,0,0,0,1,1,1,0.0,0.0,0.0,0.0,1.0,0.0,0.0,255,7,0.03,0.02,0.0,0.0,0.89,0.0,0.01,0.0,warezmaster
1,tcp,smtp,SF,2599,293,0,0,0,0,0,1,0,0,0,0,0,0,0,0,0,0,2,2,0.0,0.0,0.0,0.0,1.0,0.0,0.0,255,205,0.8,0.13,0.0,0.0,0.0,0.0,0.18,0.0,mailbomb
4,tcp,pop_3,SF,28,93,0,0,0,0,0,1,0,0,0,0,0,0,0,0,0,0,1,1,0.0,0.0,0.0,0.0,1.0,0.0,0.0,124,109,0.87,0.02,0.01,0.02,0.0,0.0,0.08,0.0,guess_passwd
0,tcp,private,S0,0,0,0,0,0,0,0,0,0,0,0,0,0,0,0,0,0,0,142,14,1.0,1.0,0.0,0.0,0.1,0.06,0.0,255,14,0.05,0.06,0.0,0.0,1.0,1.0,0.0,0.0,neptune
0,tcp,pop_3,REJ,0,0,0,0,0,0,0,0,0,0,0,0,0,0,0,0,0,0,1,23,0.0,0.04,1.0,0.65,1.0,0.0,1.0,229,2,0.01,0.03,0.0,0.0,0.0,0.0,0.02,1.0,mscan
899,tcp,http,RSTR,55744,0,0,0,0,0,0,1,0,0,0,0,0,0,0,0,0,0,32,32,0.06,0.06,0.94,0.94,1.0,0.0,0.0,255,255,1.0,0.0,0.0,0.0,0.01,0.01,0.6,0.6,apache2
0,tcp,http,SF,202,314,0,0,0,0,0,1,0,0,0,0,0,0,0,0,0,0,38,38,0.0,0.0,0.0,0.0,1.0,0.0,0.0,255,255,1.0,0.0,0.0,0.0,0.0,0.0,0.0,0.0,normal
0,icmp,eco_i,SF,8,0,0,0,0,0,0,0,0,0,0,0,0,0,0,0,0,0,1,45,0.0,0.0,0.0,0.0,1.0,0.0,1.0,1,25,1.0,0.0,1.0,0.52,0.0,0.0,0.0,0.0,ipsweep
0,tcp,http,SF,205,809,0,0,0,0,0,1,0,0,0,0,0,0,0,0,0,0,5,7,0.0,0.0,0.0,0.0,1.0,0.0,0.43,255,255,1.0,0.0,0.0,0.0,0.0,0.0,0.0,0.0,normal
0,udp,private,SF,105,0,0,0,0,0,0,0,0,0,0,0,0,0,0,0,0,0,1,1,0.0,0.0,0.0,0.0,1.0,0.0,0.0,255,255,1.0,0.0,0.0,0.0,0.0,0.0,0.0,0.0,normal
0,tcp,private,REJ,0,0,0,0,0,0,0,0,0,0,0,0,0,0,0,0,0,0,249,18,0.0,0.0,1.0,1.0,0.07,0.07,0.0,255,18,0.07,0.07,0.0,0.0,0.0,0.0,1.0,1.0,neptune
0,icmp,ecr_i,SF,520,0,0,0,0,0,0,0,0,0,0,0,0,0,0,0,0,0,510,510,0.0,0.0,0.0,0.0,1.0,0.0,0.0,176,176,1.0,0.0,1.0,0.0,0.0,0.0,0.0,0.0,smurf
0,tcp,http,SF,313,1914,0,0,0,0,0,1,0,0,0,0,0,0,0,0,0,0,15,15,0.0,0.0,0.0,0.0,1.0,0.0,0.0,255,255,1.0,0.0,0.0,0.0,0.0,0.0,0.0,0.0,normal
0,tcp,private,REJ,0,0,0,0,0,0,0,0,0,0,0,0,0,0,0,0,0,0,138,15,0.0,0.0,1.0,1.0,0.11,0.06,0.0,255,15,0.06,0.05,0.0,0.0,0.0,0.0,1.0,1.0,neptune
0,tcp,http,SF,262,585,0,0,0,0,0,1,0,0,0,0,0,0,0,0,0,0,1,7,0.0,0.0,0.0,0.0,1.0,0.0,0.29,24,154,1.0,0.0,0.04,0.02,0.04,0.71,0.0,0.0,normal
904,tcp,telnet,SF,682,23015,0,0,0,0,0,1,4,0,0,0,0,0,0,0,0,0,1,1,0.0,0.0,0.0,0.0,1.0,0.0,0.0,255,206,0.81,0.02,0.0,0.0,0.78,0.97,0.02,0.0,normal
0,tcp,private,RSTO,0,0,0,0,0,0,0,0,0,0,0,0,0,0,0,0,0,0,130,19,0.0,0.0,1.0,1.0,0.15,0.06,0.0,255,19,0.07,0.05,0.0,0.0,0.0,0.0,1.0,1.0,neptune
0,tcp,finger,SF,9,44,0,0,0,0,0,0,0,0,0,0,0,0,0,0,0,0,3,3,0.0,0.0,0.0,0.0,1.0,0.0,0.0,255,5,0.02,0.98,0.0,0.0,0.06,0.0,0.92,0.0,saint
0,udp,private,SF,105,146,0,0,0,0,0,0,0,0,0,0,0,0,0,0,0,0,2,2,0.0,0.0,0.0,0.0,1.0,0.0,0.0,214,213,1.0,0.01,0.0,0.0,0.0,0.0,0.0,0.0,normal
0,tcp,private,REJ,0,0,0,0,0,0,0,0,0,0,0,0,0,0,0,0,0,0,288,12,0.0,0.0,1.0,1.0,0.04,0.06,0.0,255,12,0.05,0.07,0.0,0.0,0.0,0.0,1.0,1.0,neptune
0,udp,domain_u,SF,46,77,0,0,0,0,0,0,0,0,0,0,0,0,0,0,0,0,373,373,0.0,0.0,0.0,0.0,1.0,0.0,0.0,255,254,1.0,0.01,0.0,0.0,0.0,0.0,0.0,0.0,normal
0,icmp,ecr_i,SF,508,0,0,0,0,0,0,0,0,0,0,0,0,0,0,0,0,0,494,494,0.0,0.0,0.0,0.0,1.0,0.0,0.0,255,255,1.0,0.0,1.0,0.0,0.0,0.0,0.0,0.0,smurf
0,tcp,http,SF,224,356,0,0,0,0,0,1,0,0,0,0,0,0,0,0,0,0,1,15,0.0,0.0,0.0,0.0,1.0,0.0,0.2,2,255,1.0,0.0,0.5,0.06,0.0,0.0,0.0,0.0,normal
0,icmp,eco_i,SF,20,0,0,0,0,0,0,0,0,0,0,0,0,0,0,0,0,0,1,42,0.0,0.0,0.0,0.0,1.0,0.0,1.0,1,42,1.0,0.0,1.0,0.29,0.0,0.0,0.0,0.0,saint
0,tcp,http,SF,297,2247,0,0,0,0,0,1,0,0,0,0,0,0,0,0,0,0,16,16,0.0,0.0,0.0,0.0,1.0,0.0,0.0,39,255,1.0,0.0,0.03,0.03,0.0,0.0,0.0,0.0,normal
0,tcp,telnet,SF,121,188,0,0,0,0,1,0,0,0,0,0,0,0,0,0,0,0,1,1,0.0,0.0,0.0,0.0,1.0,0.0,0.0,255,171,0.67,0.02,0.0,0.0,0.0,0.0,0.02,0.03,guess_passwd
0,icmp,eco_i,SF,18,0,0,0,0,0,0,0,0,0,0,0,0,0,0,0,0,0,1,1,0.0,0.0,0.0,0.0,1.0,0.0,0.0,1,40,1.0,0.0,1.0,1.0,0.0,0.0,0.0,0.0,ipsweep
0,tcp,ctf,REJ,0,0,0,0,0,0,0,0,0,0,0,0,0,0,0,0,0,0,104,3,0.0,0.0,1.0,1.0,0.03,0.08,0.0,255,3,0.01,0.07,0.0,0.0,0.08,0.0,0.92,1.0,neptune
939,tcp,http,RSTR,55044,0,0,0,0,0,0,1,0,0,0,0,0,0,0,0,0,0,44,44,0.02,0.02,0.95,0.95,1.0,0.0,0.0,255,255,1.0,0.0,0.0,0.0,0.0,0.0,0.16,0.16,apache2
0,tcp,http,SF,297,714,0,0,0,0,0,1,0,0,0,0,0,0,0,0,0,0,3,4,0.0,0.0,0.0,0.0,1.0,0.0,0.5,87,255,1.0,0.0,0.01,0.03,0.0,0.0,0.0,0.0,normal
0,tcp,http,SF,282,6030,0,0,0,0,0,1,0,0,0,0,0,0,0,0,0,0,11,11,0.09,0.09,0.0,0.0,1.0,0.0,0.0,11,255,1.0,0.0,0.09,0.02,0.09,0.0,0.0,0.0,normal
0,udp,private,SF,1,1,0,0,0,0,0,0,0,0,0,0,0,0,0,0,0,0,54,1,0.0,0.0,0.0,0.0,0.02,1.0,0.0,255,1,0.0,0.72,1.0,0.0,0.0,0.0,0.0,0.0,satan
0,tcp,http,SF,258,1309,0,0,0,0,0,1,0,0,0,0,0,0,0,0,0,0,24,24,0.0,0.0,0.0,0.0,1.0,0.0,0.0,56,255,1.0,0.0,0.02,0.02,0.0,0.0,0.0,0.0,normal
2,tcp,pop_3,RSTO,0,36,0,0,0,0,0,1,0,0,0,0,0,0,0,0,0,0,3,6,0.0,0.0,1.0,1.0,0.33,1.0,1.0,179,59,0.25,0.03,0.01,0.03,0.01,0.02,0.89,0.97,mscan
0,tcp,http,SF,223,2633,0,0,0,0,0,1,0,0,0,0,0,0,0,0,0,0,5,5,0.0,0.0,0.0,0.0,1.0,0.0,0.0,69,255,1.0,0.0,0.01,0.04,0.0,0.0,0.0,0.0,normal
0,tcp,link,REJ,0,0,0,0,0,0,0,0,0,0,0,0,0,0,0,0,0,0,126,5,0.0,0.0,1.0,1.0,0.04,0.07,0.0,255,5,0.02,0.06,0.0,0.0,0.0,0.0,1.0,1.0,neptune
0,tcp,iso_tsap,REJ,0,0,0,0,0,0,0,0,0,0,0,0,0,0,0,0,0,0,291,16,0.0,0.0,1.0,1.0,0.05,0.06,0.0,255,16,0.06,0.07,0.0,0.0,0.0,0.0,1.0,1.0,neptune
0,udp,domain_u,SF,44,134,0,0,0,0,0,0,0,0,0,0,0,0,0,0,0,0,40,194,0.0,0.0,0.0,0.0,1.0,0.0,0.01,171,216,0.88,0.01,0.88,0.01,0.0,0.0,0.06,0.0,normal
0,icmp,eco_i,SF,20,0,0,0,0,0,0,0,0,0,0,0,0,0,0,0,0,0,1,75,0.0,0.0,0.0,0.0,1.0,0.0,1.0,3,147,1.0,0.0,1.0,0.25,0.0,0.0,0.0,0.0,saint
4,tcp,pop_3,SF,30,93,0,0,0,0,0,1,0,0,0,0,0,0,0,0,0,0,1,1,0.0,0.0,0.0,0.0,1.0,0.0,0.0,255,213,0.84,0.02,0.0,0.0,0.0,0.0,0.04,0.0,guess_passwd
0,tcp,vmnet,S0,0,0,0,0,0,0,0,0,0,0,0,0,0,0,0,0,0,0,178,17,1.0,1.0,0.0,0.0,0.1,0.1,0.0,255,17,0.07,0.1,0.0,0.0,1.0,1.0,0.0,0.0,neptune
0,tcp,private,REJ,0,0,0,0,0,0,0,0,0,0,0,0,0,0,0,0,0,0,149,12,0.0,0.0,1.0,1.0,0.08,0.05,0.0,255,12,0.05,0.05,0.0,0.0,0.0,0.0,1.0,1.0,neptune
0,tcp,sunrpc,REJ,0,0,0,0,0,0,0,0,0,0,0,0,0,0,0,0,0,0,4,1,0.0,0.0,0.75,1.0,0.25,1.0,0.0,148,52,0.19,0.03,0.01,0.04,0.0,0.0,0.89,1.0,mscan
0,tcp,http,SF,215,1047,0,0,0,0,0,1,0,0,0,0,0,0,0,0,0,0,1,8,0.0,0.0,0.0,0.0,1.0,0.0,0.25,255,255,1.0,0.0,0.0,0.0,0.01,0.01,0.0,0.0,normal
1021,tcp,http,RSTR,3944,0,0,0,0,0,0,1,0,0,0,0,0,0,0,0,0,0,73,73,0.01,0.01,0.97,0.97,1.0,0.0,0.0,255,255,1.0,0.0,0.0,0.0,0.0,0.0,0.28,0.28,apache2
0,tcp,domain,S0,0,0,0,0,0,0,0,0,0,0,0,0,0,0,0,0,0,0,150,5,1.0,1.0,0.0,0.0,0.03,0.1,0.0,255,5,0.02,0.1,0.0,0.0,1.0,1.0,0.0,0.0,neptune
1,tcp,smtp,SF,15216,327,0,0,0,0,0,1,0,0,0,0,0,0,0,0,0,0,1,3,0.0,0.0,0.0,0.0,1.0,0.0,1.0,21,192,0.9,0.14,0.05,0.01,0.0,0.0,0.0,0.01,normal
0,tcp,http,SF,212,2531,0,0,0,0,0,1,0,0,0,0,0,0,0,0,0,0,8,8,0.0,0.0,0.0,0.0,1.0,0.0,0.0,255,255,1.0,0.0,0.0,0.0,0.0,0.0,0.0,0.0,normal
0,tcp,telnet,SF,0,15,0,0,0,0,0,0,0,0,0,0,0,0,0,0,0,0,3,2,0.0,0.0,0.33,0.0,0.67,0.67,0.0,193,90,0.36,0.03,0.01,0.02,0.0,0.0,0.87,0.66,mscan
0,tcp,smtp,SF,794,333,0,0,0,0,0,1,0,0,0,0,0,0,0,0,0,0,1,1,0.0,0.0,0.0,0.0,1.0,0.0,0.0,100,141,0.72,0.06,0.01,0.01,0.01,0.0,0.0,0.0,normal
0,tcp,http,SF,321,4405,0,0,0,0,0,1,0,0,0,0,0,0,0,0,0,0,9,10,0.0,0.0,0.0,0.0,1.0,0.0,0.2,13,255,1.0,0.0,0.08,0.03,0.0,0.0,0.0,0.0,normal
0,tcp,smtp,SF,856,334,0,0,0,0,0,1,0,0,0,0,0,0,0,0,0,0,1,1,0.0,0.0,0.0,0.0,1.0,0.0,0.0,74,65,0.55,0.04,0.01,0.03,0.0,0.0,0.0,0.0,normal
0,tcp,http,SF,309,17273,0,0,0,0,0,1,0,0,0,0,0,0,0,0,0,0,13,13,0.0,0.0,0.0,0.0,1.0,0.0,0.0,255,255,1.0,0.0,0.0,0.0,0.0,0.0,0.0,0.0,normal
0,tcp,http,SF,207,638,0,0,0,0,0,1,0,0,0,0,0,0,0,0,0,0,14,14,0.0,0.0,0.0,0.0,1.0,0.0,0.0,255,255,1.0,0.0,0.0,0.0,0.0,0.0,0.0,0.0,normal
0,tcp,http,SF,207,430,0,0,0,0,0,1,0,0,0,0,0,0,0,0,0,0,6,32,0.0,0.0,0.0,0.0,1.0,0.0,0.09,126,253,1.0,0.0,0.01,0.02,0.0,0.0,0.0,0.0,normal
0,tcp,imap4,S0,0,0,0,0,0,0,0,0,0,0,0,0,0,0,0,0,0,0,260,17,1.0,1.0,0.0,0.0,0.07,0.07,0.0,255,17,0.07,0.07,0.0,0.0,1.0,1.0,0.0,0.0,neptune
897,tcp,http,RSTR,57184,0,0,0,0,0,0,1,0,0,0,0,0,0,0,0,0,0,26,26,0.0,0.0,1.0,1.0,1.0,0.0,0.0,255,255,1.0,0.0,0.0,0.0,0.0,0.0,0.55,0.55,apache2
0,tcp,telnet,S3,0,44,0,0,0,0,0,0,0,0,0,0,0,0,0,0,0,0,1,1,1.0,1.0,0.0,0.0,1.0,0.0,0.0,255,84,0.33,0.6,0.0,0.0,0.23,0.7,0.58,0.0,processtable
0,tcp,http,SF,214,1919,0,0,0,0,0,1,0,0,0,0,0,0,0,0,0,0,24,29,0.0,0.0,0.0,0.0,1.0,0.0,0.07,255,255,1.0,0.0,0.0,0.0,0.0,0.0,0.0,0.0,normal
0,udp,private,SF,1,0,0,0,0,0,0,0,0,0,0,0,0,0,0,0,0,0,73,5,0.0,0.0,0.0,0.0,0.07,0.88,0.0,255,9,0.04,0.73,0.95,0.0,0.0,0.0,0.05,0.0,normal
0,udp,domain_u,SF,45,110,0,0,0,0,0,0,0,0,0,0,0,0,0,0,0,0,1,3,0.0,0.0,0.0,0.0,1.0,0.0,0.67,255,251,0.98,0.01,0.0,0.0,0.0,0.0,0.0,0.0,normal
2078,tcp,http,RSTR,72564,0,0,0,0,0,0,1,0,0,0,0,0,0,0,0,0,0,10,10,0.0,0.0,1.0,1.0,1.0,0.0,0.0,255,237,0.93,0.01,0.0,0.0,0.0,0.0,0.18,0.19,apache2
0,tcp,private,S0,0,0,0,0,0,0,0,0,0,0,0,0,0,0,0,0,0,0,140,4,1.0,1.0,0.0,0.0,0.03,0.06,0.0,255,4,0.02,0.05,0.0,0.0,1.0,1.0,0.0,0.0,neptune
0,tcp,http,SF,226,555,0,0,0,0,0,1,0,0,0,0,0,0,0,0,0,0,4,4,0.0,0.0,0.0,0.0,1.0,0.0,0.0,4,255,1.0,0.0,0.25,0.02,0.0,0.01,0.0,0.0,normal
0,tcp,ldap,REJ,0,0,0,0,0,0,0,0,0,0,0,0,0,0,0,0,0,0,130,11,0.0,0.0,1.0,1.0,0.08,0.05,0.0,255,11,0.04,0.05,0.0,0.0,0.0,0.0,1.0,1.0,neptune
4,tcp,pop_3,SF,28,93,0,0,0,0,0,1,0,0,0,0,0,0,0,0,0,0,1,1,0.0,0.0,0.0,0.0,1.0,0.0,0.0,146,129,0.88,0.02,0.01,0.02,0.0,0.0,0.07,0.0,guess_passwd
282,tcp,ftp,SF,162,597,0,0,0,2,0,1,0,0,0,0,0,0,0,0,0,1,1,1,0.0,0.0,0.0,0.0,1.0,0.0,0.0,255,19,0.07,0.71,0.0,0.0,0.0,0.05,0.68,0.0,warezmaster
0,tcp,http,SF,289,26106,0,0,0,0,0,1,0,0,0,0,0,0,0,0,0,0,51,51,0.0,0.0,0.0,0.0,1.0,0.0,0.0,112,255,1.0,0.0,0.01,0.01,0.0,0.0,0.0,0.0,normal
0,tcp,http,SF,309,1645,0,0,0,0,0,1,0,0,0,0,0,0,0,0,0,0,3,3,0.0,0.0,0.0,0.0,1.0,0.0,0.0,119,255,1.0,0.0,0.01,0.02,0.0,0.0,0.0,0.0,normal
902,tcp,http,RSTR,55044,0,0,0,0,0,0,1,0,0,0,0,0,0,0,0,0,0,76,76,0.01,0.01,0.97,0.97,1.0,0.0,0.0,255,255,1.0,0.0,0.0,0.0,0.0,0.0,0.29,0.29,apache2
900,tcp,domain,RSTO,1562,0,0,0,0,0,0,0,0,0,0,0,0,0,0,0,0,0,1,1,0.0,0.0,1.0,1.0,1.0,0.0,0.0,8,3,0.38,0.25,0.12,0.0,0.0,0.0,0.25,0.67,named
0,tcp,http,SF,320,846,0,0,0,0,0,1,0,0,0,0,0,0,0,0,0,0,15,15,0.0,0.0,0.0,0.0,1.0,0.0,0.0,229,255,1.0,0.0,0.0,0.01,0.0,0.0,0.0,0.0,normal
0,tcp,http,SF,287,347,0,0,0,0,0,1,0,0,0,0,0,0,0,0,0,0,30,30,0.0,0.0,0.0,0.0,1.0,0.0,0.0,102,251,1.0,0.0,0.01,0.05,0.0,0.0,0.0,0.0,normal
0,tcp,telnet,RSTO,0,0,0,0,0,0,0,0,0,0,0,0,0,0,0,0,0,0,71,18,0.0,0.0,1.0,1.0,0.25,0.06,0.0,255,58,0.23,0.11,0.01,0.0,0.0,0.0,0.99,1.0,neptune
2,tcp,telnet,SF,24,110,0,0,0,0,0,0,0,0,0,0,0,0,0,0,0,0,3,7,0.0,0.14,0.67,0.43,0.67,0.67,0.57,221,88,0.34,0.02,0.0,0.02,0.04,0.09,0.88,0.62,mscan
282,tcp,ftp,SF,161,597,0,0,0,2,0,1,0,0,0,0,0,0,0,0,0,1,1,1,0.0,0.0,0.0,0.0,1.0,0.0,0.0,255,13,0.05,0.8,0.0,0.0,0.0,0.0,0.78,0.0,warezmaster
0,tcp,telnet,SF,124,174,0,0,0,0,1,0,0,0,0,0,0,0,0,0,0,0,1,1,0.0,0.0,0.0,0.0,1.0,0.0,0.0,255,251,0.98,0.01,0.0,0.0,0.0,0.0,0.02,0.02,guess_passwd
7963,tcp,telnet,SF,0,44,0,0,0,0,0,0,0,0,0,0,0,0,0,0,0,0,1,1,0.0,0.0,0.0,0.0,1.0,0.0,0.0,255,109,0.43,0.02,0.0,0.0,0.55,0.35,0.01,0.01,processtable
903,tcp,http,RSTR,56504,0,0,0,0,0,0,1,0,0,0,0,0,0,0,0,0,0,35,35,0.03,0.03,0.94,0.94,1.0,0.0,0.0,255,255,1.0,0.0,0.0,0.0,0.0,0.0,0.13,0.13,apache2
0,tcp,http,SF,54540,8314,0,0,0,2,0,1,1,0,0,0,0,0,0,0,0,0,3,10,0.0,0.0,0.0,0.0,1.0,0.0,0.3,255,251,0.98,0.01,0.0,0.0,0.0,0.0,0.0,0.0,back
8113,tcp,telnet,S3,1,15,0,0,0,0,0,0,0,0,0,0,0,0,0,0,0,0,1,1,1.0,1.0,0.0,0.0,1.0,0.0,0.0,255,33,0.13,0.77,0.0,0.0,0.04,0.3,0.75,0.0,processtable
2065,tcp,http,RSTR,56504,1,0,0,0,0,0,1,0,0,0,0,0,0,0,0,0,0,10,10,0.0,0.0,1.0,1.0,1.0,0.0,0.0,255,243,0.95,0.01,0.0,0.0,0.02,0.02,0.36,0.38,apache2
0,tcp,http,SF,215,1772,0,0,0,0,0,1,0,0,0,0,0,0,0,0,0,0,4,4,0.0,0.0,0.0,0.0,1.0,0.0,0.0,14,255,1.0,0.0,0.07,0.02,0.0,0.0,0.0,0.0,normal
4,tcp,pop_3,SF,31,93,0,0,0,0,0,1,0,0,0,0,0,0,0,0,0,0,1,1,0.0,0.0,0.0,0.0,1.0,0.0,0.0,255,232,0.91,0.02,0.0,0.0,0.0,0.0,0.05,0.0,guess_passwd
0,tcp,http,SF,257,397,0,0,0,0,0,1,0,0,0,0,0,0,0,0,0,0,9,9,0.0,0.0,0.0,0.0,1.0,0.0,0.0,158,255,1.0,0.0,0.01,0.01,0.0,0.0,0.0,0.0,normal
0,tcp,pop_3,REJ,0,0,0,0,0,0,0,0,0,0,0,0,0,0,0,0,0,0,3,14,0.0,0.0,1.0,1.0,0.33,1.0,1.0,255,16,0.06,0.03,0.0,0.0,0.0,0.0,0.21,0.94,mscan
4,tcp,pop_3,SF,30,93,0,0,0,0,0,1,0,0,0,0,0,0,0,0,0,0,1,1,0.0,0.0,0.0,0.0,1.0,0.0,0.0,255,250,0.98,0.01,0.0,0.0,0.0,0.0,0.02,0.0,guess_passwd
0,tcp,http,SF,200,958,0,0,0,0,0,1,0,0,0,0,0,0,0,0,0,0,4,4,0.0,0.0,0.0,0.0,1.0,0.0,0.0,21,82,1.0,0.0,0.05,0.06,0.0,0.0,0.0,0.0,normal
0,tcp,private,REJ,0,0,0,0,0,0,0,0,0,0,0,0,0,0,0,0,0,0,264,1,0.09,0.0,0.9,1.0,0.0,1.0,0.0,255,1,0.0,0.98,0.0,0.0,0.1,0.0,0.88,1.0,satan
3,tcp,http,SF,231,330,0,0,0,0,0,1,0,0,0,0,0,0,0,0,0,0,1,1,0.0,0.0,0.0,0.0,1.0,0.0,0.0,3,255,1.0,0.0,0.33,0.05,0.0,0.0,0.0,0.0,normal
0,tcp,private,REJ,0,0,0,0,0,0,0,0,0,0,0,0,0,0,0,0,0,0,228,14,0.0,0.0,1.0,1.0,0.06,0.06,0.0,255,14,0.05,0.06,0.0,0.0,0.0,0.0,1.0,1.0,neptune
0,udp,private,SF,105,146,0,0,0,0,0,0,0,0,0,0,0,0,0,0,0,0,2,2,0.0,0.0,0.0,0.0,1.0,0.0,0.0,19,18,0.95,0.11,0.05,0.0,0.0,0.0,0.0,0.0,snmpgetattack
1,tcp,smtp,SF,2599,293,0,0,0,0,0,1,0,0,0,0,0,0,0,0,0,0,3,3,0.0,0.0,0.0,0.0,1.0,0.0,0.0,255,79,0.31,0.14,0.0,0.0,0.0,0.0,0.67,0.0,mailbomb
0,tcp,courier,REJ,0,0,0,0,0,0,0,0,0,0,0,0,0,0,0,0,0,0,127,3,0.0,0.0,1.0,1.0,0.02,0.06,0.0,255,3,0.01,0.05,0.0,0.0,0.0,0.0,1.0,1.0,neptune
0,udp,private,SF,1,0,0,0,0,0,0,0,0,0,0,0,0,0,0,0,0,0,131,19,0.0,0.0,0.0,0.0,0.15,0.58,0.0,255,20,0.08,0.76,1.0,0.0,0.0,0.0,0.0,0.0,normal
283,tcp,ftp,SF,156,591,0,0,0,2,0,1,0,0,0,0,0,0,0,0,0,1,1,1,0.0,0.0,0.0,0.0,1.0,0.0,0.0,255,100,0.39,0.03,0.0,0.0,0.02,0.0,0.01,0.0,warezmaster
0,tcp,telnet,SF,122,174,0,0,0,0,1,0,0,0,0,0,0,0,0,0,0,0,1,1,0.0,0.0,0.0,0.0,1.0,0.0,0.0,255,187,0.73,0.02,0.0,0.0,0.0,0.0,0.02,0.03,guess_passwd
0,tcp,imap4,REJ,0,0,0,0,0,0,0,0,0,0,0,0,0,0,0,0,0,0,2,7,0.0,0.0,1.0,1.0,0.5,1.0,1.0,255,24,0.09,0.02,0.0,0.0,0.09,0.0,0.29,1.0,mscan
0,icmp,eco_i,SF,8,0,0,0,0,0,0,0,0,0,0,0,0,0,0,0,0,0,1,27,0.0,0.0,0.0,0.0,1.0,0.0,1.0,2,20,1.0,0.0,1.0,0.5,0.0,0.0,0.0,0.0,ipsweep
3,tcp,telnet,SF,0,48,0,0,0,0,0,0,0,0,0,0,0,0,0,0,0,0,4,18,0.0,0.06,0.5,0.72,0.5,0.75,0.89,32,16,0.5,0.09,0.03,0.0,0.0,0.0,0.59,0.19,mscan
0,tcp,other,REJ,0,0,0,0,0,0,0,0,0,0,0,0,0,0,0,0,0,0,510,1,0.03,0.0,0.97,1.0,0.0,1.0,0.0,255,1,0.0,1.0,0.0,0.0,0.02,0.0,0.98,1.0,saint
0,udp,domain_u,SF,36,101,0,0,0,0,0,0,0,0,0,0,0,0,0,0,0,0,2,2,0.0,0.0,0.0,0.0,1.0,0.0,0.0,255,234,0.92,0.01,0.01,0.0,0.0,0.0,0.0,0.0,normal
282,tcp,ftp,SF,160,599,0,0,0,2,0,1,0,0,0,0,0,0,0,0,0,1,1,1,0.0,0.0,0.0,0.0,1.0,0.0,0.0,255,77,0.3,0.03,0.0,0.0,0.03,0.0,0.02,0.0,warezmaster
0,tcp,ftp_data,SF,738,0,0,0,0,0,0,0,0,0,0,0,0,0,0,0,0,0,2,2,0.0,0.0,0.0,0.0,1.0,0.0,0.0,228,80,0.31,0.03,0.31,0.03,0.0,0.0,0.0,0.0,normal
0,tcp,http,SF,223,10361,0,0,0,0,0,1,0,0,0,0,0,0,0,0,0,0,9,9,0.0,0.0,0.0,0.0,1.0,0.0,0.0,12,255,1.0,0.0,0.08,0.01,0.0,0.0,0.0,0.0,normal
904,tcp,http,RSTR,56504,0,0,0,0,0,0,1,0,0,0,0,0,0,0,0,0,0,34,34,0.03,0.03,0.94,0.94,1.0,0.0,0.0,255,255,1.0,0.0,0.0,0.0,0.0,0.0,0.13,0.13,apache2
0,tcp,finger,SF,10,222,0,0,0,0,0,0,0,0,0,0,0,0,0,0,0,0,1,1,0.0,0.0,0.0,0.0,1.0,0.0,0.0,66,6,0.03,0.09,0.02,0.33,0.0,0.0,0.0,0.0,normal
0,udp,private,SF,55,52,0,0,0,0,0,0,0,0,0,0,0,0,0,0,0,0,223,223,0.0,0.0,0.0,0.0,1.0,0.0,0.0,255,255,1.0,0.0,0.86,0.0,0.0,0.0,0.0,0.0,normal
0,tcp,ftp_data,SF,12,0,0,0,0,0,0,0,0,0,0,0,0,0,0,0,0,0,1,1,0.0,0.0,0.0,0.0,1.0,0.0,0.0,5,12,1.0,0.0,1.0,0.25,0.0,0.0,0.0,0.0,warezmaster
0,udp,private,SF,53,54,0,0,0,0,0,0,0,0,0,0,0,0,0,0,0,0,511,511,0.0,0.0,0.0,0.0,1.0,0.0,0.0,255,255,1.0,0.0,0.87,0.0,0.0,0.0,0.0,0.0,normal
281,tcp,ftp,SF,158,595,0,0,0,2,0,1,0,0,0,0,0,0,0,0,0,1,1,1,0.0,0.0,0.0,0.0,1.0,0.0,0.0,110,44,0.4,0.05,0.01,0.0,0.0,0.0,0.0,0.0,warezmaster
0,tcp,other,S0,0,0,0,0,0,0,0,0,0,0,0,0,0,0,0,0,0,0,480,1,0.08,1.0,0.92,0.0,0.0,1.0,0.0,255,1,0.0,1.0,0.0,0.0,0.03,1.0,0.97,0.0,satan
0,tcp,http,SF,348,770,0,0,0,0,0,1,0,0,0,0,0,0,0,0,0,0,20,20,0.0,0.0,0.0,0.0,1.0,0.0,0.0,110,253,1.0,0.0,0.01,0.05,0.0,0.0,0.0,0.0,normal
0,tcp,sunrpc,RSTO,0,0,0,0,0,0,0,0,0,0,0,0,0,0,0,0,0,0,207,17,0.0,0.0,1.0,1.0,0.08,0.06,0.0,255,17,0.07,0.05,0.0,0.0,0.0,0.0,1.0,1.0,neptune
0,tcp,http,SF,234,741,0,0,0,0,0,1,0,0,0,0,0,0,0,0,0,0,8,8,0.0,0.0,0.0,0.0,1.0,0.0,0.0,255,255,1.0,0.0,0.0,0.0,0.0,0.0,0.0,0.0,normal
0,tcp,http,SF,317,1015,0,0,0,0,0,1,0,0,0,0,0,0,0,0,0,0,8,8,0.0,0.0,0.0,0.0,1.0,0.0,0.0,44,255,1.0,0.0,0.02,0.04,0.0,0.0,0.0,0.0,normal
0,tcp,private,S0,0,0,0,0,0,0,0,0,0,0,0,0,0,0,0,0,0,0,220,1,1.0,1.0,0.0,0.0,0.0,0.07,0.0,255,1,0.0,0.07,0.0,0.0,1.0,1.0,0.0,0.0,neptune
0,icmp,eco_i,SF,18,0,0,0,0,0,0,0,0,0,0,0,0,0,0,0,0,0,1,1,0.0,0.0,0.0,0.0,1.0,0.0,0.0,1,55,1.0,0.0,1.0,1.0,0.0,0.0,0.0,0.0,ipsweep
280,tcp,ftp_data,SF,283618,0,0,0,0,0,0,0,0,0,0,0,0,0,0,0,0,0,2,2,0.0,0.0,0.0,0.0,1.0,0.0,0.0,6,28,1.0,0.0,1.0,0.14,0.0,0.0,0.0,0.0,warezmaster
0,tcp,http,SF,251,484,0,0,0,0,0,1,0,0,0,0,0,0,0,0,0,0,1,2,0.0,0.0,0.0,0.0,1.0,0.0,1.0,9,178,1.0,0.0,0.11,0.03,0.0,0.0,0.0,0.0,normal
0,udp,private,SF,48,0,0,0,0,0,0,0,0,0,0,0,0,0,0,0,0,0,3,3,0.0,0.0,0.0,0.0,1.0,0.0,0.0,255,254,1.0,0.01,0.02,0.0,0.0,0.0,0.0,0.0,snmpguess
0,tcp,http,SF,54540,8314,0,0,0,2,0,1,1,0,0,0,0,0,0,0,0,0,3,8,0.0,0.0,0.0,0.0,1.0,0.0,0.38,255,254,1.0,0.01,0.0,0.0,0.0,0.0,0.07,0.07,back
0,tcp,imap4,REJ,0,0,0,0,0,0,0,0,0,0,0,0,0,0,0,0,0,0,2,10,0.0,0.0,1.0,1.0,0.5,1.0,1.0,255,13,0.05,0.02,0.0,0.0,0.3,0.0,0.15,1.0,mscan
4,tcp,pop_3,SF,28,93,0,0,0,0,0,1,0,0,0,0,0,0,0,0,0,0,1,1,0.0,0.0,0.0,0.0,1.0,0.0,0.0,255,226,0.89,0.02,0.0,0.0,0.0,0.0,0.02,0.0,guess_passwd
0,tcp,daytime,RSTO,0,0,0,0,0,0,0,0,0,0,0,0,0,0,0,0,0,0,199,16,0.0,0.0,1.0,1.0,0.08,0.06,0.0,255,16,0.06,0.06,0.0,0.0,0.0,0.0,1.0,1.0,neptune
282,tcp,ftp,SF,160,595,0,0,0,2,0,1,0,0,0,0,0,0,0,0,0,1,1,1,0.0,0.0,0.0,0.0,1.0,0.0,0.0,239,82,0.34,0.03,0.0,0.0,0.0,0.0,0.0,0.0,warezmaster
1,tcp,smtp,SF,2599,293,0,0,0,0,0,1,0,0,0,0,0,0,0,0,0,0,2,2,0.0,0.0,0.0,0.0,1.0,0.0,0.0,255,42,0.16,0.16,0.0,0.0,0.0,0.0,0.82,0.0,mailbomb
0,icmp,eco_i,SF,20,0,0,0,0,0,0,0,0,0,0,0,0,0,0,0,0,0,1,56,0.0,0.0,0.0,0.0,1.0,0.0,1.0,2,148,1.0,0.0,1.0,0.26,0.0,0.0,0.0,0.0,saint
0,tcp,http,SF,334,4292,0,0,0,0,0,1,0,0,0,0,0,0,0,0,0,0,15,19,0.0,0.0,0.0,0.0,1.0,0.0,0.16,145,255,1.0,0.0,0.01,0.02,0.0,0.0,0.0,0.0,normal
280,tcp,ftp_data,SF,283618,0,0,0,0,0,0,0,0,0,0,0,0,0,0,0,0,0,1,1,0.0,0.0,0.0,0.0,1.0,0.0,0.0,6,31,0.83,0.33,0.83,0.16,0.0,0.0,0.0,0.0,warezmaster
0,udp,private,SF,1,0,0,0,0,0,0,0,0,0,0,0,0,0,0,0,0,0,134,9,0.0,0.0,0.0,0.0,0.07,0.63,0.0,255,9,0.04,0.56,0.89,0.0,0.0,0.0,0.11,0.0,normal
0,tcp,http,SF,298,1637,0,0,0,0,0,1,0,0,0,0,0,0,0,0,0,0,1,1,0.0,0.0,0.0,0.0,1.0,0.0,0.0,255,255,1.0,0.0,0.0,0.0,0.0,0.0,0.0,0.0,normal
0,tcp,http,SF,265,2813,0,0,0,0,0,1,0,0,0,0,0,0,0,0,0,0,6,13,0.0,0.0,0.0,0.0,1.0,0.0,0.15,20,245,1.0,0.0,0.05,0.03,0.0,0.0,0.0,0.0,normal
0,tcp,http,SF,310,3222,0,0,0,0,0,1,0,0,0,0,0,0,0,0,0,0,4,4,0.0,0.0,0.0,0.0,1.0,0.0,0.0,255,253,0.99,0.01,0.0,0.0,0.0,0.0,0.0,0.0,normal
1,tcp,smtp,SF,2005,328,0,0,0,0,0,1,0,0,0,0,0,0,0,0,0,0,1,1,0.0,0.0,0.0,0.0,1.0,0.0,0.0,234,141,0.58,0.03,0.0,0.01,0.0,0.0,0.0,0.0,normal
7244,tcp,telnet,SF,0,44,0,0,0,0,0,0,0,0,0,0,0,0,0,0,0,0,1,1,0.0,0.0,0.0,0.0,1.0,0.0,0.0,255,248,0.97,0.02,0.0,0.0,0.33,0.34,0.04,0.02,processtable
1,tcp,smtp,SF,11939,1358,0,0,0,0,0,1,0,0,0,0,0,0,0,0,0,0,1,1,0.0,0.0,0.0,0.0,1.0,0.0,0.0,163,224,0.87,0.02,0.01,0.01,0.0,0.0,0.0,0.0,normal
0,tcp,private,REJ,0,0,0,0,0,0,0,0,0,0,0,0,0,0,0,0,0,0,96,10,0.0,0.0,1.0,1.0,0.1,0.06,0.0,255,10,0.04,0.06,0.0,0.0,0.0,0.0,1.0,1.0,neptune
0,tcp,http,SF,302,3804,0,0,0,0,0,1,0,0,0,0,0,0,0,0,0,0,9,11,0.0,0.0,0.0,0.0,1.0,0.0,0.18,43,255,1.0,0.0,0.02,0.03,0.0,0.0,0.0,0.0,normal
0,tcp,http,SF,219,5381,0,0,0,0,0,1,0,0,0,0,0,0,0,0,0,0,13,13,0.0,0.0,0.0,0.0,1.0,0.0,0.0,139,255,1.0,0.0,0.01,0.01,0.0,0.0,0.0,0.0,normal
0,tcp,http,SF,237,415,0,0,0,0,0,1,0,0,0,0,0,0,0,0,0,0,10,10,0.0,0.0,0.0,0.0,1.0,0.0,0.0,255,255,1.0,0.0,0.0,0.0,0.0,0.0,0.0,0.0,normal
0,tcp,http,SF,235,14728,0,0,0,0,0,1,0,0,0,0,0,0,0,0,0,0,2,2,0.0,0.0,0.0,0.0,1.0,0.0,0.0,37,255,1.0,0.0,0.03,0.01,0.0,0.0,0.0,0.0,normal
0,tcp,private,S0,0,0,0,0,0,0,0,0,0,0,0,0,0,0,0,0,0,0,160,15,1.0,1.0,0.0,0.0,0.09,0.11,0.0,255,15,0.06,0.1,0.0,0.0,1.0,1.0,0.0,0.0,neptune
0,tcp,http,SF,289,506,0,0,0,0,0,1,0,0,0,0,0,0,0,0,0,0,7,8,0.0,0.0,0.0,0.0,1.0,0.0,0.25,120,255,1.0,0.0,0.01,0.04,0.0,0.0,0.0,0.0,normal
0,tcp,Z39_50,REJ,0,0,0,0,0,0,0,0,0,0,0,0,0,0,0,0,0,0,282,18,0.0,0.0,1.0,1.0,0.06,0.06,0.0,255,18,0.07,0.06,0.0,0.0,0.0,0.0,1.0,1.0,neptune
0,tcp,private,REJ,0,0,0,0,0,0,0,0,0,0,0,0,0,0,0,0,0,0,283,13,0.0,0.0,1.0,1.0,0.05,0.06,0.0,255,13,0.05,0.07,0.0,0.0,0.0,0.0,1.0,1.0,neptune
0,tcp,http,SF,227,2556,0,0,0,0,0,1,0,0,0,0,0,0,0,0,0,0,3,3,0.0,0.0,0.0,0.0,1.0,0.0,0.0,64,255,1.0,0.0,0.02,0.05,0.0,0.0,0.0,0.0,normal
0,tcp,http,SF,228,8824,0,0,0,0,0,1,0,0,0,0,0,0,0,0,0,0,5,20,0.0,0.0,0.0,0.0,1.0,0.0,0.1,70,253,1.0,0.0,0.01,0.02,0.03,0.01,0.0,0.0,normal
4,tcp,pop_3,SF,28,93,0,0,0,0,0,1,0,0,0,0,0,0,0,0,0,0,1,1,0.0,0.0,0.0,0.0,1.0,0.0,0.0,255,233,0.91,0.04,0.0,0.0,0.0,0.0,0.0,0.0,guess_passwd
0,icmp,eco_i,SF,20,0,0,0,0,0,0,0,0,0,0,0,0,0,0,0,0,0,1,66,0.0,0.0,0.0,0.0,1.0,0.0,1.0,4,194,1.0,0.0,1.0,0.26,0.0,0.0,0.0,0.0,saint
0,tcp,private,REJ,0,0,0,0,0,0,0,0,0,0,0,0,0,0,0,0,0,0,108,6,0.0,0.0,1.0,1.0,0.06,0.07,0.0,255,6,0.02,0.06,0.0,0.0,0.0,0.0,1.0,1.0,neptune
4,tcp,pop_3,SF,28,93,0,0,0,0,0,1,0,0,0,0,0,0,0,0,0,0,1,1,0.0,0.0,0.0,0.0,1.0,0.0,0.0,96,81,0.83,0.03,0.01,0.02,0.0,0.0,0.1,0.0,guess_passwd
0,tcp,private,S0,0,0,0,0,0,0,0,0,0,0,0,0,0,0,0,0,0,0,240,3,1.0,1.0,0.0,0.0,0.01,0.06,0.0,255,3,0.01,0.07,0.0,0.0,1.0,1.0,0.0,0.0,neptune
0,tcp,private,REJ,0,0,0,0,0,0,0,0,0,0,0,0,0,0,0,0,0,0,205,12,0.0,0.0,1.0,1.0,0.06,0.06,0.0,255,12,0.05,0.05,0.0,0.0,0.0,0.0,1.0,1.0,neptune
0,tcp,http,SF,339,521,0,0,0,0,0,1,0,0,0,0,0,0,0,0,0,0,6,8,0.0,0.0,0.0,0.0,1.0,0.0,0.25,87,255,1.0,0.0,0.01,0.05,0.0,0.0,0.0,0.0,normal
0,tcp,private,REJ,0,0,0,0,0,0,0,0,0,0,0,0,0,0,0,0,0,0,247,8,0.0,0.0,1.0,1.0,0.03,0.06,0.0,255,8,0.03,0.07,0.0,0.0,0.0,0.0,1.0,1.0,neptune
0,tcp,http,SF,238,4842,0,0,0,0,0,1,0,0,0,0,0,0,0,0,0,0,38,39,0.0,0.0,0.0,0.0,1.0,0.0,0.05,255,255,1.0,0.0,0.0,0.0,0.0,0.0,0.0,0.0,normal
0,tcp,http,SF,335,263,0,0,0,0,0,1,0,0,0,0,0,0,0,0,0,0,26,26,0.0,0.0,0.0,0.0,1.0,0.0,0.0,255,255,1.0,0.0,0.0,0.0,0.0,0.0,0.0,0.0,normal
0,tcp,http,SF,238,1554,0,0,0,0,0,1,0,0,0,0,0,0,0,0,0,0,3,3,0.0,0.0,0.0,0.0,1.0,0.0,0.0,24,249,1.0,0.0,0.04,0.04,0.0,0.0,0.0,0.0,normal
0,tcp,telnet,S0,0,0,0,0,0,0,0,0,0,0,0,0,0,0,0,0,0,0,92,92,1.0,1.0,0.0,0.0,1.0,0.0,0.0,165,101,0.61,0.1,0.01,0.0,0.56,0.91,0.03,0.0,neptune
0,udp,private,SF,1,1,0,0,0,0,0,0,0,0,0,0,0,0,0,0,0,0,103,1,0.0,0.0,0.0,0.0,0.01,0.62,0.0,255,1,0.0,0.86,1.0,0.0,0.0,0.0,0.0,0.0,satan
0,tcp,other,REJ,0,0,0,0,0,0,0,0,0,0,0,0,0,0,0,0,0,0,511,1,0.14,0.0,0.86,1.0,0.0,1.0,0.0,255,1,0.0,0.97,0.0,0.0,0.13,0.0,0.87,1.0,satan
1,tcp,pop_3,RSTO,0,36,0,0,0,0,0,1,0,0,0,0,0,0,0,0,0,0,3,10,0.0,0.0,1.0,1.0,0.33,1.0,1.0,255,37,0.15,0.03,0.0,0.0,0.0,0.0,0.51,0.89,mscan
0,tcp,telnet,S3,0,44,0,0,0,0,0,0,0,0,0,0,0,0,0,0,0,0,1,1,1.0,1.0,0.0,0.0,1.0,0.0,0.0,255,83,0.33,0.6,0.0,0.0,0.23,0.7,0.58,0.0,processtable
0,tcp,private,S0,0,0,0,0,0,0,0,0,0,0,0,0,0,0,0,0,0,0,247,6,1.0,1.0,0.0,0.0,0.02,0.06,0.0,255,6,0.02,0.07,0.0,0.0,1.0,1.0,0.0,0.0,neptune
0,tcp,other,REJ,0,0,0,0,0,0,0,0,0,0,0,0,0,0,0,0,0,0,429,1,0.15,0.0,0.85,1.0,0.0,1.0,0.0,255,1,0.0,0.94,0.0,0.0,0.14,0.0,0.86,1.0,satan
283,tcp,ftp,SF,160,595,0,0,0,2,0,1,0,0,0,0,0,0,0,0,0,1,1,1,0.0,0.0,0.0,0.0,1.0,0.0,0.0,255,101,0.4,0.03,0.0,0.0,0.02,0.0,0.01,0.0,warezmaster
0,tcp,other,REJ,0,0,0,0,0,0,0,0,0,0,0,0,0,0,0,0,0,0,482,1,0.07,0.0,0.93,1.0,0.0,1.0,0.0,255,1,0.0,1.0,0.0,0.0,0.07,0.0,0.93,1.0,satan
0,tcp,sql_net,S0,0,0,0,0,0,0,0,0,0,0,0,0,0,0,0,0,0,0,168,12,1.0,1.0,0.0,0.0,0.07,0.1,0.0,255,12,0.05,0.1,0.0,0.0,1.0,1.0,0.0,0.0,neptune
0,tcp,http,SF,208,925,0,0,0,0,0,1,0,0,0,0,0,0,0,0,0,0,5,5,0.0,0.0,0.0,0.0,1.0,0.0,0.0,5,255,1.0,0.0,0.2,0.01,0.0,0.0,0.0,0.0,normal
0,udp,private,SF,1,0,0,0,0,0,0,0,0,0,0,0,0,0,0,0,0,0,31,12,0.0,0.0,0.0,0.0,0.39,0.13,0.0,255,12,0.05,0.5,1.0,0.0,0.0,0.0,0.0,0.0,normal
0,tcp,http,SF,209,2645,0,0,0,0,0,1,0,0,0,0,0,0,0,0,0,0,10,10,0.0,0.0,0.0,0.0,1.0,0.0,0.0,10,255,1.0,0.0,0.1,0.06,0.0,0.0,0.0,0.0,normal
0,tcp,http,SF,308,874,0,0,0,0,0,1,0,0,0,0,0,0,0,0,0,0,8,20,0.0,0.0,0.0,0.0,1.0,0.0,0.15,196,255,1.0,0.0,0.01,0.01,0.0,0.0,0.0,0.0,normal
0,tcp,http,SF,305,2073,0,0,0,0,0,1,0,0,0,0,0,0,0,0,0,0,32,32,0.0,0.0,0.0,0.0,1.0,0.0,0.0,255,255,1.0,0.0,0.0,0.0,0.0,0.0,0.0,0.0,normal
0,tcp,http,SF,212,5008,0,0,0,0,0,1,0,0,0,0,0,0,0,0,0,0,1,2,0.0,0.0,0.0,0.0,1.0,0.0,1.0,1,255,1.0,0.0,1.0,0.06,0.0,0.0,0.0,0.0,normal
0,tcp,http,SF,305,4285,0,0,0,0,0,1,0,0,0,0,0,0,0,0,0,0,3,3,0.0,0.0,0.0,0.0,1.0,0.0,0.0,59,255,1.0,0.0,0.02,0.04,0.0,0.0,0.0,0.0,normal
0,tcp,sunrpc,REJ,0,0,0,0,0,0,0,0,0,0,0,0,0,0,0,0,0,0,5,3,0.0,0.0,0.8,1.0,0.2,0.8,1.0,197,52,0.2,0.03,0.01,0.04,0.0,0.0,0.89,1.0,mscan
0,tcp,http,SF,186,2349,0,0,0,0,0,1,0,0,0,0,0,0,0,0,0,0,10,10,0.0,0.0,0.0,0.0,1.0,0.0,0.0,31,255,1.0,0.0,0.03,0.01,0.0,0.0,0.0,0.0,normal
1,tcp,smtp,SF,1276,432,0,0,0,0,0,1,0,0,0,0,0,0,0,0,0,0,1,2,0.0,0.0,0.0,0.0,1.0,0.0,1.0,90,35,0.39,0.06,0.01,0.0,0.0,0.0,0.0,0.0,normal
0,udp,domain_u,SF,44,112,0,0,0,0,0,0,0,0,0,0,0,0,0,0,0,0,4,7,0.0,0.0,0.0,0.0,1.0,0.0,0.29,255,252,0.99,0.01,0.0,0.0,0.0,0.0,0.0,0.0,normal
900,tcp,ftp,S3,0,152,0,0,0,0,0,0,0,0,0,0,0,0,0,0,0,0,1,1,1.0,1.0,0.0,0.0,1.0,0.0,0.0,161,39,0.24,0.04,0.01,0.0,0.01,0.05,0.01,0.0,normal
0,tcp,http,SF,226,968,0,0,0,0,0,1,0,0,0,0,0,0,0,0,0,0,11,11,0.0,0.0,0.0,0.0,1.0,0.0,0.0,31,255,1.0,0.0,0.03,0.03,0.0,0.0,0.0,0.0,normal
0,tcp,private,REJ,0,0,0,0,0,0,0,0,0,0,0,0,0,0,0,0,0,0,101,18,0.0,0.0,1.0,1.0,0.18,0.06,0.0,255,18,0.07,0.06,0.0,0.0,0.0,0.0,1.0,1.0,neptune
0,tcp,ftp,SF,26,157,0,0,0,0,1,0,0,0,0,0,0,0,0,0,0,1,1,1,0.0,0.0,0.0,0.0,1.0,0.0,0.0,54,28,0.52,0.07,0.02,0.0,0.0,0.0,0.0,0.0,guess_passwd
0,tcp,http,SF,279,12712,0,0,0,0,0,1,0,0,0,0,0,0,0,0,0,0,4,4,0.0,0.0,0.0,0.0,1.0,0.0,0.0,255,255,1.0,0.0,0.0,0.0,0.0,0.0,0.0,0.0,normal
0,tcp,http,SF,249,942,0,0,0,0,0,1,0,0,0,0,0,0,0,0,0,0,3,3,0.0,0.0,0.0,0.0,1.0,0.0,0.0,255,255,1.0,0.0,0.0,0.0,0.0,0.0,0.0,0.0,normal
0,tcp,uucp_path,S0,0,0,0,0,0,0,0,0,0,0,0,0,0,0,0,0,0,0,130,17,1.0,1.0,0.0,0.0,0.13,0.07,0.0,255,17,0.07,0.06,0.0,0.0,1.0,1.0,0.0,0.0,neptune
0,icmp,ecr_i,SF,1032,0,0,0,0,0,0,0,0,0,0,0,0,0,0,0,0,0,434,434,0.0,0.0,0.0,0.0,1.0,0.0,0.0,255,255,1.0,0.0,1.0,0.0,0.0,0.0,0.0,0.0,smurf
0,tcp,private,REJ,0,0,0,0,0,0,0,0,0,0,0,0,0,0,0,0,0,0,190,2,0.0,0.0,1.0,1.0,0.01,0.06,0.0,255,2,0.01,0.07,0.0,0.0,0.0,0.0,1.0,1.0,neptune
0,tcp,other,REJ,0,0,0,0,0,0,0,0,0,0,0,0,0,0,0,0,0,0,1,1,0.0,0.0,1.0,1.0,1.0,0.0,0.0,81,5,0.06,0.04,0.01,0.0,0.0,0.0,0.06,1.0,httptunnel
0,tcp,http,SF,266,1309,0,0,0,0,0,1,0,0,0,0,0,0,0,0,0,0,40,40,0.0,0.0,0.0,0.0,1.0,0.0,0.0,255,255,1.0,0.0,0.0,0.0,0.0,0.0,0.0,0.0,normal
0,tcp,telnet,SF,121,174,0,0,0,0,1,0,0,0,0,0,0,0,0,0,0,0,1,1,0.0,0.0,0.0,0.0,1.0,0.0,0.0,255,39,0.15,0.02,0.0,0.0,0.0,0.0,0.01,0.05,guess_passwd
2,tcp,telnet,RSTO,0,15,0,0,0,0,0,0,0,0,0,0,0,0,0,0,0,0,4,11,0.0,0.09,0.75,0.45,0.5,0.75,0.55,255,22,0.09,0.03,0.0,0.0,0.01,0.0,0.23,0.77,mscan
0,tcp,private,S0,0,0,0,0,0,0,0,0,0,0,0,0,0,0,0,0,0,0,128,13,1.0,1.0,0.0,0.0,0.1,0.06,0.0,255,13,0.05,0.07,0.0,0.0,1.0,1.0,0.0,0.0,neptune
0,icmp,eco_i,SF,20,0,0,0,0,0,0,0,0,0,0,0,0,0,0,0,0,0,1,66,0.0,0.0,0.0,0.0,1.0,0.0,1.0,2,104,1.0,0.0,1.0,0.27,0.0,0.0,0.0,0.0,saint
0,tcp,http,SF,249,4309,0,0,0,0,0,1,0,0,0,0,0,0,0,0,0,0,7,7,0.0,0.0,0.0,0.0,1.0,0.0,0.0,7,255,1.0,0.0,0.14,0.03,0.0,0.0,0.0,0.0,normal
0,tcp,http,SF,298,189,0,0,0,0,0,1,0,0,0,0,0,0,0,0,0,0,21,22,0.0,0.0,0.0,0.0,1.0,0.0,0.09,255,255,1.0,0.0,0.0,0.0,0.0,0.0,0.0,0.0,normal
0,tcp,http,SF,302,1208,0,0,0,0,0,1,0,0,0,0,0,0,0,0,0,0,12,12,0.0,0.0,0.0,0.0,1.0,0.0,0.0,47,255,1.0,0.0,0.02,0.05,0.02,0.01,0.0,0.0,normal
0,tcp,http,SF,178,27295,0,0,0,0,0,1,0,0,0,0,0,0,0,0,0,0,1,1,0.0,0.0,0.0,0.0,1.0,0.0,0.0,27,255,1.0,0.0,0.04,0.04,0.0,0.0,0.0,0.0,normal
0,tcp,telnet,REJ,0,0,0,0,0,0,0,0,0,0,0,0,0,0,0,0,0,0,4,4,0.0,0.0,1.0,0.75,0.25,1.0,0.75,108,89,0.32,0.05,0.01,0.02,0.0,0.11,0.89,0.57,mscan
8140,tcp,telnet,SF,0,15,0,0,0,0,0,0,0,0,0,0,0,0,0,0,0,0,1,1,0.0,0.0,0.0,0.0,1.0,0.0,0.0,255,78,0.31,0.02,0.0,0.0,0.7,0.62,0.01,0.03,processtable
0,tcp,http,SF,162,597,0,0,0,0,0,1,0,0,0,0,0,0,0,0,0,0,4,4,0.0,0.0,0.0,0.0,1.0,0.0,0.0,63,255,1.0,0.0,0.02,0.05,0.0,0.0,0.0,0.0,normal
0,tcp,http,SF,335,1362,0,0,0,0,0,1,0,0,0,0,0,0,0,0,0,0,10,29,0.0,0.0,0.0,0.0,1.0,0.0,0.1,229,255,1.0,0.0,0.0,0.01,0.0,0.0,0.0,0.0,normal
0,tcp,finger,RSTO,0,0,0,0,0,0,0,0,0,0,0,0,0,0,0,0,0,0,245,17,0.0,0.0,1.0,1.0,0.07,0.06,0.0,255,17,0.07,0.07,0.0,0.0,0.0,0.0,1.0,1.0,neptune
4,tcp,pop_3,SF,28,93,0,0,0,0,0,1,0,0,0,0,0,0,0,0,0,0,1,1,0.0,0.0,0.0,0.0,1.0,0.0,0.0,255,162,0.64,0.02,0.0,0.0,0.0,0.0,0.13,0.0,guess_passwd
0,udp,domain_u,SF,45,77,0,0,0,0,0,0,0,0,0,0,0,0,0,0,0,0,178,178,0.0,0.0,0.0,0.0,1.0,0.0,0.0,255,255,1.0,0.0,0.01,0.0,0.0,0.0,0.0,0.0,normal
0,tcp,time,S0,0,0,0,0,0,0,0,0,0,0,0,0,0,0,0,0,0,0,126,2,1.0,1.0,0.0,0.0,0.02,0.07,0.0,255,2,0.01,0.06,0.0,0.0,1.0,1.0,0.0,0.0,neptune
0,tcp,private,REJ,0,0,0,0,0,0,0,0,0,0,0,0,0,0,0,0,0,0,184,5,0.0,0.0,1.0,1.0,0.03,0.06,0.0,255,5,0.02,0.06,0.0,0.0,0.0,0.0,1.0,1.0,neptune
0,udp,domain_u,SF,46,85,0,0,0,0,0,0,0,0,0,0,0,0,0,0,0,0,228,226,0.0,0.0,0.0,0.0,0.99,0.01,0.0,255,254,1.0,0.01,0.0,0.0,0.0,0.0,0.0,0.0,normal
0,tcp,http,SF,223,285,0,0,0,0,0,1,0,0,0,0,0,0,0,0,0,0,10,11,0.0,0.0,0.0,0.0,1.0,0.0,0.18,255,255,1.0,0.0,0.0,0.0,0.0,0.0,0.0,0.0,normal
0,tcp,other,REJ,0,0,0,0,0,0,0,0,0,0,0,0,0,0,0,0,0,0,1,1,0.0,0.0,1.0,1.0,1.0,0.0,0.0,255,42,0.16,0.02,0.0,0.0,0.0,0.0,0.15,0.81,httptunnel
1,tcp,smtp,SF,2599,293,0,0,0,0,0,1,0,0,0,0,0,0,0,0,0,0,4,3,0.0,0.0,0.25,0.0,0.75,0.5,0.0,255,244,0.96,0.05,0.0,0.0,0.0,0.0,0.03,0.0,mailbomb
0,tcp,http,SF,208,567,0,0,0,0,0,1,0,0,0,0,0,0,0,0,0,0,10,10,0.0,0.0,0.0,0.0,1.0,0.0,0.0,34,217,1.0,0.0,0.03,0.08,0.0,0.0,0.0,0.0,normal
0,tcp,http,SF,253,5940,0,0,0,0,0,1,0,0,0,0,0,0,0,0,0,0,16,18,0.0,0.0,0.0,0.0,1.0,0.0,0.17,255,255,1.0,0.0,0.0,0.0,0.0,0.0,0.0,0.0,normal
0,udp,domain_u,SF,42,42,0,0,0,0,0,0,0,0,0,0,0,0,0,0,0,0,11,18,0.0,0.0,0.0,0.0,1.0,0.0,0.22,255,255,1.0,0.0,0.01,0.0,0.0,0.0,0.0,0.0,normal
0,tcp,http,SF,236,1212,0,0,0,0,0,1,0,0,0,0,0,0,0,0,0,0,10,10,0.0,0.0,0.0,0.0,1.0,0.0,0.0,255,255,1.0,0.0,0.0,0.0,0.0,0.0,0.0,0.0,normal
8181,tcp,telnet,SF,0,15,0,0,0,0,0,0,0,0,0,0,0,0,0,0,0,0,1,1,0.0,0.0,0.0,0.0,1.0,0.0,0.0,255,16,0.06,0.83,0.0,0.0,0.0,0.0,0.81,0.0,processtable
0,tcp,telnet,S3,0,44,0,0,0,0,0,0,0,0,0,0,0,0,0,0,0,0,1,1,1.0,1.0,0.0,0.0,1.0,0.0,0.0,255,148,0.58,0.38,0.0,0.0,0.47,0.81,0.38,0.01,processtable
280,tcp,ftp_data,SF,283618,0,0,0,0,0,0,0,0,0,0,0,0,0,0,0,0,0,2,2,0.0,0.0,0.0,0.0,1.0,0.0,0.0,6,16,1.0,0.0,1.0,0.12,0.0,0.0,0.0,0.0,warezmaster
0,tcp,http,SF,314,24159,0,0,0,0,0,1,0,0,0,0,0,0,0,0,0,0,20,20,0.0,0.0,0.0,0.0,1.0,0.0,0.0,45,255,1.0,0.0,0.02,0.04,0.0,0.0,0.0,0.0,normal
0,icmp,ecr_i,SF,1032,0,0,0,0,0,0,0,0,0,0,0,0,0,0,0,0,0,511,511,0.0,0.0,0.0,0.0,1.0,0.0,0.0,255,25,0.1,0.01,0.1,0.0,0.0,0.0,0.0,0.0,smurf
0,tcp,http,SF,54540,8314,0,0,0,2,0,1,1,0,0,0,0,0,0,0,0,0,2,28,0.0,0.0,0.0,0.0,1.0,0.0,0.07,255,255,1.0,0.0,0.0,0.0,0.0,0.0,0.04,0.04,back
0,tcp,http,SF,221,9200,0,0,0,0,0,1,0,0,0,0,0,0,0,0,0,0,9,9,0.0,0.0,0.0,0.0,1.0,0.0,0.0,255,255,1.0,0.0,0.0,0.0,0.0,0.0,0.0,0.0,normal
0,tcp,telnet,SF,123,174,0,0,0,0,1,0,0,0,0,0,0,0,0,0,0,0,1,1,0.0,0.0,0.0,0.0,1.0,0.0,0.0,255,199,0.78,0.02,0.0,0.0,0.0,0.0,0.02,0.03,guess_passwd
0,icmp,ecr_i,SF,1032,0,0,0,0,0,0,0,0,0,0,0,0,0,0,0,0,0,511,511,0.0,0.0,0.0,0.0,1.0,0.0,0.0,255,179,0.7,0.01,0.7,0.0,0.0,0.0,0.0,0.0,smurf
0,tcp,other,RSTR,0,0,0,0,0,0,0,0,0,0,0,0,0,0,0,0,0,0,1,1,0.0,0.0,1.0,1.0,1.0,0.0,0.0,255,1,0.0,0.81,0.8,0.0,0.0,0.0,0.8,1.0,normal
0,udp,private,SF,48,0,0,0,0,0,0,0,0,0,0,0,0,0,0,0,0,0,4,4,0.0,0.0,0.0,0.0,1.0,0.0,0.0,255,253,0.99,0.01,0.01,0.0,0.0,0.0,0.0,0.0,snmpguess
0,tcp,private,S0,0,0,0,0,0,0,0,0,0,0,0,0,0,0,0,0,0,0,219,5,1.0,1.0,0.0,0.0,0.02,0.06,0.0,255,5,0.02,0.07,0.0,0.0,1.0,1.0,0.0,0.0,neptune
0,tcp,auth,SF,13,38,0,0,0,0,0,0,0,0,0,0,0,0,0,0,0,0,1,1,0.0,0.0,0.0,0.0,1.0,0.0,0.0,142,3,0.02,0.04,0.01,0.0,0.0,0.0,0.0,0.0,normal
282,tcp,ftp,SF,162,599,0,0,0,2,0,1,0,0,0,0,0,0,0,0,0,1,4,1,0.0,0.0,0.0,0.0,0.25,0.5,0.0,255,1,0.0,0.04,0.0,0.0,0.0,0.0,0.04,0.0,warezmaster
0,icmp,ecr_i,SF,1032,0,0,0,0,0,0,0,0,0,0,0,0,0,0,0,0,0,69,69,0.0,0.0,0.0,0.0,1.0,0.0,0.0,255,255,1.0,0.0,1.0,0.0,0.0,0.0,0.0,0.0,smurf
0,tcp,other,RSTR,0,0,0,0,0,0,0,0,0,0,0,0,0,0,0,0,0,0,1,1,0.0,0.0,1.0,1.0,1.0,0.0,0.0,255,1,0.0,0.94,0.93,0.0,0.0,0.0,0.93,1.0,normal
0,tcp,private,REJ,0,0,0,0,0,0,0,0,0,0,0,0,0,0,0,0,0,0,247,18,0.0,0.0,1.0,1.0,0.07,0.06,0.0,255,18,0.07,0.07,0.0,0.0,0.0,0.0,1.0,1.0,neptune
0,tcp,domain,REJ,0,0,0,0,0,0,0,0,0,0,0,0,0,0,0,0,0,0,281,12,0.0,0.0,1.0,1.0,0.04,0.06,0.0,255,12,0.05,0.06,0.0,0.0,0.0,0.0,1.0,1.0,neptune
1,tcp,smtp,SF,1406,368,0,0,0,0,0,1,0,0,0,0,0,0,0,0,0,0,1,5,0.0,0.0,0.0,0.0,1.0,0.0,1.0,1,159,1.0,0.0,1.0,0.01,0.0,0.0,0.0,0.0,normal
20,tcp,ftp,SF,74,320,0,0,0,1,0,1,0,0,0,0,1,0,1,0,0,1,1,1,0.0,0.0,0.0,0.0,1.0,0.0,0.0,255,23,0.09,0.02,0.0,0.0,0.53,0.0,0.02,0.0,ftp_write
0,tcp,telnet,SF,122,174,0,0,0,0,1,0,0,0,0,0,0,0,0,0,0,0,1,1,0.0,0.0,0.0,0.0,1.0,0.0,0.0,255,254,1.0,0.01,0.0,0.0,0.02,0.02,0.01,0.01,guess_passwd
0,udp,private,SF,46,0,0,0,0,0,0,0,0,0,0,0,0,0,0,0,0,0,1,1,0.0,0.0,0.0,0.0,1.0,0.0,0.0,255,254,1.0,0.01,0.01,0.0,0.0,0.0,0.0,0.0,snmpguess
0,tcp,http,SF,201,5792,0,0,0,0,0,1,0,0,0,0,0,0,0,0,0,0,8,9,0.0,0.0,0.0,0.0,1.0,0.0,0.22,21,241,1.0,0.0,0.05,0.02,0.0,0.0,0.0,0.0,normal
0,tcp,http,SF,223,397,0,0,0,0,0,1,0,0,0,0,0,0,0,0,0,0,13,20,0.0,0.0,0.0,0.0,1.0,0.0,0.1,255,255,1.0,0.0,0.0,0.0,0.0,0.0,0.0,0.0,normal
0,tcp,http,SF,225,1972,0,0,0,0,0,1,0,0,0,0,0,0,0,0,0,0,11,12,0.0,0.0,0.0,0.0,1.0,0.0,0.17,34,255,1.0,0.0,0.03,0.03,0.0,0.0,0.0,0.0,normal
804,tcp,http,RSTR,78404,0,0,0,0,0,0,1,0,0,0,0,0,0,0,0,0,0,77,77,0.03,0.03,0.97,0.97,1.0,0.0,0.0,255,253,0.99,0.01,0.0,0.0,0.01,0.01,0.42,0.43,apache2
0,udp,private,SF,105,0,0,0,0,0,0,0,0,0,0,0,0,0,0,0,0,0,2,2,0.0,0.0,0.0,0.0,1.0,0.0,0.0,255,254,1.0,0.01,0.01,0.0,0.0,0.0,0.0,0.0,normal
0,tcp,ctf,REJ,0,0,0,0,0,0,0,0,0,0,0,0,0,0,0,0,0,0,281,6,0.0,0.0,1.0,1.0,0.02,0.06,0.0,255,6,0.02,0.06,0.0,0.0,0.0,0.0,1.0,1.0,neptune
0,tcp,private,S0,0,0,0,0,0,0,0,0,0,0,0,0,0,0,0,0,0,0,124,16,1.0,1.0,0.0,0.0,0.13,0.06,0.0,255,16,0.06,0.05,0.0,0.0,1.0,1.0,0.0,0.0,neptune
0,tcp,smtp,SF,724,336,0,0,0,0,0,1,0,0,0,0,0,0,0,0,0,0,1,1,0.0,0.0,0.0,0.0,1.0,0.0,0.0,120,206,0.73,0.04,0.01,0.01,0.0,0.0,0.01,0.02,normal
0,tcp,private,S0,0,0,0,0,0,0,0,0,0,0,0,0,0,0,0,0,0,0,114,16,1.0,1.0,0.0,0.0,0.14,0.06,0.0,255,16,0.06,0.05,0.0,0.0,1.0,1.0,0.0,0.0,neptune
0,tcp,http,SF,218,397,0,0,0,0,0,1,0,0,0,0,0,0,0,0,0,0,12,12,0.0,0.0,0.0,0.0,1.0,0.0,0.0,150,255,1.0,0.0,0.01,0.01,0.0,0.0,0.0,0.0,normal
0,udp,domain_u,SF,43,43,0,0,0,0,0,0,0,0,0,0,0,0,0,0,0,0,34,62,0.0,0.0,0.0,0.0,1.0,0.0,0.03,255,255,1.0,0.0,0.01,0.0,0.0,0.0,0.0,0.0,normal
0,tcp,http,SF,234,2698,0,0,0,0,0,1,0,0,0,0,0,0,1,0,0,0,2,2,0.0,0.0,0.0,0.0,1.0,0.0,0.0,255,238,0.93,0.02,0.0,0.0,0.0,0.0,0.0,0.0,normal
0,tcp,http,SF,353,285,0,0,0,0,0,1,0,0,0,0,0,0,0,0,0,0,21,21,0.0,0.0,0.0,0.0,1.0,0.0,0.0,255,255,1.0,0.0,0.0,0.0,0.0,0.0,0.0,0.0,normal
0,tcp,telnet,RSTO,0,15,0,0,0,0,0,0,0,0,0,0,0,0,0,0,0,0,1,5,0.0,0.0,1.0,0.4,1.0,0.0,0.6,255,63,0.25,0.03,0.0,0.0,0.0,0.0,0.54,0.63,mscan
0,udp,private,SF,1,1,0,0,0,0,0,0,0,0,0,0,0,0,0,0,0,0,151,1,0.0,0.0,0.0,0.0,0.01,0.9,0.0,255,1,0.0,0.94,1.0,0.0,0.0,0.0,0.0,0.0,satan
0,tcp,discard,RSTO,0,0,0,0,0,0,0,0,0,0,0,0,0,0,0,0,0,0,299,20,0.0,0.0,1.0,1.0,0.07,0.06,0.0,255,20,0.08,0.06,0.0,0.0,0.0,0.0,1.0,1.0,neptune
0,tcp,http_443,REJ,0,0,0,0,0,0,0,0,0,0,0,0,0,0,0,0,0,0,110,1,0.0,0.0,1.0,1.0,0.01,0.07,0.0,255,1,0.0,0.06,0.0,0.0,0.0,0.0,1.0,1.0,neptune
0,tcp,private,REJ,0,0,0,0,0,0,0,0,0,0,0,0,0,0,0,0,0,0,292,3,0.0,0.0,1.0,1.0,0.01,0.06,0.0,255,3,0.01,0.07,0.0,0.0,0.0,0.0,1.0,1.0,neptune
0,tcp,http,SF,208,1372,0,0,0,0,0,1,0,0,0,0,0,0,0,0,0,0,3,25,0.0,0.0,0.0,0.0,1.0,0.0,0.2,12,255,1.0,0.0,0.08,0.05,0.0,0.0,0.0,0.0,normal
0,tcp,other,REJ,0,0,0,0,0,0,0,0,0,0,0,0,0,0,0,0,0,0,458,1,0.15,0.0,0.85,1.0,0.0,1.0,0.0,255,1,0.0,0.97,0.0,0.0,0.15,0.0,0.85,1.0,satan
0,tcp,http,SF,333,1494,0,0,0,0,0,1,0,0,0,0,0,0,0,0,0,0,2,2,0.0,0.0,0.0,0.0,1.0,0.0,0.0,255,255,1.0,0.0,0.0,0.0,0.0,0.0,0.0,0.0,normal
0,tcp,http,SF,172,10013,0,0,0,0,0,1,0,0,0,0,0,0,0,0,0,0,1,22,0.0,0.0,0.0,0.0,1.0,0.0,0.18,21,255,1.0,0.0,0.05,0.05,0.0,0.0,0.0,0.0,normal
0,tcp,http,SF,192,10121,0,0,0,0,0,1,0,0,0,0,0,0,0,0,0,0,11,11,0.0,0.0,0.0,0.0,1.0,0.0,0.0,45,255,1.0,0.0,0.02,0.01,0.0,0.0,0.0,0.0,normal
0,tcp,http,SF,213,1767,0,0,0,0,0,1,0,0,0,0,0,0,0,0,0,0,8,10,0.0,0.0,0.0,0.0,1.0,0.0,0.3,109,255,1.0,0.0,0.01,0.02,0.0,0.0,0.0,0.0,normal
0,tcp,private,REJ,0,0,0,0,0,0,0,0,0,0,0,0,0,0,0,0,0,0,214,11,0.0,0.0,1.0,1.0,0.05,0.07,0.0,255,11,0.04,0.07,0.0,0.0,0.0,0.0,1.0,1.0,neptune
0,tcp,http,SF,323,373,0,0,0,0,0,1,0,0,0,0,0,0,0,0,0,0,27,27,0.0,0.0,0.0,0.0,1.0,0.0,0.0,27,255,1.0,0.0,0.04,0.06,0.0,0.0,0.0,0.0,normal
0,icmp,ecr_i,SF,1008,0,0,0,0,0,0,0,0,0,0,0,0,0,0,0,0,0,485,485,0.0,0.0,0.0,0.0,1.0,0.0,0.0,255,255,1.0,0.0,1.0,0.0,0.0,0.0,0.0,0.0,smurf
0,tcp,whois,REJ,0,0,0,0,0,0,0,0,0,0,0,0,0,0,0,0,0,0,231,15,0.0,0.0,1.0,1.0,0.06,0.07,0.0,255,15,0.06,0.08,0.0,0.0,0.0,0.0,1.0,1.0,neptune
0,tcp,http,SF,330,1510,0,0,0,0,0,1,0,0,0,0,0,0,0,0,0,0,4,4,0.0,0.0,0.0,0.0,1.0,0.0,0.0,160,253,1.0,0.0,0.01,0.03,0.0,0.0,0.0,0.0,normal
0,tcp,other,REJ,0,0,0,0,0,0,0,0,0,0,0,0,0,0,0,0,0,0,458,1,0.15,0.0,0.85,1.0,0.0,1.0,0.0,255,1,0.0,0.9,0.0,0.0,0.14,0.0,0.86,1.0,satan
0,tcp,http,SF,334,1302,0,0,0,0,0,1,0,0,0,0,0,0,0,0,0,0,12,12,0.0,0.0,0.0,0.0,1.0,0.0,0.0,12,225,1.0,0.0,0.08,0.03,0.0,0.0,0.0,0.0,normal
0,udp,domain_u,SF,32,0,0,0,0,0,0,0,0,0,0,0,0,0,0,0,0,0,1,6,0.0,0.0,0.0,0.0,1.0,0.0,0.5,129,59,0.24,0.04,0.24,0.03,0.0,0.0,0.0,0.0,normal
0,icmp,eco_i,SF,20,0,0,0,0,0,0,0,0,0,0,0,0,0,0,0,0,0,1,72,0.0,0.0,0.0,0.0,1.0,0.0,1.0,4,108,1.0,0.0,1.0,0.25,0.0,0.0,0.0,0.0,saint
0,tcp,http,SF,234,1645,0,0,0,0,0,1,0,0,0,0,0,0,0,0,0,0,5,5,0.0,0.0,0.0,0.0,1.0,0.0,0.0,255,255,1.0,0.0,0.0,0.0,0.0,0.0,0.0,0.0,normal
0,icmp,ecr_i,SF,1032,0,0,0,0,0,0,0,0,0,0,0,0,0,0,0,0,0,447,447,0.0,0.0,0.0,0.0,1.0,0.0,0.0,255,255,1.0,0.0,1.0,0.0,0.0,0.0,0.0,0.0,smurf
1,tcp,smtp,SF,1617,325,0,0,0,0,0,1,0,0,0,0,0,0,0,0,0,0,1,2,0.0,0.0,0.0,0.0,1.0,0.0,1.0,85,59,0.69,0.05,0.01,0.0,0.0,0.0,0.0,0.0,normal
0,tcp,http,SF,181,1699,0,0,0,0,0,1,0,0,0,0,0,0,0,0,0,0,1,32,0.0,0.0,0.0,0.0,1.0,0.0,0.06,199,159,0.8,0.03,0.01,0.0,0.0,0.0,0.01,0.0,normal
0,tcp,private,REJ,0,0,0,0,0,0,0,0,0,0,0,0,0,0,0,0,0,0,285,1,0.15,0.0,0.84,1.0,0.0,1.0,0.0,255,1,0.0,0.95,0.0,0.0,0.16,0.0,0.76,1.0,satan
0,tcp,telnet,SF,122,188,0,0,0,0,1,0,0,0,0,0,0,0,0,0,0,0,1,1,0.0,0.0,0.0,0.0,1.0,0.0,0.0,255,254,1.0,0.01,0.0,0.0,0.01,0.01,0.02,0.02,guess_passwd
0,tcp,http,SF,308,825,0,0,0,0,0,1,0,0,0,0,0,0,0,0,0,0,12,12,0.0,0.0,0.0,0.0,1.0,0.0,0.0,255,255,1.0,0.0,0.0,0.0,0.0,0.0,0.0,0.0,normal
0,tcp,http,SF,323,396,0,0,0,0,0,1,0,0,0,0,0,0,0,0,0,0,6,39,0.0,0.0,0.0,0.0,1.0,0.0,0.1,17,231,1.0,0.0,0.06,0.04,0.0,0.0,0.0,0.0,normal
0,tcp,http,S0,0,0,0,0,0,0,0,0,0,0,0,0,0,0,0,0,0,0,52,52,1.0,1.0,0.0,0.0,1.0,0.0,0.0,255,255,1.0,0.0,0.0,0.0,0.28,0.28,0.7,0.7,apache2
0,tcp,Z39_50,S0,0,0,0,0,0,0,0,0,0,0,0,0,0,0,0,0,0,0,260,7,1.0,1.0,0.0,0.0,0.03,0.07,0.0,255,7,0.03,0.07,0.0,0.0,1.0,1.0,0.0,0.0,neptune
0,tcp,sunrpc,REJ,0,0,0,0,0,0,0,0,0,0,0,0,0,0,0,0,0,0,4,7,0.0,0.0,1.0,1.0,0.25,1.0,1.0,214,10,0.02,0.03,0.0,0.2,0.0,0.0,0.13,1.0,mscan
0,tcp,http,SF,259,1097,0,0,0,0,0,1,0,0,0,0,0,0,0,0,0,0,2,2,0.0,0.0,0.0,0.0,1.0,0.0,0.0,255,255,1.0,0.0,0.0,0.0,0.0,0.0,0.0,0.0,normal
0,tcp,http,SF,192,497,0,0,0,0,0,1,0,0,0,0,0,0,0,0,0,0,1,2,0.0,0.0,0.0,0.0,1.0,0.0,1.0,1,255,1.0,0.0,1.0,0.02,0.0,0.0,0.0,0.0,normal
4,tcp,pop_3,SF,32,93,0,0,0,0,0,1,0,0,0,0,0,0,0,0,0,0,1,1,0.0,0.0,0.0,0.0,1.0,0.0,0.0,255,238,0.93,0.01,0.0,0.0,0.0,0.0,0.04,0.0,guess_passwd
0,tcp,other,REJ,0,0,0,0,0,0,0,0,0,0,0,0,0,0,0,0,0,0,472,1,0.08,0.0,0.92,1.0,0.0,1.0,0.0,255,1,0.0,0.99,0.0,0.0,0.1,0.0,0.88,1.0,satan
4,tcp,pop_3,SF,27,93,0,0,0,0,0,1,0,0,0,0,0,0,0,0,0,0,1,1,0.0,0.0,0.0,0.0,1.0,0.0,0.0,183,164,0.9,0.02,0.01,0.0,0.0,0.0,0.05,0.0,guess_passwd
0,tcp,private,REJ,0,0,0,0,0,0,0,0,0,0,0,0,0,0,0,0,0,0,205,2,0.0,0.0,1.0,1.0,0.01,0.07,0.0,255,2,0.01,0.08,0.0,0.0,0.0,0.0,1.0,1.0,neptune
300,tcp,other,SF,244,619,0,0,0,0,0,0,0,0,0,0,0,0,0,0,0,0,2,2,0.0,0.0,0.0,0.0,1.0,0.0,0.0,255,12,0.05,0.01,0.0,0.0,0.0,0.0,0.04,0.83,httptunnel
0,tcp,telnet,S0,0,0,0,0,0,0,0,0,0,0,0,0,0,0,0,0,0,0,1,1,1.0,1.0,0.0,0.0,1.0,0.0,0.0,151,84,0.34,0.02,0.01,0.02,1.0,0.61,0.0,0.19,mscan
0,tcp,http,SF,344,1343,0,0,0,0,0,1,0,0,0,0,0,0,0,0,0,0,12,12,0.0,0.0,0.0,0.0,1.0,0.0,0.0,221,255,1.0,0.0,0.0,0.02,0.0,0.0,0.0,0.0,normal
0,tcp,telnet,S3,0,44,0,0,0,0,0,0,0,0,0,0,0,0,0,0,0,0,1,1,1.0,1.0,0.0,0.0,1.0,0.0,0.0,255,147,0.58,0.02,0.0,0.0,0.53,0.5,0.01,0.01,processtable
0,udp,private,SF,54,50,0,0,0,0,0,0,0,0,0,0,0,0,0,0,0,0,511,511,0.0,0.0,0.0,0.0,1.0,0.0,0.0,255,255,1.0,0.0,1.0,0.0,0.0,0.0,0.0,0.0,normal
0,tcp,sunrpc,REJ,0,0,0,0,0,0,0,0,0,0,0,0,0,0,0,0,0,0,1,1,0.0,0.0,1.0,1.0,1.0,0.0,0.0,47,34,0.17,0.11,0.02,0.06,0.0,0.0,0.85,1.0,mscan
0,tcp,private,REJ,0,0,0,0,0,0,0,0,0,0,0,0,0,0,0,0,0,0,103,18,0.0,0.0,1.0,1.0,0.17,0.07,0.0,255,18,0.07,0.05,0.0,0.0,0.0,0.0,1.0,1.0,neptune
0,tcp,http,SF,259,1259,0,0,0,0,0,1,0,0,0,0,0,0,0,0,0,0,6,6,0.0,0.0,0.0,0.0,1.0,0.0,0.0,255,255,1.0,0.0,0.0,0.0,0.0,0.0,0.0,0.0,normal
0,tcp,private,S0,0,0,0,0,0,0,0,0,0,0,0,0,0,0,0,0,0,0,251,9,0.3,1.0,0.7,0.0,0.04,0.06,0.0,255,9,0.04,0.07,0.0,0.0,0.3,1.0,0.7,0.0,neptune
0,udp,private,SF,1,1,0,0,0,0,0,0,0,0,0,0,0,0,0,0,0,0,19,4,0.0,0.0,0.0,0.0,0.21,0.21,0.0,255,4,0.02,0.41,0.65,0.0,0.0,0.0,0.32,0.0,normal
280,tcp,ftp_data,SF,283618,0,0,0,0,0,0,0,0,0,0,0,0,0,0,0,0,0,2,2,0.0,0.0,0.0,0.0,1.0,0.0,0.0,2,24,1.0,0.0,1.0,0.17,0.0,0.04,0.0,0.0,warezmaster
0,tcp,Z39_50,REJ,0,0,0,0,0,0,0,0,0,0,0,0,0,0,0,0,0,0,255,15,0.0,0.0,1.0,1.0,0.06,0.07,0.0,255,15,0.06,0.07,0.0,0.0,0.0,0.0,1.0,1.0,neptune
0,tcp,http,SF,350,1255,0,0,0,0,0,1,0,0,0,0,0,0,0,0,0,0,2,2,0.0,0.0,0.0,0.0,1.0,0.0,0.0,33,255,1.0,0.0,0.03,0.04,0.0,0.0,0.0,0.0,normal
0,tcp,whois,REJ,0,0,0,0,0,0,0,0,0,0,0,0,0,0,0,0,0,0,292,5,0.0,0.0,1.0,1.0,0.02,0.06,0.0,255,5,0.02,0.06,0.0,0.0,0.0,0.0,1.0,1.0,neptune
0,tcp,ftp,SF,26,157,0,0,0,0,1,0,0,0,0,0,0,0,0,0,0,1,1,1,0.0,0.0,0.0,0.0,1.0,0.0,0.0,161,76,0.47,0.02,0.01,0.0,0.0,0.0,0.0,0.0,guess_passwd
0,tcp,smtp,SF,0,83,0,0,0,0,0,1,0,0,0,0,0,0,0,0,0,0,1,1,0.0,0.0,0.0,0.0,1.0,0.0,0.0,162,196,0.77,0.03,0.01,0.01,0.0,0.0,0.01,0.02,normal
0,tcp,other,REJ,0,0,0,0,0,0,0,0,0,0,0,0,0,0,0,0,0,0,509,1,0.01,0.0,0.96,1.0,0.0,1.0,0.0,255,1,0.0,1.0,0.0,0.0,0.0,0.0,0.97,1.0,satan
0,tcp,http,SF,54540,8314,0,0,0,2,0,1,1,0,0,0,0,0,0,0,0,0,4,4,0.0,0.0,0.0,0.0,1.0,0.0,0.0,255,251,0.98,0.01,0.0,0.0,0.0,0.0,0.01,0.01,back
0,udp,private,SF,105,105,0,0,0,0,0,0,0,0,0,0,0,0,0,0,0,0,2,2,0.0,0.0,0.0,0.0,1.0,0.0,0.0,255,254,1.0,0.01,0.01,0.0,0.0,0.0,0.0,0.0,normal
0,tcp,pop_3,SF,30,217,0,0,0,0,0,1,0,0,0,0,0,0,0,0,0,0,1,1,0.0,0.0,0.0,0.0,1.0,0.0,0.0,25,3,0.12,0.2,0.04,0.0,0.0,0.0,0.0,0.0,guess_passwd
0,udp,domain_u,SF,45,71,0,0,0,0,0,0,0,0,0,0,0,0,0,0,0,0,106,106,0.0,0.0,0.0,0.0,1.0,0.0,0.0,243,220,0.91,0.01,0.01,0.0,0.0,0.0,0.0,0.0,normal
0,icmp,eco_i,SF,20,0,0,0,0,0,0,0,0,0,0,0,0,0,0,0,0,0,1,61,0.0,0.0,0.0,0.0,1.0,0.0,1.0,2,255,1.0,0.0,1.0,0.25,0.0,0.0,0.0,0.0,saint
0,tcp,mtp,REJ,0,0,0,0,0,0,0,0,0,0,0,0,0,0,0,0,0,0,241,14,0.0,0.0,1.0,1.0,0.06,0.07,0.0,255,14,0.05,0.06,0.0,0.0,0.0,0.0,1.0,1.0,neptune
0,tcp,http,SF,326,4068,0,0,0,0,0,1,0,0,0,0,0,0,0,0,0,0,12,13,0.0,0.0,0.0,0.0,1.0,0.0,0.15,85,253,1.0,0.0,0.01,0.02,0.0,0.0,0.0,0.0,normal
0,tcp,telnet,REJ,0,0,0,0,0,0,0,0,0,0,0,0,0,0,0,0,0,0,1,7,0.0,0.0,1.0,0.86,1.0,0.0,0.86,140,85,0.33,0.04,0.01,0.02,0.0,0.0,0.89,0.69,mscan
0,tcp,http,SF,54540,8314,0,0,0,2,0,1,1,0,0,0,0,0,0,0,0,0,5,6,0.0,0.0,0.0,0.0,1.0,0.0,0.33,255,254,1.0,0.01,0.0,0.0,0.0,0.0,0.03,0.03,back
0,udp,private,SF,105,146,0,0,0,0,0,0,0,0,0,0,0,0,0,0,0,0,1,1,0.0,0.0,0.0,0.0,1.0,0.0,0.0,255,248,0.97,0.01,0.01,0.0,0.0,0.0,0.0,0.0,snmpgetattack
28,tcp,ftp_data,SF,6291668,0,0,0,0,0,0,0,0,0,0,0,0,0,0,0,0,0,1,1,0.0,0.0,0.0,0.0,1.0,0.0,0.0,6,51,0.17,0.67,0.17,0.04,0.0,0.0,0.0,0.0,normal
0,tcp,http,SF,315,4485,0,0,0,0,0,1,0,0,0,0,0,0,0,0,0,0,3,3,0.0,0.0,0.0,0.0,1.0,0.0,0.0,255,255,1.0,0.0,0.0,0.0,0.0,0.0,0.0,0.0,normal
0,tcp,pop_3,S0,0,0,0,0,0,0,0,0,0,0,0,0,0,0,0,0,0,0,1,5,1.0,1.0,0.0,0.0,1.0,0.0,1.0,11,83,0.27,0.27,0.09,0.04,1.0,1.0,0.0,0.0,mscan
0,tcp,private,REJ,0,0,0,0,0,0,0,0,0,0,0,0,0,0,0,0,0,0,224,8,0.0,0.0,1.0,1.0,0.04,0.07,0.0,255,8,0.03,0.08,0.0,0.0,0.0,0.0,1.0,1.0,neptune
0,tcp,http,SF,218,1791,0,0,0,0,0,1,0,0,0,0,0,0,0,0,0,0,14,20,0.0,0.0,0.0,0.0,1.0,0.0,0.2,14,255,1.0,0.0,0.07,0.02,0.0,0.0,0.0,0.0,normal
1,tcp,smtp,SF,1038,336,0,0,0,0,0,1,0,0,0,0,0,0,0,0,0,0,1,2,0.0,0.0,0.0,0.0,1.0,0.0,1.0,100,142,0.45,0.05,0.01,0.01,0.0,0.0,0.0,0.0,normal
0,tcp,telnet,SF,123,174,0,0,0,0,1,0,0,0,0,0,0,0,0,0,0,0,1,1,0.0,0.0,0.0,0.0,1.0,0.0,0.0,255,72,0.28,0.02,0.0,0.0,0.0,0.0,0.01,0.04,guess_passwd
7314,tcp,telnet,SF,0,44,0,0,0,0,0,0,0,0,0,0,0,0,0,0,0,0,1,1,0.0,0.0,0.0,0.0,1.0,0.0,0.0,255,232,0.91,0.02,0.0,0.0,0.27,0.3,0.01,0.0,processtable
0,tcp,http,SF,340,327,0,0,0,0,0,1,0,0,0,0,0,0,0,0,0,0,3,30,0.0,0.0,0.0,0.0,1.0,0.0,0.1,255,255,1.0,0.0,0.0,0.0,0.0,0.0,0.0,0.0,normal
0,tcp,ftp_data,SF,505,0,0,0,0,0,0,0,0,0,0,0,0,0,0,0,0,0,2,2,0.0,0.0,0.0,0.0,1.0,0.0,0.0,4,2,0.5,0.5,0.5,0.0,0.0,0.0,0.5,0.0,named
0,tcp,http,SF,231,11802,0,0,0,0,0,1,0,0,0,0,0,0,0,0,0,0,16,41,0.0,0.0,0.0,0.0,1.0,0.0,0.15,74,255,1.0,0.0,0.01,0.02,0.0,0.0,0.0,0.0,normal
0,udp,private,SF,41,0,0,0,0,0,0,0,0,0,0,0,0,0,0,0,0,0,3,3,0.0,0.0,0.0,0.0,1.0,0.0,0.0,255,253,0.99,0.01,0.0,0.0,0.0,0.0,0.0,0.0,snmpguess
0,tcp,http,SF,219,413,0,0,0,0,0,1,0,0,0,0,0,0,0,0,0,0,20,20,0.0,0.0,0.0,0.0,1.0,0.0,0.0,20,255,1.0,0.0,0.05,0.04,0.0,0.0,0.0,0.0,normal
0,udp,private,SF,54,50,0,0,0,0,0,0,0,0,0,0,0,0,0,0,0,0,264,264,0.0,0.0,0.0,0.0,1.0,0.0,0.0,255,255,1.0,0.0,0.86,0.0,0.0,0.0,0.0,0.0,normal
0,tcp,courier,REJ,0,0,0,0,0,0,0,0,0,0,0,0,0,0,0,0,0,0,137,17,0.0,0.0,1.0,1.0,0.12,0.06,0.0,255,17,0.07,0.05,0.0,0.0,0.0,0.0,1.0,1.0,neptune
0,tcp,http,SF,245,2058,0,0,0,0,0,1,0,0,0,0,0,0,0,0,0,0,5,5,0.0,0.0,0.0,0.0,1.0,0.0,0.0,114,255,1.0,0.0,0.01,0.05,0.01,0.0,0.0,0.0,normal
0,tcp,http,SF,347,668,0,0,0,0,0,1,0,0,0,0,0,0,0,0,0,0,31,31,0.0,0.0,0.0,0.0,1.0,0.0,0.0,255,255,1.0,0.0,0.0,0.0,0.0,0.0,0.0,0.0,normal
0,tcp,http,SF,199,1025,0,0,0,0,0,1,0,0,0,0,0,0,0,0,0,0,5,17,0.0,0.0,0.0,0.0,1.0,0.0,0.12,5,77,1.0,0.0,0.2,0.09,0.0,0.0,0.0,0.0,normal
11,tcp,telnet,SF,151,2482,0,0,0,1,0,1,0,0,0,0,0,0,0,0,0,1,4,1,0.0,0.0,0.0,0.0,0.25,0.5,0.0,255,2,0.01,0.02,0.0,0.0,0.0,0.0,0.0,0.0,multihop
0,tcp,http,SF,244,3822,0,0,0,0,0,1,0,0,0,0,0,0,0,0,0,0,34,34,0.0,0.0,0.0,0.0,1.0,0.0,0.0,255,255,1.0,0.0,0.0,0.0,0.0,0.0,0.0,0.0,normal
0,tcp,http,SF,232,1879,0,0,0,0,0,1,0,0,0,0,0,0,0,0,0,0,12,16,0.0,0.0,0.0,0.0,1.0,0.0,0.31,255,255,1.0,0.0,0.0,0.0,0.0,0.0,0.0,0.0,normal
0,tcp,smtp,SF,1239,336,0,0,0,0,0,1,0,0,0,0,0,0,0,0,0,0,1,3,0.0,0.0,0.0,0.0,1.0,0.0,1.0,243,163,0.67,0.03,0.0,0.0,0.0,0.0,0.0,0.0,normal
0,tcp,telnet,S0,0,0,0,0,0,0,0,0,0,0,0,0,0,0,0,0,0,0,140,140,1.0,1.0,0.0,0.0,1.0,0.0,0.0,255,191,0.75,0.07,0.0,0.0,0.71,0.95,0.02,0.0,neptune
0,tcp,http,SF,244,4539,0,0,0,0,0,1,0,0,0,0,0,0,0,0,0,0,9,9,0.0,0.0,0.0,0.0,1.0,0.0,0.0,255,255,1.0,0.0,0.0,0.0,0.0,0.0,0.0,0.0,normal
0,tcp,http,SF,300,405,0,0,0,0,0,1,0,0,0,0,0,0,0,0,0,0,3,3,0.0,0.0,0.0,0.0,1.0,0.0,0.0,21,255,1.0,0.0,0.05,0.01,0.0,0.0,0.0,0.0,normal
0,tcp,Z39_50,REJ,0,0,0,0,0,0,0,0,0,0,0,0,0,0,0,0,0,0,269,11,0.0,0.0,1.0,1.0,0.04,0.06,0.0,255,11,0.04,0.07,0.0,0.0,0.0,0.0,1.0,1.0,neptune
0,tcp,http,SF,197,1026,0,0,0,0,0,1,0,0,0,0,0,0,0,0,0,0,18,18,0.0,0.0,0.0,0.0,1.0,0.0,0.0,55,255,1.0,0.0,0.02,0.04,0.0,0.0,0.0,0.0,normal
0,tcp,http,SF,256,446,0,0,0,0,0,1,0,0,0,0,0,0,0,0,0,0,12,13,0.0,0.0,0.0,0.0,1.0,0.0,0.15,237,255,1.0,0.0,0.0,0.01,0.0,0.0,0.0,0.0,normal
4,tcp,pop_3,SF,32,93,0,0,0,0,0,1,0,0,0,0,0,0,0,0,0,0,1,1,0.0,0.0,0.0,0.0,1.0,0.0,0.0,255,234,0.92,0.02,0.0,0.0,0.0,0.0,0.02,0.0,guess_passwd
0,tcp,http,SF,212,16244,0,0,0,0,0,1,0,0,0,0,0,0,0,0,0,0,7,23,0.0,0.0,0.0,0.0,1.0,0.0,0.09,7,255,1.0,0.0,0.14,0.05,0.0,0.0,0.0,0.0,normal
0,udp,private,SF,55,54,0,0,0,0,0,0,0,0,0,0,0,0,0,0,0,0,511,511,0.0,0.0,0.0,0.0,1.0,0.0,0.0,255,255,1.0,0.0,0.85,0.0,0.0,0.0,0.0,0.0,normal
281,tcp,ftp,SF,166,601,0,0,0,2,0,1,0,0,0,0,0,0,0,0,0,1,1,1,0.0,0.0,0.0,0.0,1.0,0.0,0.0,255,46,0.18,0.02,0.0,0.0,0.0,0.0,0.53,0.0,warezmaster
0,tcp,ssh,S0,0,0,0,0,0,0,0,0,0,0,0,0,0,0,0,0,0,0,179,16,1.0,1.0,0.0,0.0,0.09,0.08,0.0,255,16,0.06,0.09,0.0,0.0,1.0,1.0,0.0,0.0,neptune
0,tcp,http,SF,303,2134,0,0,0,0,0,1,0,0,0,0,0,0,0,0,0,0,5,5,0.0,0.0,0.0,0.0,1.0,0.0,0.0,46,255,1.0,0.0,0.02,0.03,0.0,0.0,0.0,0.0,normal
0,udp,private,SF,44,0,0,0,0,0,0,0,0,0,0,0,0,0,0,0,0,0,3,3,0.0,0.0,0.0,0.0,1.0,0.0,0.0,255,255,1.0,0.0,0.02,0.0,0.0,0.0,0.0,0.0,snmpguess
0,tcp,remote_job,REJ,0,0,0,0,0,0,0,0,0,0,0,0,0,0,0,0,0,0,269,8,0.0,0.0,1.0,1.0,0.03,0.06,0.0,255,8,0.03,0.06,0.0,0.0,0.0,0.0,1.0,1.0,neptune
0,tcp,http,SF,232,4296,0,0,0,0,0,1,0,0,0,0,0,0,0,0,0,0,3,9,0.0,0.0,0.0,0.0,1.0,0.0,0.33,33,255,1.0,0.0,0.03,0.01,0.0,0.0,0.0,0.0,normal
0,tcp,ssh,REJ,0,0,0,0,0,0,0,0,0,0,0,0,0,0,0,0,0,0,189,4,0.0,0.0,1.0,1.0,0.02,0.07,0.0,255,4,0.02,0.07,0.0,0.0,0.0,0.0,1.0,1.0,neptune
0,tcp,http,SF,359,335,0,0,0,0,0,1,0,0,0,0,0,0,0,0,0,0,18,18,0.0,0.0,0.0,0.0,1.0,0.0,0.0,238,255,1.0,0.0,0.0,0.01,0.0,0.0,0.0,0.0,normal
0,udp,domain_u,SF,46,135,0,0,0,0,0,0,0,0,0,0,0,0,0,0,0,0,156,236,0.0,0.0,0.0,0.0,0.99,0.01,0.01,255,254,1.0,0.01,0.0,0.0,0.0,0.0,0.0,0.0,normal
0,tcp,sql_net,REJ,0,0,0,0,0,0,0,0,0,0,0,0,0,0,0,0,0,0,209,17,0.0,0.0,1.0,1.0,0.08,0.07,0.0,255,17,0.07,0.07,0.0,0.0,0.0,0.0,1.0,1.0,neptune
0,tcp,http,SF,293,13534,0,0,0,0,0,1,0,0,0,0,0,0,0,0,0,0,8,8,0.0,0.0,0.0,0.0,1.0,0.0,0.0,8,237,1.0,0.0,0.12,0.07,0.0,0.0,0.0,0.0,normal
0,tcp,private,RSTR,0,0,0,0,0,0,0,0,0,0,0,0,0,0,0,0,0,0,1,1,0.0,0.0,1.0,1.0,1.0,0.0,0.0,183,1,0.01,0.66,0.65,0.0,0.0,0.0,0.66,1.0,portsweep
0,icmp,ecr_i,SF,1480,0,0,1,0,0,0,0,0,0,0,0,0,0,0,0,0,0,1,3,0.0,0.0,0.0,0.0,1.0,0.0,0.67,1,17,1.0,0.0,1.0,0.53,0.0,0.0,0.0,0.0,pod
0,tcp,echo,RSTO,0,0,0,0,0,0,0,0,0,0,0,0,0,0,0,0,0,0,245,2,0.0,0.0,1.0,1.0,0.01,0.07,0.0,255,2,0.01,0.07,0.0,0.0,0.0,0.0,1.0,1.0,neptune
2066,tcp,http,RSTR,71104,0,0,0,0,0,0,1,0,0,0,0,0,0,0,0,0,0,9,9,0.0,0.0,1.0,1.0,1.0,0.0,0.0,255,244,0.96,0.01,0.0,0.0,0.02,0.02,0.51,0.53,apache2
0,tcp,http,SF,234,5381,0,0,0,0,0,1,0,0,0,0,0,0,0,0,0,0,8,35,0.0,0.0,0.0,0.0,1.0,0.0,0.09,233,255,1.0,0.0,0.0,0.01,0.0,0.0,0.0,0.0,normal
0,tcp,http,SF,211,1447,0,0,0,0,0,1,0,0,0,0,0,0,0,0,0,0,2,2,0.0,0.0,0.0,0.0,1.0,0.0,0.0,94,94,1.0,0.0,0.01,0.0,0.0,0.0,0.0,0.0,normal
0,tcp,http,SF,293,16414,0,0,0,0,0,1,0,0,0,0,0,0,0,0,0,0,6,6,0.0,0.0,0.0,0.0,1.0,0.0,0.0,255,255,1.0,0.0,0.01,0.0,0.0,0.0,0.0,0.0,normal
0,tcp,efs,REJ,0,0,0,0,0,0,0,0,0,0,0,0,0,0,0,0,0,0,105,12,0.0,0.0,1.0,1.0,0.11,0.07,0.0,255,12,0.05,0.05,0.0,0.0,0.0,0.0,1.0,1.0,neptune
0,tcp,http,SF,202,313,0,0,0,0,0,1,0,0,0,0,0,0,0,0,0,0,44,44,0.0,0.0,0.0,0.0,1.0,0.0,0.0,255,255,1.0,0.0,0.0,0.0,0.0,0.0,0.0,0.0,normal
0,tcp,private,SH,0,0,0,0,0,0,0,0,0,0,0,0,0,0,0,0,0,0,1,1,1.0,1.0,0.0,0.0,1.0,0.0,0.0,5,1,0.2,1.0,1.0,0.0,1.0,1.0,0.0,0.0,nmap
282,tcp,ftp,SF,162,599,0,0,0,2,0,1,0,0,0,0,0,0,0,0,0,1,1,1,0.0,0.0,0.0,0.0,1.0,0.0,0.0,230,77,0.33,0.03,0.0,0.0,0.0,0.0,0.0,0.0,warezmaster
0,tcp,daytime,RSTO,0,0,0,0,0,0,0,0,0,0,0,0,0,0,0,0,0,0,106,1,0.0,0.0,1.0,1.0,0.01,0.08,0.0,255,1,0.0,0.14,0.0,0.0,0.0,0.0,0.96,1.0,neptune
0,tcp,http,SF,222,3821,0,0,0,0,0,1,0,0,0,0,0,0,0,0,0,0,3,3,0.0,0.0,0.0,0.0,1.0,0.0,0.0,57,255,1.0,0.0,0.02,0.01,0.0,0.0,0.0,0.0,normal
0,udp,domain_u,SF,45,130,0,0,0,0,0,0,0,0,0,0,0,0,0,0,0,0,137,217,0.0,0.0,0.0,0.0,1.0,0.0,0.01,255,255,1.0,0.0,0.0,0.0,0.0,0.0,0.0,0.0,normal
0,tcp,http,SF,300,1197,0,0,0,0,0,1,0,0,0,0,0,0,0,0,0,0,3,7,0.0,0.0,0.0,0.0,1.0,0.0,0.29,18,255,1.0,0.0,0.06,0.04,0.0,0.0,0.0,0.0,normal
1,tcp,smtp,SF,2599,293,0,0,0,0,0,1,0,0,0,0,0,0,0,0,0,0,3,3,0.0,0.0,0.0,0.0,1.0,0.0,0.0,255,31,0.12,0.16,0.0,0.0,0.0,0.0,0.86,0.0,mailbomb
8233,tcp,telnet,SF,0,15,0,0,0,0,0,0,0,0,0,0,0,0,0,0,0,0,1,1,0.0,0.0,0.0,0.0,1.0,0.0,0.0,255,3,0.01,0.87,0.0,0.0,0.0,0.0,0.85,0.0,processtable
0,tcp,http,SF,179,745,0,0,0,0,0,1,0,0,0,0,0,0,0,0,0,0,8,8,0.0,0.0,0.0,0.0,1.0,0.0,0.0,119,255,1.0,0.0,0.01,0.03,0.0,0.0,0.0,0.0,normal
1,tcp,smtp,SF,2599,293,0,0,0,0,0,1,0,0,0,0,0,0,0,0,0,0,3,3,0.0,0.0,0.0,0.0,1.0,0.0,0.0,255,175,0.69,0.13,0.0,0.0,0.0,0.0,0.3,0.0,mailbomb
280,tcp,ftp_data,SF,283618,0,0,0,0,0,0,0,0,0,0,0,0,0,0,0,0,0,2,2,0.0,0.0,0.0,0.0,1.0,0.0,0.0,2,28,1.0,0.0,1.0,0.14,0.0,0.0,0.0,0.0,warezmaster
0,tcp,http,SF,214,32259,0,0,0,0,0,1,0,0,0,0,0,0,0,0,0,0,5,6,0.0,0.0,0.0,0.0,1.0,0.0,0.33,97,255,1.0,0.0,0.01,0.02,0.0,0.0,0.0,0.0,normal
0,tcp,ftp_data,REJ,0,0,0,0,0,0,0,0,0,0,0,0,0,0,0,0,0,0,285,20,0.0,0.0,1.0,1.0,0.07,0.06,0.0,255,20,0.08,0.05,0.0,0.0,0.0,0.0,1.0,1.0,neptune
0,tcp,http,SF,296,6482,0,0,0,0,0,1,0,0,0,0,0,0,0,0,0,0,23,27,0.0,0.0,0.0,0.0,1.0,0.0,0.15,255,255,1.0,0.0,0.0,0.0,0.0,0.0,0.0,0.0,normal
0,tcp,finger,S0,0,0,1,0,0,0,0,0,0,0,0,0,0,0,0,0,0,0,1,2,1.0,1.0,0.0,0.0,1.0,0.0,1.0,255,3,0.01,0.03,0.0,0.0,0.51,0.33,0.02,0.0,land
0,udp,private,SF,46,44,0,0,0,0,0,0,0,0,0,0,0,0,0,0,0,0,22,22,0.0,0.0,0.0,0.0,1.0,0.0,0.0,255,255,1.0,0.0,0.22,0.0,0.0,0.0,0.0,0.0,normal
0,tcp,private,S0,0,0,0,0,0,0,0,0,0,0,0,0,0,0,0,0,0,0,131,4,1.0,1.0,0.0,0.0,0.03,0.09,0.0,255,4,0.02,0.09,0.0,0.0,1.0,1.0,0.0,0.0,neptune
281,tcp,ftp,SF,160,597,0,0,0,2,0,1,0,0,0,0,0,0,0,0,0,1,1,1,0.0,0.0,0.0,0.0,1.0,0.0,0.0,255,112,0.44,0.03,0.0,0.0,0.0,0.0,0.0,0.0,warezmaster
0,tcp,http,SF,307,415,0,0,0,0,0,1,0,0,0,0,0,0,0,0,0,0,1,1,0.0,0.0,0.0,0.0,1.0,0.0,0.0,255,255,1.0,0.0,0.0,0.0,0.0,0.0,0.0,0.0,normal
0,tcp,http,SF,320,753,0,0,0,0,0,1,0,0,0,0,0,0,0,0,0,0,2,2,0.0,0.0,0.0,0.0,1.0,0.0,0.0,68,255,1.0,0.0,0.01,0.02,0.0,0.0,0.0,0.0,normal
1,tcp,smtp,SF,3122,331,0,0,0,0,0,1,0,0,0,0,0,0,0,0,0,0,1,3,0.0,0.0,0.0,0.0,1.0,0.0,1.0,45,118,0.6,0.07,0.02,0.02,0.0,0.0,0.0,0.0,normal
0,tcp,http,SF,54540,8314,0,0,0,2,0,1,1,0,0,0,0,0,0,0,0,0,4,4,0.0,0.0,0.25,0.25,1.0,0.0,0.0,255,254,1.0,0.01,0.0,0.0,0.0,0.0,0.07,0.07,back
0,tcp,other,REJ,0,0,0,0,0,0,0,0,0,0,0,0,0,0,0,0,0,0,511,1,0.14,0.0,0.86,1.0,0.0,1.0,0.0,255,1,0.0,0.94,0.0,0.0,0.13,0.0,0.87,1.0,satan
0,tcp,telnet,SF,128,174,0,0,0,0,1,0,0,0,0,0,0,0,0,0,0,0,1,1,0.0,0.0,0.0,0.0,1.0,0.0,0.0,255,254,1.0,0.01,0.0,0.0,0.01,0.01,0.02,0.02,guess_passwd
0,udp,domain_u,SF,45,82,0,0,0,0,0,0,0,0,0,0,0,0,0,0,0,0,156,155,0.0,0.0,0.0,0.0,0.99,0.01,0.0,255,253,0.99,0.01,0.01,0.0,0.0,0.0,0.0,0.0,normal
899,tcp,http,RSTR,71584,0,0,0,0,0,0,1,0,0,0,0,0,0,0,0,0,0,33,33,0.06,0.06,0.94,0.94,1.0,0.0,0.0,255,255,1.0,0.0,0.0,0.0,0.01,0.01,0.6,0.6,apache2
0,udp,private,SF,1,0,0,0,0,0,0,0,0,0,0,0,0,0,0,0,0,0,24,1,0.0,0.0,0.0,0.0,0.04,0.42,0.0,255,1,0.0,0.56,0.99,0.0,0.0,0.0,0.01,0.0,satan
0,tcp,private,REJ,0,0,0,0,0,0,0,0,0,0,0,0,0,0,0,0,0,0,236,5,0.0,0.0,1.0,1.0,0.02,0.06,0.0,255,5,0.02,0.07,0.0,0.0,0.0,0.0,1.0,1.0,neptune
0,icmp,ecr_i,SF,1032,0,0,0,0,0,0,0,0,0,0,0,0,0,0,0,0,0,156,156,0.0,0.0,0.0,0.0,1.0,0.0,0.0,255,254,1.0,0.01,1.0,0.0,0.0,0.0,0.0,0.0,smurf
0,tcp,auth,S0,0,0,0,0,0,0,0,0,0,0,0,0,0,0,0,0,0,0,171,14,1.0,1.0,0.0,0.0,0.08,0.09,0.0,255,14,0.05,0.08,0.0,0.0,1.0,1.0,0.0,0.0,neptune
4,tcp,pop_3,SF,32,93,0,0,0,0,0,1,0,0,0,0,0,0,0,0,0,0,1,1,0.0,0.0,0.0,0.0,1.0,0.0,0.0,255,188,0.74,0.02,0.0,0.0,0.0,0.0,0.1,0.0,guess_passwd
1,tcp,smtp,SF,2599,293,0,0,0,0,0,1,0,0,0,0,0,0,0,0,0,0,2,2,0.0,0.0,0.0,0.0,1.0,0.0,0.0,255,3,0.01,0.16,0.0,0.0,0.0,0.0,0.97,0.0,mailbomb
0,tcp,http,SF,201,3844,0,0,0,0,0,1,0,0,0,0,0,0,0,0,0,0,7,7,0.0,0.0,0.0,0.0,1.0,0.0,0.0,7,255,1.0,0.0,0.14,0.04,0.0,0.0,0.0,0.0,normal
0,tcp,private,REJ,0,0,0,0,0,0,0,0,0,0,0,0,0,0,0,0,0,0,234,1,0.11,0.0,0.89,1.0,0.0,1.0,0.0,255,1,0.0,0.88,0.0,0.0,0.1,0.0,0.76,1.0,satan
4,tcp,pop_3,SF,27,93,0,0,0,0,0,1,0,0,0,0,0,0,0,0,0,0,1,1,0.0,0.0,0.0,0.0,1.0,0.0,0.0,255,211,0.83,0.02,0.0,0.0,0.0,0.0,0.04,0.0,guess_passwd
0,tcp,http,SF,204,356,0,0,0,0,0,1,0,0,0,0,0,0,0,0,0,0,6,7,0.0,0.0,0.0,0.0,1.0,0.0,0.29,55,106,1.0,0.0,0.02,0.04,0.0,0.01,0.0,0.0,normal
0,udp,private,SF,42,0,0,0,0,0,0,0,0,0,0,0,0,0,0,0,0,0,5,5,0.0,0.0,0.0,0.0,1.0,0.0,0.0,255,253,0.99,0.01,0.01,0.0,0.0,0.0,0.0,0.0,snmpguess
0,tcp,sunrpc,REJ,0,0,0,0,0,0,0,0,0,0,0,0,0,0,0,0,0,0,1,4,0.0,0.0,1.0,1.0,1.0,0.0,1.0,255,28,0.11,0.03,0.0,0.0,0.0,0.0,0.52,1.0,mscan
0,tcp,ftp_data,SF,738,0,0,0,0,0,0,0,0,0,0,0,0,0,0,0,0,0,2,2,0.0,0.0,0.0,0.0,1.0,0.0,0.0,89,12,0.13,0.04,0.13,0.0,0.0,0.0,0.0,0.0,normal
0,tcp,smtp,SF,0,83,0,0,0,0,0,1,0,0,0,0,0,0,0,0,0,0,1,1,0.0,0.0,0.0,0.0,1.0,0.0,0.0,235,188,0.73,0.02,0.0,0.01,0.0,0.0,0.01,0.01,normal
0,tcp,ftp_data,SF,868,0,0,0,0,0,0,0,0,0,0,0,0,0,0,0,0,0,1,1,0.0,0.0,0.0,0.0,1.0,0.0,0.0,148,84,0.29,0.03,0.29,0.02,0.0,0.0,0.0,0.0,normal
0,tcp,private,REJ,0,0,0,0,0,0,0,0,0,0,0,0,0,0,0,0,0,0,239,7,0.0,0.0,1.0,1.0,0.03,0.07,0.0,255,7,0.03,0.07,0.0,0.0,0.0,0.0,1.0,1.0,neptune
0,tcp,ftp,SF,26,157,0,0,0,0,1,0,0,0,0,0,0,0,0,0,0,1,1,1,0.0,0.0,0.0,0.0,1.0,0.0,0.0,59,31,0.53,0.07,0.02,0.0,0.0,0.0,0.0,0.0,guess_passwd
0,tcp,http,SF,290,611,0,0,0,0,0,1,0,0,0,0,0,0,0,0,0,0,3,3,0.0,0.0,0.0,0.0,1.0,0.0,0.0,115,255,1.0,0.0,0.01,0.03,0.0,0.0,0.0,0.0,normal
0,tcp,http,SF,209,10064,0,0,0,0,0,1,0,0,0,0,0,0,0,0,0,0,26,26,0.0,0.0,0.0,0.0,1.0,0.0,0.0,255,255,1.0,0.0,0.0,0.0,0.0,0.0,0.0,0.0,normal
0,tcp,http,SF,297,415,0,0,0,0,0,1,0,0,0,0,0,0,0,0,0,0,9,10,0.0,0.0,0.0,0.0,1.0,0.0,0.2,255,255,1.0,0.0,0.0,0.0,0.0,0.0,0.0,0.0,normal
0,tcp,daytime,RSTO,0,0,0,0,0,0,0,0,0,0,0,0,0,0,0,0,0,0,274,9,0.0,0.0,1.0,1.0,0.03,0.06,0.0,255,9,0.04,0.06,0.0,0.0,0.0,0.0,1.0,1.0,neptune
0,tcp,http,SF,325,1931,0,0,0,0,0,1,0,0,0,0,0,0,0,0,0,0,7,7,0.0,0.0,0.0,0.0,1.0,0.0,0.0,11,255,1.0,0.0,0.09,0.04,0.0,0.0,0.0,0.0,normal
0,tcp,private,S0,0,0,0,0,0,0,0,0,0,0,0,0,0,0,0,0,0,0,135,16,1.0,1.0,0.0,0.0,0.12,0.06,0.0,255,16,0.06,0.06,0.0,0.0,1.0,1.0,0.0,0.0,neptune
0,tcp,ftp_data,SF,192,0,0,0,0,0,0,0,0,0,0,0,0,0,0,0,0,0,1,1,0.0,0.0,0.0,0.0,1.0,0.0,0.0,135,42,0.19,0.03,0.19,0.05,0.0,0.0,0.0,0.0,normal
4,tcp,pop_3,SF,32,93,0,0,0,0,0,1,0,0,0,0,0,0,0,0,0,0,1,1,0.0,0.0,0.0,0.0,1.0,0.0,0.0,255,133,0.52,0.02,0.0,0.0,0.0,0.0,0.17,0.0,guess_passwd
5,tcp,pop_3,SF,30,93,0,0,0,0,0,1,0,0,0,0,0,0,0,0,0,0,1,1,0.0,0.0,0.0,0.0,1.0,0.0,0.0,255,255,1.0,0.0,0.0,0.0,0.0,0.0,0.0,0.0,guess_passwd
0,tcp,ftp_data,SF,12,0,0,0,0,0,0,0,0,0,0,0,0,0,0,0,0,0,1,1,0.0,0.0,0.0,0.0,1.0,0.0,0.0,3,19,1.0,0.0,1.0,0.21,0.0,0.0,0.0,0.0,warezmaster
0,tcp,private,REJ,0,0,0,0,0,0,0,0,0,0,0,0,0,0,0,0,0,0,214,11,0.0,0.0,1.0,1.0,0.05,0.06,0.0,255,11,0.04,0.07,0.0,0.0,0.0,0.0,1.0,1.0,neptune
0,tcp,http,SF,319,1665,0,0,0,0,0,1,0,0,0,0,0,0,0,0,0,0,6,10,0.0,0.0,0.0,0.0,1.0,0.0,0.2,6,255,1.0,0.0,0.17,0.01,0.0,0.0,0.0,0.0,normal
0,tcp,kshell,S0,0,0,0,0,0,0,0,0,0,0,0,0,0,0,0,0,0,0,43,6,1.0,1.0,0.0,0.0,0.14,0.19,0.0,255,6,0.02,0.17,0.0,0.0,1.0,1.0,0.0,0.0,neptune
0,udp,private,SF,46,43,0,0,0,0,0,0,0,0,0,0,0,0,0,0,0,0,30,30,0.0,0.0,0.0,0.0,1.0,0.0,0.0,255,255,1.0,0.0,0.14,0.0,0.0,0.0,0.0,0.0,normal
0,udp,private,SF,105,145,0,0,0,0,0,0,0,0,0,0,0,0,0,0,0,0,2,2,0.0,0.0,0.0,0.0,1.0,0.0,0.0,255,254,1.0,0.01,0.0,0.0,0.0,0.0,0.0,0.0,normal
0,icmp,ecr_i,SF,1008,0,0,0,0,0,0,0,0,0,0,0,0,0,0,0,0,0,476,476,0.0,0.0,0.0,0.0,1.0,0.0,0.0,255,255,1.0,0.0,1.0,0.0,0.0,0.0,0.0,0.0,smurf
0,udp,domain_u,SF,46,46,0,0,0,0,0,0,0,0,0,0,0,0,0,0,0,0,130,210,0.0,0.0,0.0,0.0,1.0,0.0,0.01,255,255,1.0,0.0,0.01,0.0,0.0,0.0,0.0,0.0,normal
0,icmp,eco_i,SF,8,0,0,0,0,0,0,0,0,0,0,0,0,0,0,0,0,0,1,4,0.0,0.0,0.0,0.0,1.0,0.0,1.0,2,2,1.0,0.0,1.0,0.0,0.0,0.0,0.0,0.0,ipsweep
0,tcp,http,SF,329,834,0,0,0,0,0,1,0,0,0,0,0,0,0,0,0,0,8,8,0.0,0.0,0.0,0.0,1.0,0.0,0.0,45,236,1.0,0.0,0.02,0.04,0.0,0.0,0.0,0.0,normal
0,tcp,telnet,REJ,0,0,0,0,0,0,0,0,0,0,0,0,0,0,0,0,0,0,1,24,0.0,0.12,1.0,0.83,1.0,0.0,0.92,238,14,0.02,0.03,0.0,0.14,0.0,0.0,0.02,0.43,mscan
0,tcp,smtp,SF,0,83,0,0,0,0,0,1,0,0,0,0,0,0,0,0,0,0,2,1,0.0,0.0,0.0,0.0,0.5,1.0,0.0,255,99,0.39,0.04,0.0,0.0,0.01,0.0,0.0,0.0,normal
0,tcp,http,SF,213,728,0,0,0,0,0,1,0,0,0,0,0,0,0,0,0,0,8,8,0.0,0.0,0.0,0.0,1.0,0.0,0.0,8,255,1.0,0.0,0.12,0.02,0.0,0.0,0.0,0.0,normal
0,tcp,kshell,REJ,0,0,0,0,0,0,0,0,0,0,0,0,0,0,0,0,0,0,132,18,0.0,0.0,1.0,1.0,0.14,0.05,0.0,255,18,0.07,0.05,0.0,0.0,0.0,0.0,1.0,1.0,neptune
0,tcp,private,S0,0,0,0,0,0,0,0,0,0,0,0,0,0,0,0,0,0,0,180,6,1.0,1.0,0.0,0.0,0.03,0.08,0.0,255,6,0.02,0.09,0.0,0.0,1.0,1.0,0.0,0.0,neptune
0,tcp,other,REJ,0,0,0,0,0,0,0,0,0,0,0,0,0,0,0,0,0,0,371,1,0.15,0.0,0.82,1.0,0.0,1.0,0.0,255,1,0.0,0.97,0.0,0.0,0.11,0.0,0.87,1.0,satan
0,tcp,http,SF,292,1486,0,0,0,0,0,1,0,0,0,0,0,0,0,0,0,0,19,19,0.0,0.0,0.0,0.0,1.0,0.0,0.0,19,255,1.0,0.0,0.05,0.03,0.0,0.0,0.0,0.0,normal
0,udp,private,SF,1,1,0,0,0,0,0,0,0,0,0,0,0,0,0,0,0,0,112,1,0.0,0.0,0.0,0.0,0.01,0.96,0.0,255,1,0.0,0.84,1.0,0.0,0.0,0.0,0.0,0.0,satan
0,tcp,pop_3,RSTO,0,36,0,0,0,0,0,1,0,0,0,0,0,0,0,0,0,0,3,9,0.0,0.0,1.0,0.89,0.33,1.0,1.0,218,59,0.23,0.02,0.0,0.03,0.0,0.0,0.9,1.0,mscan
0,tcp,http,SF,224,12884,0,0,0,0,0,1,0,0,0,0,0,0,0,0,0,0,2,2,0.5,0.5,0.0,0.0,1.0,0.0,0.0,255,255,1.0,0.0,0.0,0.0,0.0,0.0,0.0,0.0,normal
817,tcp,http,RSTR,60884,0,0,0,0,0,0,1,0,0,0,0,0,0,0,0,0,0,81,81,0.02,0.02,0.98,0.98,1.0,0.0,0.0,255,253,0.99,0.01,0.0,0.0,0.01,0.01,0.38,0.38,apache2
909,tcp,http,RSTR,55044,0,0,0,0,0,0,1,0,0,0,0,0,0,0,0,0,0,55,55,0.02,0.02,0.96,0.96,1.0,0.0,0.0,255,255,1.0,0.0,0.0,0.0,0.0,0.0,0.21,0.21,apache2
0,tcp,http,SF,314,3340,0,0,0,0,0,1,0,0,0,0,0,0,0,0,0,0,9,9,0.0,0.0,0.0,0.0,1.0,0.0,0.0,36,255,1.0,0.0,0.03,0.08,0.0,0.0,0.0,0.0,normal
0,icmp,ecr_i,SF,1480,0,0,1,0,0,0,0,0,0,0,0,0,0,0,0,0,0,1,3,0.0,0.0,0.0,0.0,1.0,0.0,0.67,1,9,1.0,0.0,1.0,0.56,0.0,0.0,0.0,0.0,pod
3,tcp,pop_3,SF,30,93,0,0,0,0,0,1,0,0,0,0,0,0,0,0,0,0,1,1,0.0,0.0,0.0,0.0,1.0,0.0,0.0,255,217,0.85,0.04,0.0,0.0,0.0,0.0,0.0,0.0,guess_passwd
0,tcp,http,SF,227,9859,0,0,0,0,0,1,0,0,0,0,0,0,0,0,0,0,2,2,0.0,0.0,0.0,0.0,1.0,0.0,0.0,40,255,1.0,0.0,0.03,0.04,0.0,0.0,0.0,0.0,normal
4,tcp,pop_3,SF,31,93,0,0,0,0,0,1,0,0,0,0,0,0,0,0,0,0,1,1,0.0,0.0,0.0,0.0,1.0,0.0,0.0,255,206,0.81,0.02,0.0,0.0,0.0,0.0,0.07,0.0,guess_passwd
0,tcp,http,SF,326,1404,0,0,0,0,0,1,0,0,0,0,0,0,0,0,0,0,11,17,0.0,0.0,0.0,0.0,1.0,0.0,0.12,138,255,1.0,0.0,0.01,0.04,0.0,0.0,0.0,0.0,normal
0,tcp,http,SF,54540,8314,0,0,0,2,0,1,1,0,0,0,0,0,0,0,0,0,3,11,0.0,0.0,0.0,0.0,1.0,0.0,0.36,255,255,1.0,0.0,0.0,0.0,0.0,0.0,0.07,0.07,back
0,tcp,sunrpc,REJ,0,0,0,0,0,0,0,0,0,0,0,0,0,0,0,0,0,0,4,10,0.0,0.0,1.0,1.0,0.25,1.0,1.0,255,38,0.15,0.03,0.0,0.0,0.01,0.0,0.67,1.0,mscan
0,tcp,http,SF,233,1215,0,0,0,0,0,1,0,0,0,0,0,0,0,0,0,0,13,14,0.0,0.0,0.0,0.0,1.0,0.0,0.14,255,255,1.0,0.0,0.0,0.0,0.0,0.0,0.0,0.0,normal
0,tcp,http,SF,284,294,0,0,0,0,0,1,0,0,0,0,0,0,0,0,0,0,10,10,0.0,0.0,0.0,0.0,1.0,0.0,0.0,70,255,1.0,0.0,0.01,0.01,0.0,0.0,0.0,0.0,normal
4,tcp,http,RSTR,33580,4380,0,0,0,1,0,1,0,0,0,0,0,0,0,0,0,0,3,3,0.0,0.0,0.67,0.67,1.0,0.0,0.0,255,255,1.0,0.0,0.0,0.0,0.01,0.01,0.07,0.07,back
0,tcp,private,REJ,0,0,0,0,0,0,0,0,0,0,0,0,0,0,0,0,0,0,280,19,0.0,0.0,1.0,1.0,0.07,0.06,0.0,255,19,0.07,0.05,0.0,0.0,0.0,0.0,1.0,1.0,neptune
0,udp,private,SF,105,147,0,0,0,0,0,0,0,0,0,0,0,0,0,0,0,0,2,2,0.0,0.0,0.0,0.0,1.0,0.0,0.0,255,253,0.99,0.01,0.01,0.0,0.0,0.0,0.0,0.0,normal
0,tcp,http_443,S0,0,0,0,0,0,0,0,0,0,0,0,0,0,0,0,0,0,0,128,12,1.0,1.0,0.0,0.0,0.09,0.06,0.0,255,12,0.05,0.06,0.0,0.0,1.0,1.0,0.0,0.0,neptune
0,udp,private,SF,28,0,0,3,0,0,0,0,0,0,0,0,0,0,0,0,0,0,83,83,0.0,0.0,0.0,0.0,1.0,0.0,0.0,255,83,0.33,0.02,0.33,0.0,0.19,0.0,0.21,0.0,normal
0,tcp,private,REJ,0,0,0,0,0,0,0,0,0,0,0,0,0,0,0,0,0,0,250,19,0.0,0.0,1.0,1.0,0.08,0.06,0.0,255,19,0.07,0.06,0.0,0.0,0.0,0.0,1.0,1.0,neptune
0,tcp,private,REJ,0,0,0,0,0,0,0,0,0,0,0,0,0,0,0,0,0,0,117,11,0.0,0.0,1.0,1.0,0.09,0.06,0.0,255,11,0.04,0.06,0.0,0.0,0.0,0.0,1.0,1.0,neptune
280,tcp,ftp_data,SF,283618,0,0,0,0,0,0,0,0,0,0,0,0,0,0,0,0,0,1,1,0.0,0.0,0.0,0.0,1.0,0.0,0.0,7,7,1.0,0.0,1.0,0.0,0.0,0.0,0.0,0.0,warezmaster
0,udp,private,SF,43,0,0,0,0,0,0,0,0,0,0,0,0,0,0,0,0,0,6,6,0.0,0.0,0.0,0.0,1.0,0.0,0.0,255,254,1.0,0.01,0.01,0.0,0.0,0.0,0.0,0.0,snmpguess
0,tcp,telnet,S3,0,44,0,0,0,0,0,0,0,0,0,0,0,0,0,0,0,0,1,1,1.0,1.0,0.0,0.0,1.0,0.0,0.0,255,157,0.62,0.03,0.0,0.0,0.33,0.53,0.11,0.08,processtable
0,udp,private,SF,1,1,0,0,0,0,0,0,0,0,0,0,0,0,0,0,0,0,47,1,0.0,0.0,0.0,0.0,0.02,0.94,0.0,255,1,0.0,0.58,0.97,0.0,0.0,0.0,0.03,0.0,satan
0,tcp,efs,S0,0,0,0,0,0,0,0,0,0,0,0,0,0,0,0,0,0,0,148,20,1.0,1.0,0.0,0.0,0.14,0.05,0.0,255,20,0.08,0.05,0.0,0.0,1.0,1.0,0.0,0.0,neptune
280,tcp,ftp_data,SF,283618,0,0,0,0,0,0,0,0,0,0,0,0,0,0,0,0,0,1,1,0.0,0.0,0.0,0.0,1.0,0.0,0.0,3,3,1.0,0.0,1.0,0.0,0.0,0.0,0.0,0.0,warezmaster
0,tcp,private,REJ,0,0,0,0,0,0,0,0,0,0,0,0,0,0,0,0,0,0,196,1,0.0,0.0,1.0,1.0,0.01,0.09,0.0,255,1,0.0,0.07,0.0,0.0,0.0,0.0,1.0,1.0,neptune
0,tcp,http,SF,285,280,0,0,0,0,0,1,0,0,0,0,0,0,0,0,0,0,4,5,0.0,0.0,0.0,0.0,1.0,0.0,0.4,255,255,1.0,0.0,0.0,0.0,0.0,0.0,0.0,0.0,normal
0,tcp,http,SF,211,63112,0,0,0,0,0,1,0,0,0,0,0,0,0,0,0,0,5,5,0.0,0.0,0.0,0.0,1.0,0.0,0.0,54,255,1.0,0.0,0.02,0.04,0.0,0.0,0.0,0.0,normal
0,udp,private,SF,105,146,0,0,0,0,0,0,0,0,0,0,0,0,0,0,0,0,4,4,0.0,0.0,0.0,0.0,1.0,0.0,0.0,255,255,1.0,0.0,0.0,0.0,0.0,0.0,0.0,0.0,normal
282,tcp,ftp,SF,160,599,0,0,0,2,0,1,0,0,0,0,0,0,0,0,0,1,1,1,0.0,0.0,0.0,0.0,1.0,0.0,0.0,255,24,0.09,0.02,0.0,0.0,0.02,0.0,0.33,0.0,warezmaster
0,tcp,http,SF,145,16063,0,0,0,0,0,1,0,0,0,0,0,0,0,0,0,0,2,2,0.0,0.0,0.0,0.0,1.0,0.0,0.0,2,249,1.0,0.0,0.5,0.05,0.0,0.0,0.0,0.0,normal
0,tcp,private,S0,0,0,0,0,0,0,0,0,0,0,0,0,0,0,0,0,0,0,110,3,1.0,1.0,0.0,0.0,0.03,0.07,0.0,255,3,0.01,0.06,0.0,0.0,1.0,1.0,0.0,0.0,neptune
0,udp,other,SF,1,1,0,0,0,0,0,0,0,0,0,0,0,0,0,0,0,0,291,1,0.0,0.0,0.0,0.0,0.0,1.0,0.0,255,1,0.0,1.0,1.0,0.0,0.0,0.0,0.0,0.0,satan
0,tcp,http,SF,347,1152,0,0,0,0,0,1,0,0,0,0,0,0,0,0,0,0,14,15,0.0,0.0,0.0,0.0,1.0,0.0,0.13,120,251,1.0,0.0,0.01,0.04,0.0,0.0,0.0,0.0,normal
0,tcp,smtp,SF,828,333,0,0,0,0,0,1,0,0,0,0,0,0,0,0,0,0,1,1,0.0,0.0,0.0,0.0,1.0,0.0,0.0,212,163,0.73,0.02,0.0,0.01,0.0,0.0,0.0,0.0,normal
0,tcp,http,SF,298,1026,0,0,0,0,0,1,0,0,0,0,0,0,0,0,0,0,4,4,0.0,0.0,0.0,0.0,1.0,0.0,0.0,4,255,1.0,0.0,0.25,0.12,0.0,0.0,0.0,0.0,normal
0,tcp,http,SF,298,2701,0,0,0,0,0,1,0,0,0,0,0,0,0,0,0,0,3,7,0.0,0.0,0.0,0.0,1.0,0.0,0.29,73,255,1.0,0.0,0.01,0.03,0.01,0.0,0.0,0.0,normal
0,icmp,ecr_i,SF,1032,0,0,0,0,0,0,0,0,0,0,0,0,0,0,0,0,0,358,358,0.0,0.0,0.0,0.0,1.0,0.0,0.0,255,255,1.0,0.0,1.0,0.0,0.0,0.0,0.0,0.0,smurf
0,tcp,private,REJ,0,0,0,0,0,0,0,0,0,0,0,0,0,0,0,0,0,0,105,3,0.0,0.0,1.0,1.0,0.03,0.08,0.0,255,3,0.01,0.06,0.0,0.0,0.01,0.0,0.99,1.0,neptune
0,tcp,finger,SF,8,223,0,0,0,0,0,0,0,0,0,0,0,0,0,0,0,0,1,1,0.0,0.0,0.0,0.0,1.0,0.0,0.0,27,13,0.04,0.15,0.04,0.15,0.0,0.0,0.0,0.0,normal
0,tcp,ftp,SF,26,157,0,0,0,0,1,0,0,0,0,0,0,0,0,0,0,1,1,1,0.0,0.0,0.0,0.0,1.0,0.0,0.0,52,26,0.5,0.08,0.02,0.0,0.0,0.0,0.0,0.0,guess_passwd
0,tcp,http,SF,293,592,0,0,0,0,0,1,0,0,0,0,0,0,0,0,0,0,6,9,0.0,0.0,0.0,0.0,1.0,0.0,0.33,142,255,1.0,0.0,0.01,0.01,0.0,0.0,0.0,0.0,normal
7236,tcp,telnet,SF,0,44,0,0,0,0,0,0,0,0,0,0,0,0,0,0,0,0,1,1,0.0,0.0,0.0,0.0,1.0,0.0,0.0,255,248,0.97,0.02,0.0,0.0,0.33,0.34,0.04,0.02,processtable
0,udp,other,SF,1,0,0,0,0,0,0,0,0,0,0,0,0,0,0,0,0,0,20,1,0.0,0.0,0.0,0.0,0.05,0.45,0.0,255,1,0.0,0.73,1.0,0.0,0.0,0.0,0.0,0.0,satan
0,tcp,http,SF,224,379,0,0,0,0,0,1,0,0,0,0,0,0,0,0,0,0,11,11,0.0,0.0,0.0,0.0,1.0,0.0,0.0,76,255,1.0,0.0,0.01,0.02,0.0,0.0,0.0,0.0,normal
0,tcp,login,RSTO,0,0,0,0,0,0,0,0,0,0,0,0,0,0,0,0,0,0,140,2,0.0,0.0,1.0,1.0,0.01,0.06,0.0,255,2,0.01,0.06,0.0,0.0,0.0,0.0,1.0,1.0,neptune
0,tcp,telnet,REJ,0,0,0,0,0,0,0,0,0,0,0,0,0,0,0,0,0,0,4,17,0.0,0.18,1.0,0.53,0.25,1.0,0.76,255,22,0.09,0.03,0.0,0.0,0.0,0.0,0.22,0.73,mscan
0,tcp,private,REJ,0,0,0,0,0,0,0,0,0,0,0,0,0,0,0,0,0,0,198,3,0.0,0.0,1.0,1.0,0.02,0.07,0.0,255,3,0.01,0.08,0.0,0.0,0.0,0.0,1.0,1.0,neptune
0,tcp,http,SF,238,34587,0,0,0,0,0,1,0,0,0,0,0,0,0,0,0,0,1,8,0.0,0.0,0.0,0.0,1.0,0.0,0.25,255,255,1.0,0.0,0.0,0.0,0.0,0.0,0.0,0.0,normal
0,tcp,telnet,RSTO,0,0,0,0,0,0,0,0,0,0,0,0,0,0,0,0,0,0,43,9,0.0,0.0,1.0,1.0,0.21,0.09,0.0,255,57,0.22,0.11,0.01,0.0,0.0,0.0,0.99,1.0,neptune
0,tcp,http,SF,217,192,0,0,0,0,0,1,0,0,0,0,0,0,0,0,0,0,1,1,0.0,0.0,0.0,0.0,1.0,0.0,0.0,86,255,1.0,0.0,0.01,0.01,0.0,0.0,0.0,0.0,normal
0,tcp,telnet,S3,0,44,0,0,0,0,0,0,0,0,0,0,0,0,0,0,0,0,1,1,1.0,1.0,0.0,0.0,1.0,0.0,0.0,255,121,0.47,0.02,0.0,0.0,0.53,0.39,0.01,0.01,processtable
0,udp,domain_u,SF,42,42,0,0,0,0,0,0,0,0,0,0,0,0,0,0,0,0,9,13,0.0,0.0,0.0,0.0,1.0,0.0,0.15,255,255,1.0,0.0,0.0,0.0,0.0,0.0,0.0,0.0,normal
0,tcp,telnet,RSTO,0,15,0,0,0,0,0,0,0,0,0,0,0,0,0,0,0,0,1,3,0.0,0.0,1.0,0.67,1.0,0.0,0.67,158,85,0.33,0.03,0.01,0.02,0.0,0.0,0.89,0.68,mscan
4,tcp,imap4,RSTO,0,44,0,0,0,0,0,0,0,0,0,0,0,0,0,0,0,0,2,13,0.0,0.08,1.0,0.77,0.5,1.0,0.92,255,9,0.04,0.03,0.0,0.0,0.01,0.11,0.12,0.89,mscan
0,tcp,imap4,S0,0,0,0,0,0,0,0,0,0,0,0,0,0,0,0,0,0,0,1,2,1.0,1.0,0.0,0.0,1.0,0.0,1.0,9,60,0.33,0.33,0.11,0.05,1.0,0.05,0.0,0.95,mscan
0,tcp,other,REJ,0,0,0,0,0,0,0,0,0,0,0,0,0,0,0,0,0,0,1,1,0.0,0.0,1.0,1.0,1.0,0.0,0.0,255,9,0.04,0.01,0.0,0.0,0.0,0.0,0.04,1.0,httptunnel
0,tcp,http,SF,340,284,0,0,0,0,0,1,0,0,0,0,0,0,0,0,0,0,11,11,0.0,0.0,0.0,0.0,1.0,0.0,0.0,255,255,1.0,0.0,0.0,0.0,0.0,0.0,0.0,0.0,normal
0,udp,private,SF,48,48,0,0,0,0,0,0,0,0,0,0,0,0,0,0,0,0,2,2,0.0,0.0,0.0,0.0,1.0,0.0,0.0,255,254,1.0,0.01,0.01,0.0,0.0,0.0,0.0,0.0,snmpguess
2075,tcp,http,RSTR,72564,0,0,0,0,0,0,1,0,0,0,0,0,0,0,0,0,0,12,12,0.0,0.0,1.0,1.0,1.0,0.0,0.0,255,233,0.91,0.02,0.0,0.0,0.0,0.0,0.13,0.14,apache2
0,udp,private,SF,53,50,0,0,0,0,0,0,0,0,0,0,0,0,0,0,0,0,243,243,0.0,0.0,0.0,0.0,1.0,0.0,0.0,255,255,1.0,0.0,0.86,0.0,0.0,0.0,0.0,0.0,normal
280,tcp,ftp_data,SF,283618,0,0,0,0,0,0,0,0,0,0,0,0,0,0,0,0,0,1,1,0.0,0.0,0.0,0.0,1.0,0.0,0.0,3,13,1.0,0.0,1.0,0.31,0.0,0.0,0.0,0.0,warezmaster
0,tcp,private,RSTO,0,0,0,0,0,0,0,0,0,0,0,0,0,0,0,0,0,0,108,9,0.0,0.0,1.0,1.0,0.08,0.06,0.0,255,9,0.04,0.06,0.0,0.0,0.0,0.0,1.0,1.0,neptune
0,tcp,http,SF,225,330,0,0,0,0,0,1,0,0,0,0,0,0,0,0,0,0,22,23,0.0,0.0,0.0,0.0,1.0,0.0,0.09,255,255,1.0,0.0,0.0,0.0,0.0,0.0,0.0,0.0,normal
0,tcp,imap4,REJ,0,0,0,0,0,0,0,0,0,0,0,0,0,0,0,0,0,0,2,11,0.0,0.0,1.0,0.91,0.5,1.0,1.0,75,59,0.25,0.07,0.01,0.03,0.0,0.0,0.91,0.97,mscan
0,tcp,http,SF,342,1209,0,0,0,0,0,1,0,0,0,0,0,0,0,0,0,0,7,7,0.0,0.0,0.0,0.0,1.0,0.0,0.0,255,255,1.0,0.0,0.0,0.0,0.0,0.0,0.0,0.0,normal
11,tcp,private,SF,6,0,0,0,0,0,0,0,0,0,0,0,0,0,0,0,0,0,510,1,0.01,0.0,0.97,0.0,0.0,1.0,0.0,255,1,0.0,1.0,0.0,0.0,0.02,0.0,0.98,0.0,satan
3,tcp,imap4,RSTO,0,44,0,0,0,0,0,0,0,0,0,0,0,0,0,0,0,0,2,14,0.0,0.0,1.0,1.0,0.5,1.0,1.0,255,15,0.06,0.03,0.0,0.0,0.0,0.0,0.2,0.87,mscan
0,tcp,ftp_data,SF,687,0,0,0,0,0,0,0,0,0,0,0,0,0,0,0,0,0,1,1,0.0,0.0,0.0,0.0,1.0,0.0,0.0,6,1,0.17,0.5,0.17,0.0,0.0,0.0,0.0,0.0,normal
0,udp,private,SF,52,50,0,0,0,0,0,0,0,0,0,0,0,0,0,0,0,0,509,509,0.0,0.0,0.0,0.0,1.0,0.0,0.0,255,255,1.0,0.0,0.86,0.0,0.0,0.0,0.0,0.0,normal
0,tcp,http,SF,281,740,0,0,0,0,0,1,0,0,0,0,0,0,0,0,0,0,11,11,0.0,0.0,0.0,0.0,1.0,0.0,0.0,23,255,1.0,0.0,0.04,0.01,0.0,0.0,0.0,0.0,normal
0,tcp,http,SF,309,1215,0,0,0,0,0,1,0,0,0,0,0,0,0,0,0,0,14,16,0.0,0.0,0.0,0.0,1.0,0.0,0.19,255,255,1.0,0.0,0.0,0.0,0.0,0.0,0.0,0.0,normal
2,tcp,telnet,SF,24,574,0,0,0,0,0,0,0,0,0,0,0,0,0,0,0,0,3,6,0.0,0.0,0.67,0.33,0.33,1.0,0.67,184,85,0.34,0.03,0.01,0.02,0.0,0.0,0.89,0.68,mscan
0,tcp,private,RSTR,0,0,0,0,0,0,0,0,0,0,0,0,0,0,0,0,0,0,1,1,0.0,0.0,1.0,1.0,1.0,0.0,0.0,255,1,0.0,0.08,0.06,0.0,0.0,0.0,1.0,1.0,portsweep
0,tcp,http,SF,318,762,0,0,0,0,0,1,0,0,0,0,0,0,0,0,0,0,34,34,0.0,0.0,0.0,0.0,1.0,0.0,0.0,255,255,1.0,0.0,0.0,0.0,0.0,0.0,0.0,0.0,normal
0,tcp,http,SF,212,15171,0,0,0,0,0,1,0,0,0,0,0,0,0,0,0,0,6,7,0.0,0.0,0.0,0.0,1.0,0.0,0.29,7,247,1.0,0.0,0.14,0.04,0.0,0.0,0.0,0.0,normal
0,tcp,http,SF,201,2445,0,0,0,0,0,1,0,0,0,0,0,0,0,0,0,0,6,6,0.0,0.0,0.0,0.0,1.0,0.0,0.0,128,255,1.0,0.0,0.01,0.02,0.0,0.0,0.0,0.0,normal
0,tcp,private,REJ,0,0,0,0,0,0,0,0,0,0,0,0,0,0,0,0,0,0,262,8,0.0,0.0,1.0,1.0,0.03,0.06,0.0,255,8,0.03,0.07,0.0,0.0,0.0,0.0,1.0,1.0,neptune
0,tcp,http,SF,216,12345,0,0,0,0,0,1,0,0,0,0,0,0,0,0,0,0,8,11,0.0,0.0,0.0,0.0,1.0,0.0,0.18,8,255,1.0,0.0,0.12,0.05,0.0,0.0,0.0,0.0,normal
0,tcp,http,SF,221,1212,0,0,0,0,0,1,0,0,0,0,0,0,0,0,0,0,3,3,0.0,0.0,0.0,0.0,1.0,0.0,0.0,129,255,1.0,0.0,0.01,0.01,0.0,0.0,0.0,0.0,normal
7466,tcp,telnet,SF,0,44,0,0,0,0,0,0,0,0,0,0,0,0,0,0,0,0,1,1,0.0,0.0,0.0,0.0,1.0,0.0,0.0,255,191,0.75,0.24,0.0,0.0,0.5,0.66,0.24,0.01,processtable
0,tcp,ftp_data,SF,12,0,0,0,0,0,0,0,0,0,0,0,0,0,0,0,0,0,1,1,0.0,0.0,0.0,0.0,1.0,0.0,0.0,3,11,1.0,0.0,1.0,0.18,0.0,0.0,0.0,0.0,warezmaster
799,tcp,http,RSTR,57964,0,0,0,0,0,0,1,0,0,0,0,0,0,0,0,0,0,88,88,0.02,0.02,0.98,0.98,1.0,0.0,0.0,255,253,0.99,0.01,0.0,0.0,0.01,0.01,0.47,0.47,apache2
0,tcp,private,REJ,0,0,0,0,0,0,0,0,0,0,0,0,0,0,0,0,0,0,281,20,0.0,0.0,1.0,1.0,0.07,0.06,0.0,255,20,0.08,0.06,0.0,0.0,0.0,0.0,1.0,1.0,neptune
0,tcp,private,RSTR,0,0,0,0,0,0,0,0,0,0,0,0,0,0,0,0,0,0,1,1,0.0,0.0,1.0,1.0,1.0,0.0,0.0,255,1,0.0,0.85,0.84,0.0,0.0,0.0,0.85,1.0,portsweep
0,tcp,http,SF,313,573,0,0,0,0,0,1,0,0,0,0,0,0,0,0,0,0,11,11,0.0,0.0,0.0,0.0,1.0,0.0,0.0,42,42,1.0,0.0,0.02,0.0,0.0,0.0,0.0,0.0,normal
0,tcp,http,SF,321,809,0,0,0,0,0,1,0,0,0,0,0,0,0,0,0,0,6,17,0.0,0.0,0.0,0.0,1.0,0.0,0.12,6,241,1.0,0.0,0.17,0.03,0.0,0.0,0.0,0.0,normal
0,tcp,http,S0,0,0,0,0,0,0,0,0,0,0,0,0,0,0,0,0,0,0,33,33,0.55,0.55,0.42,0.42,1.0,0.0,0.0,255,255,1.0,0.0,0.0,0.0,0.1,0.1,0.7,0.7,apache2
0,tcp,nntp,S0,0,0,0,0,0,0,0,0,0,0,0,0,0,0,0,0,0,0,130,20,1.0,1.0,0.0,0.0,0.15,0.05,0.0,255,20,0.08,0.05,0.0,0.0,1.0,1.0,0.0,0.0,neptune
0,tcp,http,SF,221,310,0,0,0,0,0,1,0,0,0,0,0,0,0,0,0,0,6,6,0.0,0.0,0.0,0.0,1.0,0.0,0.0,168,255,1.0,0.0,0.01,0.02,0.0,0.0,0.0,0.0,normal
163,tcp,http,SF,257,274,0,0,0,0,0,1,0,0,0,0,0,0,0,0,0,0,1,1,0.0,0.0,0.0,0.0,1.0,0.0,0.0,255,252,0.99,0.01,0.0,0.0,0.0,0.0,0.0,0.0,normal
0,tcp,ftp_data,SF,1010,0,0,0,0,0,0,0,0,0,0,0,0,0,0,0,0,0,2,2,0.0,0.0,0.0,0.0,1.0,0.0,0.0,60,14,0.23,0.07,0.23,0.0,0.0,0.0,0.0,0.0,normal
0,tcp,http,SF,206,12746,0,0,0,0,0,1,0,0,0,0,0,0,0,0,0,0,29,29,0.0,0.0,0.0,0.0,1.0,0.0,0.0,184,255,1.0,0.0,0.01,0.02,0.0,0.0,0.0,0.0,normal
281,tcp,ftp,SF,160,597,0,0,0,2,0,1,0,0,0,0,0,0,0,0,0,1,1,1,0.0,0.0,0.0,0.0,1.0,0.0,0.0,20,16,0.8,0.15,0.05,0.0,0.0,0.0,0.0,0.0,warezmaster
0,tcp,sunrpc,REJ,0,0,0,0,0,0,0,0,0,0,0,0,0,0,0,0,0,0,1,2,0.0,0.0,1.0,1.0,1.0,0.0,1.0,130,52,0.18,0.04,0.01,0.04,0.0,0.0,0.89,1.0,mscan
0,udp,private,SF,1,0,0,0,0,0,0,0,0,0,0,0,0,0,0,0,0,0,6,1,0.0,0.0,0.0,0.0,0.17,0.5,0.0,255,1,0.0,0.18,1.0,0.0,0.0,0.0,0.0,0.0,saint
0,tcp,other,REJ,0,0,0,0,0,0,0,0,0,0,0,0,0,0,0,0,0,0,511,1,0.14,0.0,0.86,1.0,0.0,1.0,0.0,255,1,0.0,0.92,0.0,0.0,0.12,0.0,0.88,1.0,satan
0,tcp,http,SF,300,1278,0,0,0,0,0,1,0,0,0,0,0,0,0,0,0,0,6,7,0.0,0.0,0.0,0.0,1.0,0.0,0.29,21,255,1.0,0.0,0.05,0.02,0.0,0.0,0.0,0.0,normal
0,udp,private,SF,1,1,0,0,0,0,0,0,0,0,0,0,0,0,0,0,0,0,19,1,0.0,0.0,0.0,0.0,0.05,0.63,0.0,255,1,0.0,0.66,0.94,0.0,0.0,0.0,0.06,0.0,satan
0,tcp,other,REJ,0,0,0,0,0,0,0,0,0,0,0,0,0,0,0,0,0,0,495,1,0.06,0.0,0.94,1.0,0.0,1.0,0.0,255,1,0.0,1.0,0.0,0.0,0.07,0.0,0.93,1.0,saint
0,tcp,http,SF,303,308,0,0,0,0,0,1,0,0,0,0,0,0,0,0,0,0,9,11,0.0,0.0,0.0,0.0,1.0,0.0,0.18,255,255,1.0,0.0,0.0,0.0,0.0,0.0,0.0,0.0,normal
0,tcp,ftp_data,SF,12,0,0,0,0,0,0,0,0,0,0,0,0,0,0,0,0,0,1,1,0.0,0.0,0.0,0.0,1.0,0.0,0.0,3,15,1.0,0.0,1.0,0.2,0.0,0.0,0.0,0.0,warezmaster
0,udp,domain_u,SF,45,127,0,0,0,0,0,0,0,0,0,0,0,0,0,0,0,0,71,150,0.0,0.0,0.0,0.0,1.0,0.0,0.01,255,255,1.0,0.0,0.0,0.0,0.0,0.0,0.0,0.0,normal
0,tcp,ftp_data,SF,15377,0,0,0,0,0,0,0,0,0,0,0,0,0,0,0,0,0,2,1,0.0,0.0,0.0,0.0,0.5,1.0,0.0,255,11,0.04,0.02,0.04,0.0,0.0,0.0,0.0,0.0,normal
0,tcp,http,SF,238,1892,0,0,0,0,0,1,0,0,0,0,0,0,0,0,0,0,4,9,0.0,0.0,0.0,0.0,1.0,0.0,0.22,13,255,1.0,0.0,0.08,0.03,0.0,0.0,0.0,0.0,normal
0,tcp,ftp,SF,25,157,0,0,0,0,1,0,0,0,0,0,0,0,0,0,0,1,1,1,0.0,0.0,0.0,0.0,1.0,0.0,0.0,40,17,0.43,0.1,0.03,0.0,0.0,0.0,0.0,0.0,guess_passwd
0,udp,domain_u,SF,43,130,0,0,0,0,0,0,0,0,0,0,0,0,0,0,0,0,83,163,0.0,0.0,0.0,0.0,1.0,0.0,0.01,255,255,1.0,0.0,0.0,0.0,0.0,0.0,0.0,0.0,normal
0,tcp,private,S0,0,0,0,0,0,0,0,0,0,0,0,0,0,0,0,0,0,0,184,3,1.0,1.0,0.0,0.0,0.02,0.08,0.0,255,3,0.01,0.08,0.0,0.0,1.0,1.0,0.0,0.0,neptune
0,tcp,http,SF,292,6442,0,0,0,0,0,1,0,0,0,0,0,0,0,0,0,0,8,9,0.0,0.0,0.0,0.0,1.0,0.0,0.22,255,255,1.0,0.0,0.0,0.0,0.0,0.0,0.0,0.0,normal
0,tcp,other,REJ,0,0,0,0,0,0,0,0,0,0,0,0,0,0,0,0,0,0,511,1,0.08,0.0,0.92,1.0,0.0,1.0,0.0,255,1,0.0,1.0,0.0,0.0,0.13,0.0,0.87,1.0,saint
0,tcp,http,SF,168,42663,0,0,0,0,0,1,0,0,0,0,0,0,0,0,0,0,1,6,0.0,0.0,0.0,0.0,1.0,0.0,0.33,255,255,1.0,0.0,0.0,0.0,0.0,0.0,0.0,0.0,normal
0,tcp,imap4,S0,0,0,0,0,0,0,0,0,0,0,0,0,0,0,0,0,0,0,244,6,1.0,1.0,0.0,0.0,0.02,0.07,0.0,255,6,0.02,0.07,0.0,0.0,1.0,1.0,0.0,0.0,neptune
0,tcp,http,SF,307,290,0,0,0,0,0,1,0,0,0,0,0,0,0,0,0,0,6,6,0.0,0.0,0.0,0.0,1.0,0.0,0.0,255,255,1.0,0.0,0.0,0.0,0.0,0.0,0.0,0.0,normal
0,tcp,http,SF,230,327,0,0,0,0,0,1,0,0,0,0,0,0,0,0,0,0,11,21,0.0,0.0,0.0,0.0,1.0,0.0,0.14,218,255,1.0,0.0,0.0,0.01,0.0,0.0,0.0,0.0,normal
0,tcp,other,REJ,0,0,0,0,0,0,0,0,0,0,0,0,0,0,0,0,0,0,1,1,0.0,0.0,1.0,1.0,1.0,0.0,0.0,255,16,0.06,0.02,0.0,0.0,0.0,0.0,0.07,1.0,httptunnel
0,tcp,private,S0,0,0,0,0,0,0,0,0,0,0,0,0,0,0,0,0,0,0,142,9,1.0,1.0,0.0,0.0,0.06,0.06,0.0,255,9,0.04,0.06,0.0,0.0,1.0,1.0,0.0,0.0,neptune
0,tcp,http,SF,335,324,0,0,0,0,0,1,0,0,0,0,0,0,0,0,0,0,12,12,0.0,0.0,0.0,0.0,1.0,0.0,0.0,110,255,1.0,0.0,0.01,0.02,0.0,0.0,0.0,0.0,normal
0,tcp,private,REJ,0,0,0,0,0,0,0,0,0,0,0,0,0,0,0,0,0,0,228,11,0.0,0.0,1.0,1.0,0.05,0.07,0.0,255,11,0.04,0.06,0.0,0.0,0.0,0.0,1.0,1.0,neptune
0,tcp,http,SF,214,4268,0,0,0,0,0,1,0,0,0,0,0,0,0,0,0,0,39,39,0.0,0.0,0.0,0.0,1.0,0.0,0.0,255,255,1.0,0.0,0.0,0.0,0.0,0.0,0.0,0.0,normal
0,tcp,private,S0,0,0,0,0,0,0,0,0,0,0,0,0,0,0,0,0,0,0,107,13,1.0,1.0,0.0,0.0,0.12,0.07,0.0,255,13,0.05,0.06,0.0,0.0,1.0,1.0,0.0,0.0,neptune
282,tcp,ftp,SF,162,599,0,0,0,2,0,1,0,0,0,0,0,0,0,0,0,1,1,1,0.0,0.0,0.0,0.0,1.0,0.0,0.0,255,17,0.07,0.73,0.0,0.0,0.0,0.06,0.71,0.0,warezmaster
0,tcp,http,SF,222,2483,0,0,0,0,0,1,0,0,0,0,0,0,0,0,0,0,2,2,0.0,0.0,0.0,0.0,1.0,0.0,0.0,75,255,1.0,0.0,0.01,0.02,0.0,0.0,0.0,0.0,normal
0,tcp,private,REJ,0,0,0,0,0,0,0,0,0,0,0,0,0,0,0,0,0,0,135,1,0.0,0.0,1.0,1.0,0.01,0.06,0.0,255,1,0.0,0.06,0.0,0.0,0.0,0.0,1.0,1.0,neptune
0,tcp,telnet,SF,126,174,0,0,0,0,1,0,0,0,0,0,0,0,0,0,0,0,1,1,0.0,0.0,0.0,0.0,1.0,0.0,0.0,255,255,1.0,0.0,0.0,0.0,0.01,0.01,0.02,0.02,guess_passwd
0,tcp,pop_3,S0,0,0,0,0,0,0,0,0,0,0,0,0,0,0,0,0,0,0,1,2,1.0,1.0,0.0,0.0,1.0,0.0,1.0,255,85,0.33,0.01,0.0,0.0,1.0,1.0,0.0,0.0,mscan
0,tcp,http,SF,203,8495,0,0,0,0,0,1,0,0,0,0,0,0,0,0,0,0,5,5,0.0,0.0,0.0,0.0,1.0,0.0,0.0,5,255,1.0,0.0,0.2,0.04,0.0,0.0,0.0,0.0,normal
0,icmp,ecr_i,SF,520,0,0,0,0,0,0,0,0,0,0,0,0,0,0,0,0,0,259,259,0.0,0.0,0.0,0.0,1.0,0.0,0.0,255,255,1.0,0.0,1.0,0.0,0.0,0.0,0.0,0.0,smurf
0,tcp,http,SF,302,4841,0,0,0,0,0,1,0,0,0,0,0,0,0,0,0,0,2,2,0.0,0.0,0.0,0.0,1.0,0.0,0.0,213,255,1.0,0.0,0.0,0.04,0.0,0.0,0.0,0.0,normal
281,tcp,ftp,SF,158,593,0,0,0,2,0,1,0,0,0,0,0,0,0,0,0,1,1,1,0.0,0.0,0.0,0.0,1.0,0.0,0.0,255,95,0.37,0.03,0.0,0.0,0.0,0.0,0.0,0.0,warezmaster
0,tcp,imap4,REJ,0,0,0,0,0,0,0,0,0,0,0,0,0,0,0,0,0,0,2,11,0.0,0.0,1.0,1.0,0.5,1.0,1.0,226,14,0.05,0.03,0.0,0.14,0.0,0.0,0.18,1.0,mscan
801,tcp,http,RSTR,61504,1,0,0,0,0,0,1,0,0,0,0,0,0,0,0,0,0,26,26,0.0,0.0,1.0,1.0,1.0,0.0,0.0,255,253,0.99,0.01,0.0,0.0,0.01,0.01,0.59,0.59,apache2
71,tcp,telnet,SF,184,14497,0,0,0,0,0,1,0,0,0,0,0,0,0,0,0,0,1,1,0.0,0.0,0.0,0.0,1.0,0.0,0.0,86,85,0.01,0.05,0.01,0.02,0.0,0.0,0.0,0.74,normal
0,udp,private,SF,46,43,0,0,0,0,0,0,0,0,0,0,0,0,0,0,0,0,94,94,0.0,0.0,0.0,0.0,1.0,0.0,0.0,255,254,1.0,0.01,0.36,0.0,0.0,0.0,0.0,0.0,normal
0,tcp,private,REJ,0,0,0,0,0,0,0,0,0,0,0,0,0,0,0,0,0,0,104,7,0.0,0.0,1.0,1.0,0.07,0.08,0.0,255,7,0.03,0.06,0.0,0.0,0.0,0.0,1.0,1.0,neptune
0,tcp,http,SF,216,6028,0,0,0,0,0,1,0,0,0,0,0,0,0,0,0,0,3,3,0.0,0.0,0.0,0.0,1.0,0.0,0.0,93,230,1.0,0.0,0.01,0.04,0.0,0.0,0.0,0.0,normal
0,udp,private,SF,1,0,0,0,0,0,0,0,0,0,0,0,0,0,0,0,0,0,114,11,0.0,0.0,0.0,0.0,0.1,0.88,0.0,255,11,0.04,0.88,1.0,0.0,0.0,0.0,0.0,0.0,normal
0,tcp,other,REJ,0,0,0,0,0,0,0,0,0,0,0,0,0,0,0,0,0,0,1,1,0.0,0.0,1.0,1.0,1.0,0.0,0.0,255,8,0.03,0.02,0.0,0.0,0.0,0.0,0.03,1.0,httptunnel
0,tcp,http,SF,209,1511,0,0,0,0,0,1,0,0,0,0,0,0,0,0,0,0,3,23,0.0,0.87,0.0,0.0,1.0,0.0,0.09,255,255,1.0,0.0,0.0,0.0,0.0,0.0,0.0,0.0,normal
0,tcp,imap4,REJ,0,0,0,0,0,0,0,0,0,0,0,0,0,0,0,0,0,0,3,26,0.0,0.0,1.0,0.96,0.33,1.0,1.0,231,13,0.06,0.03,0.0,0.0,0.0,0.0,0.19,1.0,mscan
0,udp,domain_u,SF,42,42,0,0,0,0,0,0,0,0,0,0,0,0,0,0,0,0,4,6,0.0,0.0,0.0,0.0,1.0,0.0,0.33,255,252,0.99,0.01,0.0,0.0,0.0,0.0,0.0,0.0,normal
282,tcp,ftp,SF,161,597,0,0,0,2,0,1,0,0,0,0,0,0,0,0,0,1,1,1,0.0,0.0,0.0,0.0,1.0,0.0,0.0,52,29,0.56,0.06,0.02,0.0,0.0,0.0,0.0,0.0,warezmaster
0,tcp,private,REJ,0,0,0,0,0,0,0,0,0,0,0,0,0,0,0,0,0,0,227,19,0.0,0.0,1.0,1.0,0.08,0.07,0.0,255,19,0.07,0.07,0.0,0.0,0.0,0.0,1.0,1.0,neptune
0,tcp,private,REJ,0,0,0,0,0,0,0,0,0,0,0,0,0,0,0,0,0,0,232,20,0.0,0.0,1.0,1.0,0.09,0.07,0.0,255,20,0.08,0.08,0.0,0.0,0.0,0.0,1.0,1.0,neptune
0,tcp,http,SF,236,3222,0,0,0,0,0,1,0,0,0,0,0,0,0,0,0,0,5,5,0.0,0.0,0.0,0.0,1.0,0.0,0.0,255,248,0.97,0.01,0.0,0.0,0.0,0.0,0.0,0.0,normal
0,udp,domain_u,SF,44,44,0,0,0,0,0,0,0,0,0,0,0,0,0,0,0,0,3,7,0.0,0.0,0.0,0.0,1.0,0.0,0.29,255,250,0.98,0.01,0.01,0.0,0.0,0.0,0.0,0.0,normal
281,tcp,ftp,SF,156,593,0,0,0,2,0,1,0,0,0,0,0,0,0,0,0,1,1,1,0.0,0.0,0.0,0.0,1.0,0.0,0.0,255,3,0.01,0.02,0.0,0.0,0.33,0.0,0.04,0.0,warezmaster
0,tcp,http,SF,223,269,0,0,0,0,0,1,0,0,0,0,0,0,0,0,0,0,2,2,0.0,0.0,0.0,0.0,1.0,0.0,0.0,82,255,1.0,0.0,0.01,0.03,0.0,0.0,0.0,0.0,normal
0,tcp,private,S0,0,0,0,0,0,0,0,0,0,0,0,0,0,0,0,0,0,0,261,18,1.0,1.0,0.0,0.0,0.07,0.06,0.0,255,18,0.07,0.06,0.0,0.0,1.0,1.0,0.0,0.0,neptune
0,tcp,private,REJ,0,0,0,0,0,0,0,0,0,0,0,0,0,0,0,0,0,0,232,9,0.0,0.0,1.0,1.0,0.04,0.08,0.0,255,9,0.04,0.08,0.0,0.0,0.0,0.0,1.0,1.0,neptune
0,tcp,ftp_data,SF,12,0,0,0,0,0,0,0,0,0,0,0,0,0,0,0,0,0,2,2,0.0,0.0,0.0,0.0,1.0,0.0,0.0,4,5,1.0,0.0,1.0,0.4,0.0,0.0,0.0,0.0,warezmaster
7,tcp,imap4,RSTO,0,44,0,0,0,0,0,0,0,0,0,0,0,0,0,0,0,0,1,9,0.0,0.0,1.0,1.0,1.0,0.0,1.0,251,6,0.02,0.03,0.0,0.33,0.0,0.0,0.06,1.0,mscan
0,tcp,ctf,REJ,0,0,0,0,0,0,0,0,0,0,0,0,0,0,0,0,0,0,283,20,0.0,0.0,1.0,1.0,0.07,0.06,0.0,255,20,0.08,0.06,0.0,0.0,0.0,0.0,1.0,1.0,neptune
0,tcp,private,RSTR,0,0,0,0,0,0,0,0,0,0,0,0,0,0,0,0,0,0,1,1,0.0,0.0,1.0,1.0,1.0,0.0,0.0,255,1,0.0,0.36,0.32,0.0,0.0,0.0,0.9,1.0,portsweep
1,tcp,smtp,SF,2599,293,0,0,0,0,0,1,0,0,0,0,0,0,0,0,0,0,2,2,0.0,0.0,0.0,0.0,1.0,0.0,0.0,255,49,0.19,0.16,0.0,0.0,0.0,0.0,0.79,0.0,mailbomb
0,tcp,imap4,SF,0,0,0,0,0,0,0,0,0,0,0,0,0,0,0,0,0,0,2,22,0.0,0.05,0.5,0.68,0.5,1.0,0.95,9,58,0.22,0.56,0.11,0.03,0.0,0.0,0.56,0.97,mscan
0,tcp,http,SF,222,10372,0,0,0,0,0,1,0,0,0,0,0,0,0,0,0,0,4,5,0.0,0.0,0.0,0.0,1.0,0.0,0.4,74,255,1.0,0.0,0.01,0.01,0.0,0.0,0.0,0.0,normal
0,tcp,http,SF,291,8625,0,0,0,0,0,1,0,0,0,0,0,0,0,0,0,0,21,23,0.0,0.0,0.0,0.0,1.0,0.0,0.09,76,255,1.0,0.0,0.01,0.03,0.0,0.0,0.0,0.0,normal
0,tcp,private,S0,0,0,0,0,0,0,0,0,0,0,0,0,0,0,0,0,0,0,118,17,1.0,1.0,0.0,0.0,0.14,0.06,0.0,128,17,0.13,0.07,0.01,0.0,1.0,1.0,0.0,0.0,neptune
0,udp,private,SF,1,1,0,0,0,0,0,0,0,0,0,0,0,0,0,0,0,0,105,1,0.0,0.0,0.0,0.0,0.01,1.0,0.0,255,1,0.0,0.98,1.0,0.0,0.0,0.0,0.0,0.0,satan
903,tcp,http,RSTR,59424,0,0,0,0,0,0,1,0,0,0,0,0,0,0,0,0,0,20,20,0.05,0.05,0.9,0.9,1.0,0.0,0.0,255,255,1.0,0.0,0.0,0.0,0.0,0.0,0.07,0.07,apache2
116,tcp,http,SF,222,242,0,0,0,0,0,1,0,0,0,0,0,0,0,0,0,0,3,16,0.0,0.0,0.0,0.06,1.0,0.0,0.19,216,255,1.0,0.0,0.0,0.02,0.0,0.0,0.0,0.0,normal
905,tcp,http,RSTR,78404,0,0,0,0,0,0,1,0,0,0,0,0,0,0,0,0,0,46,46,0.02,0.02,0.96,0.96,1.0,0.0,0.0,255,255,1.0,0.0,0.0,0.0,0.0,0.0,0.17,0.17,apache2
0,tcp,ftp_data,SF,12,0,0,0,0,0,0,0,0,0,0,0,0,0,0,0,0,0,1,1,0.0,0.0,0.0,0.0,1.0,0.0,0.0,9,25,1.0,0.0,1.0,0.12,0.0,0.0,0.0,0.0,warezmaster
0,tcp,http,SF,291,409,0,0,0,0,0,1,0,0,0,0,0,0,0,0,0,0,40,40,0.0,0.0,0.0,0.0,1.0,0.0,0.0,164,255,1.0,0.0,0.01,0.03,0.0,0.0,0.0,0.0,normal
0,tcp,sunrpc,REJ,0,0,0,0,0,0,0,0,0,0,0,0,0,0,0,0,0,0,1,3,0.0,0.0,1.0,1.0,1.0,0.0,1.0,255,11,0.04,0.03,0.0,0.0,0.0,0.0,0.22,1.0,mscan
0,tcp,http,SF,275,2055,0,0,0,0,0,1,0,0,0,0,0,0,0,0,0,0,4,5,0.0,0.0,0.0,0.0,1.0,0.0,0.4,192,255,1.0,0.0,0.01,0.02,0.0,0.0,0.0,0.0,normal
0,tcp,other,REJ,0,0,0,0,0,0,0,0,0,0,0,0,0,0,0,0,0,0,436,1,0.05,0.0,0.95,1.0,0.0,1.0,0.0,255,1,0.0,1.0,0.0,0.0,0.04,0.0,0.96,1.0,saint
0,tcp,http,SF,309,14691,0,0,0,0,0,1,0,0,0,0,0,0,0,0,0,0,2,2,0.0,0.0,0.0,0.0,1.0,0.0,0.0,224,255,1.0,0.0,0.0,0.01,0.0,0.0,0.0,0.0,normal
0,tcp,http,S0,0,0,0,0,0,0,0,0,0,0,0,0,0,0,0,0,0,0,12,12,1.0,1.0,0.0,0.0,1.0,0.0,0.0,255,245,0.96,0.01,0.0,0.0,0.14,0.15,0.56,0.59,apache2
0,tcp,netbios_dgm,REJ,0,0,0,0,0,0,0,0,0,0,0,0,0,0,0,0,0,0,271,15,0.0,0.0,1.0,1.0,0.06,0.06,0.0,255,15,0.06,0.06,0.0,0.0,0.0,0.0,1.0,1.0,neptune
0,tcp,telnet,RSTO,0,0,0,0,0,0,0,0,0,0,0,0,0,0,0,0,0,0,30,6,0.0,0.0,1.0,1.0,0.2,0.13,0.0,255,46,0.18,0.25,0.01,0.0,0.0,0.0,0.97,1.0,neptune
0,tcp,http,SF,292,276,0,0,0,0,0,1,0,0,0,0,0,0,0,0,0,0,22,22,0.0,0.0,0.0,0.0,1.0,0.0,0.0,255,255,1.0,0.0,0.0,0.0,0.0,0.0,0.0,0.0,normal
0,tcp,http,SF,228,2239,0,0,0,0,0,1,0,0,0,0,0,0,0,0,0,0,2,2,0.0,0.0,0.0,0.0,1.0,0.0,0.0,255,143,0.56,0.2,0.0,0.0,0.01,0.01,0.39,0.01,normal
0,tcp,whois,REJ,0,0,0,0,0,0,0,0,0,0,0,0,0,0,0,0,0,0,105,8,0.0,0.0,1.0,1.0,0.08,0.08,0.0,255,8,0.03,0.06,0.0,0.0,0.0,0.0,1.0,1.0,neptune
0,icmp,ecr_i,SF,1032,0,0,0,0,0,0,0,0,0,0,0,0,0,0,0,0,0,510,510,0.0,0.0,0.0,0.0,1.0,0.0,0.0,235,218,0.93,0.01,0.93,0.0,0.0,0.0,0.0,0.0,smurf
0,tcp,http,SF,230,242,0,0,0,0,0,1,0,0,0,0,0,0,0,0,0,0,2,9,0.0,0.0,0.0,0.0,1.0,0.0,0.33,255,255,1.0,0.0,0.0,0.0,0.0,0.0,0.0,0.0,normal
0,tcp,private,S0,0,0,0,0,0,0,0,0,0,0,0,0,0,0,0,0,0,0,178,18,1.0,1.0,0.0,0.0,0.1,0.08,0.0,255,18,0.07,0.09,0.0,0.0,1.0,1.0,0.0,0.0,neptune
0,tcp,ftp_data,SF,35892,0,0,0,0,0,0,0,0,0,0,0,0,0,0,0,0,0,1,1,0.0,0.0,0.0,0.0,1.0,0.0,0.0,114,24,0.18,0.04,0.18,0.08,0.0,0.0,0.0,0.0,normal
0,icmp,eco_i,SF,8,0,0,0,0,0,0,0,0,0,0,0,0,0,0,0,0,0,1,45,0.0,0.0,0.0,0.0,1.0,0.0,1.0,1,105,1.0,0.0,1.0,0.5,0.0,0.0,0.0,0.0,ipsweep
4,tcp,pop_3,SF,28,93,0,0,0,0,0,1,0,0,0,0,0,0,0,0,0,0,1,1,0.0,0.0,0.0,0.0,1.0,0.0,0.0,255,176,0.69,0.02,0.0,0.0,0.0,0.0,0.11,0.0,guess_passwd
0,tcp,private,S0,0,0,0,0,0,0,0,0,0,0,0,0,0,0,0,0,0,0,224,12,1.0,1.0,0.0,0.0,0.05,0.07,0.0,255,12,0.05,0.07,0.0,0.0,1.0,1.0,0.0,0.0,neptune
0,tcp,http,SF,213,4758,0,0,0,0,0,1,0,0,0,0,0,0,0,0,0,0,10,10,0.0,0.0,0.0,0.0,1.0,0.0,0.0,10,255,1.0,0.0,0.1,0.07,0.0,0.0,0.0,0.0,normal
0,tcp,login,RSTO,0,0,0,0,0,0,0,0,0,0,0,0,0,0,0,0,0,0,141,12,0.0,0.0,1.0,1.0,0.09,0.06,0.0,255,12,0.05,0.06,0.0,0.0,0.0,0.0,1.0,1.0,neptune
0,tcp,finger,SF,7,278,0,0,0,0,0,0,0,0,0,0,0,0,0,0,0,0,1,1,0.0,0.0,0.0,0.0,1.0,0.0,0.0,255,9,0.04,0.06,0.0,0.0,0.0,0.0,0.01,0.0,normal
907,tcp,http,RSTR,60884,0,0,0,0,0,0,1,0,0,0,0,0,0,0,0,0,0,29,29,0.0,0.0,1.0,1.0,1.0,0.0,0.0,255,255,1.0,0.0,0.0,0.0,0.0,0.0,0.47,0.47,apache2
0,tcp,private,REJ,0,0,0,0,0,0,0,0,0,0,0,0,0,0,0,0,0,0,249,2,0.0,0.0,1.0,1.0,0.01,0.06,0.0,255,2,0.01,0.06,0.0,0.0,0.0,0.0,1.0,1.0,neptune
0,tcp,smtp,SF,970,341,0,0,0,0,0,1,0,0,0,0,0,0,0,0,0,0,1,2,0.0,0.0,0.0,0.0,1.0,0.0,1.0,178,149,0.84,0.02,0.01,0.0,0.0,0.0,0.0,0.0,normal
0,udp,domain_u,SF,45,45,0,0,0,0,0,0,0,0,0,0,0,0,0,0,0,0,96,176,0.0,0.0,0.0,0.0,1.0,0.0,0.01,255,255,1.0,0.0,0.01,0.0,0.0,0.0,0.0,0.0,normal
0,tcp,mtp,REJ,0,0,0,0,0,0,0,0,0,0,0,0,0,0,0,0,0,0,271,8,0.0,0.0,1.0,1.0,0.03,0.06,0.0,255,8,0.03,0.06,0.0,0.0,0.0,0.0,1.0,1.0,neptune
0,tcp,private,RSTO,0,0,0,0,0,0,0,0,0,0,0,0,0,0,0,0,0,0,274,18,0.0,0.0,1.0,1.0,0.07,0.06,0.0,255,18,0.07,0.06,0.0,0.0,0.0,0.0,1.0,1.0,neptune
804,tcp,http,RSTR,21184,0,0,0,0,0,0,1,0,0,0,0,0,0,0,0,0,0,50,50,0.02,0.02,0.98,0.98,1.0,0.0,0.0,255,253,0.99,0.01,0.0,0.0,0.01,0.01,0.7,0.71,apache2
0,tcp,http,SF,289,2976,0,0,0,0,0,1,0,0,0,0,0,0,0,0,0,0,2,3,0.0,0.0,0.0,0.0,1.0,0.0,0.67,2,255,1.0,0.0,0.5,0.02,0.0,0.0,0.0,0.0,normal
0,tcp,http,SF,158,709,0,0,0,0,0,1,0,0,0,0,0,0,0,0,0,0,1,1,0.0,0.0,0.0,0.0,1.0,0.0,0.0,84,255,1.0,0.0,0.01,0.02,0.0,0.0,0.0,0.0,normal
39,udp,domain_u,SF,52,44,0,0,0,0,0,0,0,0,0,0,0,0,0,0,0,0,1,1,0.0,0.0,0.0,0.0,1.0,0.0,0.0,254,254,1.0,0.0,0.26,0.0,0.0,0.0,0.0,0.0,normal
0,tcp,http,SF,212,1343,0,0,0,0,0,1,0,0,0,0,0,0,0,0,0,0,37,44,0.0,0.0,0.0,0.0,1.0,0.0,0.05,255,255,1.0,0.0,0.0,0.0,0.0,0.0,0.0,0.0,normal
0,udp,private,SF,105,145,0,0,0,0,0,0,0,0,0,0,0,0,0,0,0,0,1,1,0.0,0.0,0.0,0.0,1.0,0.0,0.0,255,255,1.0,0.0,0.0,0.0,0.0,0.0,0.0,0.0,normal
0,tcp,http,SF,269,388,0,0,0,0,0,1,0,0,0,0,0,0,0,0,0,0,1,3,0.0,0.0,0.0,0.0,1.0,0.0,0.67,115,255,1.0,0.0,0.01,0.03,0.01,0.0,0.0,0.0,normal
0,tcp,telnet,S0,0,0,0,0,0,0,0,0,0,0,0,0,0,0,0,0,0,0,1,9,1.0,0.11,0.0,0.44,1.0,0.0,0.56,10,77,0.4,0.3,0.1,0.03,1.0,0.05,0.0,0.64,mscan
0,udp,domain_u,SF,44,77,0,0,0,0,0,0,0,0,0,0,0,0,0,0,0,0,186,186,0.0,0.0,0.0,0.0,1.0,0.0,0.0,255,255,1.0,0.0,0.01,0.0,0.0,0.0,0.0,0.0,normal
0,icmp,ecr_i,SF,508,0,0,0,0,0,0,0,0,0,0,0,0,0,0,0,0,0,511,511,0.0,0.0,0.0,0.0,1.0,0.0,0.0,255,242,0.95,0.02,0.95,0.0,0.0,0.0,0.05,0.0,smurf
0,tcp,ftp_data,SF,641,0,0,0,0,0,0,0,0,0,0,0,0,0,0,0,0,0,2,2,0.0,0.0,0.0,0.0,1.0,0.0,0.0,79,19,0.24,0.04,0.24,0.0,0.0,0.0,0.0,0.0,normal
0,tcp,auth,REJ,0,0,0,0,0,0,0,0,0,0,0,0,0,0,0,0,0,0,267,7,0.0,0.0,1.0,1.0,0.03,0.06,0.0,255,7,0.03,0.06,0.0,0.0,0.0,0.0,1.0,1.0,neptune
0,tcp,private,S0,0,0,0,0,0,0,0,0,0,0,0,0,0,0,0,0,0,0,218,5,1.0,1.0,0.0,0.0,0.02,0.07,0.0,255,5,0.02,0.07,0.0,0.0,1.0,1.0,0.0,0.0,neptune
0,udp,private,SF,105,0,0,0,0,0,0,0,0,0,0,0,0,0,0,0,0,0,1,1,0.0,0.0,0.0,0.0,1.0,0.0,0.0,255,254,1.0,0.01,0.02,0.0,0.0,0.0,0.0,0.0,normal
0,tcp,http,SF,292,2828,0,0,0,0,0,1,0,0,0,0,0,0,0,0,0,0,9,9,0.0,0.0,0.0,0.0,1.0,0.0,0.0,62,255,1.0,0.0,0.02,0.01,0.0,0.0,0.0,0.0,normal
0,tcp,private,S0,0,0,0,0,0,0,0,0,0,0,0,0,0,0,0,0,0,0,144,3,1.0,1.0,0.0,0.0,0.02,0.1,0.0,255,3,0.01,0.1,0.0,0.0,1.0,1.0,0.0,0.0,neptune
0,tcp,netbios_ns,REJ,0,0,0,0,0,0,0,0,0,0,0,0,0,0,0,0,0,0,249,6,0.0,0.0,1.0,1.0,0.02,0.07,0.0,255,6,0.02,0.08,0.0,0.0,0.0,0.0,1.0,1.0,neptune
0,tcp,http,SF,316,1213,0,0,0,0,0,1,0,0,0,0,0,0,0,0,0,0,6,6,0.0,0.0,0.0,0.0,1.0,0.0,0.0,255,255,1.0,0.0,0.0,0.0,0.0,0.0,0.0,0.0,normal
0,tcp,pm_dump,SF,44,192,0,0,0,0,0,0,0,0,0,0,0,0,0,0,0,0,4,2,0.0,0.0,0.5,0.0,0.25,0.75,1.0,255,16,0.06,0.02,0.0,0.0,0.0,0.0,0.18,0.0,mscan
116,tcp,http,SF,226,180,0,0,0,0,0,1,0,0,0,0,0,0,0,0,0,0,5,5,0.0,0.0,0.0,0.0,1.0,0.0,0.0,5,245,1.0,0.0,0.2,0.04,0.0,0.01,0.0,0.0,normal
0,tcp,http,S0,0,0,0,0,0,0,0,0,0,0,0,0,0,0,0,0,0,0,86,86,1.0,1.0,0.0,0.0,1.0,0.0,0.0,255,255,1.0,0.0,0.0,0.0,0.73,0.73,0.24,0.24,apache2
0,tcp,telnet,RSTO,124,176,0,0,0,0,1,0,0,0,0,0,0,0,0,0,0,0,1,1,0.0,0.0,1.0,1.0,1.0,0.0,0.0,255,3,0.01,0.02,0.0,0.0,0.0,0.0,0.0,0.33,guess_passwd
2079,tcp,http,RSTR,72564,0,0,0,0,0,0,1,0,0,0,0,0,0,0,0,0,0,11,11,0.0,0.0,1.0,1.0,1.0,0.0,0.0,255,233,0.91,0.02,0.0,0.0,0.0,0.0,0.15,0.17,apache2
0,udp,private,SF,28,0,0,1,0,0,0,0,0,0,0,0,0,0,0,0,0,0,1,1,0.0,0.0,0.0,0.0,1.0,0.0,0.0,26,1,0.04,0.15,0.04,0.0,0.0,0.0,0.0,0.0,teardrop
0,tcp,ftp,SF,26,157,0,0,0,0,1,0,0,0,0,0,0,0,0,0,0,1,1,1,0.0,0.0,0.0,0.0,1.0,0.0,0.0,176,83,0.47,0.03,0.01,0.0,0.0,0.0,0.0,0.0,guess_passwd
5,tcp,imap4,RSTO,0,44,0,0,0,0,0,0,0,0,0,0,0,0,0,0,0,0,3,10,0.0,0.0,1.0,0.9,0.33,1.0,1.0,73,58,0.25,0.07,0.01,0.03,0.0,0.0,0.88,0.98,mscan
0,tcp,http,SF,251,15598,0,0,0,0,0,1,0,0,0,0,0,0,0,0,0,0,3,3,0.0,0.0,0.0,0.0,1.0,0.0,0.0,54,248,1.0,0.0,0.02,0.05,0.0,0.0,0.0,0.0,normal
0,tcp,http,SF,310,1587,0,0,0,0,0,1,0,0,0,0,0,0,0,0,0,0,8,8,0.0,0.0,0.0,0.0,1.0,0.0,0.0,255,255,1.0,0.0,0.0,0.0,0.0,0.0,0.0,0.0,normal
0,udp,private,SF,46,46,0,0,0,0,0,0,0,0,0,0,0,0,0,0,0,0,3,3,0.0,0.0,0.0,0.0,1.0,0.0,0.0,255,255,1.0,0.0,0.01,0.0,0.0,0.0,0.0,0.0,snmpguess
280,tcp,ftp_data,SF,283618,0,0,0,0,0,0,0,0,0,0,0,0,0,0,0,0,0,1,1,0.0,0.0,0.0,0.0,1.0,0.0,0.0,1,4,1.0,0.0,1.0,0.75,0.0,0.0,0.0,0.0,warezmaster
0,udp,other,SF,1,1,0,0,0,0,0,0,0,0,0,0,0,0,0,0,0,0,271,1,0.0,0.0,0.0,0.0,0.0,1.0,0.0,255,1,0.0,1.0,1.0,0.0,0.0,0.0,0.0,0.0,satan
0,udp,ntp_u,SF,48,48,0,0,0,0,0,0,0,0,0,0,0,0,0,0,0,0,1,1,0.0,0.0,0.0,0.0,1.0,0.0,0.0,59,38,0.64,0.03,0.64,0.0,0.0,0.0,0.0,0.0,normal
0,tcp,ftp_data,SF,116,0,0,0,0,0,0,0,0,0,0,0,0,0,0,0,0,0,1,1,0.0,0.0,0.0,0.0,1.0,0.0,0.0,255,52,0.2,0.03,0.2,0.0,0.2,0.0,0.02,0.0,rootkit
0,tcp,smtp,SF,1410,480,0,0,0,0,0,1,0,0,0,0,0,0,0,0,0,0,1,2,0.0,0.0,0.0,0.0,1.0,0.0,1.0,31,123,0.26,0.1,0.03,0.02,0.0,0.0,0.13,0.0,normal
0,tcp,private,RSTO,0,0,0,0,0,0,0,0,0,0,0,0,0,0,0,0,0,0,112,11,0.0,0.0,1.0,1.0,0.1,0.07,0.0,255,11,0.04,0.06,0.0,0.0,0.0,0.0,1.0,1.0,neptune
0,tcp,private,RSTO,0,0,0,0,0,0,0,0,0,0,0,0,0,0,0,0,0,0,120,19,0.0,0.0,1.0,1.0,0.16,0.06,0.0,255,19,0.07,0.05,0.0,0.0,0.0,0.0,1.0,1.0,neptune
0,tcp,iso_tsap,REJ,0,0,0,0,0,0,0,0,0,0,0,0,0,0,0,0,0,0,258,16,0.0,0.0,1.0,1.0,0.06,0.06,0.0,255,16,0.06,0.06,0.0,0.0,0.0,0.0,1.0,1.0,neptune
0,tcp,http,S0,0,0,0,0,0,0,0,0,0,0,0,0,0,0,0,0,0,0,61,61,1.0,1.0,0.0,0.0,1.0,0.0,0.0,255,255,1.0,0.0,0.0,0.0,0.31,0.31,0.68,0.68,apache2
0,udp,domain_u,SF,43,72,0,0,0,0,0,0,0,0,0,0,0,0,0,0,0,0,228,228,0.0,0.0,0.0,0.0,1.0,0.0,0.0,255,255,1.0,0.0,0.01,0.0,0.0,0.0,0.0,0.0,normal
0,tcp,courier,REJ,0,0,0,0,0,0,0,0,0,0,0,0,0,0,0,0,0,0,126,18,0.0,0.0,1.0,1.0,0.14,0.06,0.0,255,18,0.07,0.06,0.0,0.0,0.0,0.0,1.0,1.0,neptune
1,tcp,smtp,SF,2599,261,0,0,0,0,0,1,0,0,0,0,0,0,0,0,0,0,3,3,0.0,0.0,0.0,0.0,1.0,0.0,0.0,255,247,0.97,0.04,0.0,0.0,0.0,0.0,0.03,0.0,mailbomb
0,icmp,ecr_i,SF,40008,0,0,0,0,0,0,0,0,0,0,0,0,0,0,0,0,0,3,3,0.0,0.0,0.0,0.0,1.0,0.0,0.0,57,57,1.0,0.0,1.0,0.0,0.0,0.0,0.0,0.0,normal
0,udp,domain_u,SF,42,42,0,0,0,0,0,0,0,0,0,0,0,0,0,0,0,0,2,2,0.0,0.0,0.0,0.0,1.0,0.0,0.0,255,251,0.98,0.01,0.0,0.0,0.0,0.0,0.0,0.0,normal
7534,tcp,telnet,SF,0,44,0,0,0,0,0,0,0,0,0,0,0,0,0,0,0,0,1,1,0.0,0.0,0.0,0.0,1.0,0.0,0.0,255,174,0.68,0.3,0.0,0.0,0.5,0.73,0.29,0.01,processtable
0,tcp,ftp,S0,0,0,0,0,0,0,0,0,0,0,0,0,0,0,0,0,0,0,266,18,1.0,1.0,0.0,0.0,0.07,0.06,0.0,255,18,0.07,0.06,0.0,0.0,1.0,1.0,0.0,0.0,neptune
0,tcp,login,S0,0,0,0,0,0,0,0,0,0,0,0,0,0,0,0,0,0,0,31,1,1.0,1.0,0.0,0.0,0.03,0.23,0.0,255,1,0.0,0.17,0.0,0.0,1.0,1.0,0.0,0.0,neptune
280,tcp,ftp_data,SF,283618,0,0,0,0,0,0,0,0,0,0,0,0,0,0,0,0,0,2,2,0.0,0.0,0.0,0.0,1.0,0.0,0.0,2,20,1.0,0.0,1.0,0.15,0.0,0.0,0.0,0.0,warezmaster
0,tcp,http,SF,296,972,0,0,0,0,0,1,0,0,0,0,0,0,0,0,0,0,6,6,0.0,0.0,0.0,0.0,1.0,0.0,0.0,30,255,1.0,0.0,0.03,0.03,0.0,0.0,0.0,0.0,normal
2066,tcp,http,RSTR,56504,0,0,0,0,0,0,1,0,0,0,0,0,0,0,0,0,0,8,8,0.0,0.0,1.0,1.0,1.0,0.0,0.0,255,244,0.96,0.01,0.0,0.0,0.02,0.02,0.51,0.53,apache2
0,tcp,other,REJ,0,0,0,0,0,0,0,0,0,0,0,0,0,0,0,0,0,0,511,1,0.08,0.0,0.91,1.0,0.0,1.0,0.0,255,1,0.0,1.0,0.0,0.0,0.13,0.0,0.87,1.0,saint
0,tcp,private,S0,0,0,0,0,0,0,0,0,0,0,0,0,0,0,0,0,0,0,188,2,1.0,1.0,0.0,0.0,0.01,0.09,0.0,255,2,0.01,0.1,0.0,0.0,1.0,1.0,0.0,0.0,neptune
0,icmp,ecr_i,SF,1032,0,0,0,0,0,0,0,0,0,0,0,0,0,0,0,0,0,110,110,0.0,0.0,0.0,0.0,1.0,0.0,0.0,255,14,0.05,0.91,0.05,0.0,0.15,0.0,0.79,0.0,smurf
0,tcp,http,REJ,0,0,0,0,0,0,0,0,0,0,0,0,0,0,0,0,0,0,1,1,0.0,0.0,1.0,1.0,1.0,0.0,0.0,17,17,1.0,0.0,0.06,0.0,0.0,0.0,0.06,0.06,phf
0,tcp,ctf,REJ,0,0,0,0,0,0,0,0,0,0,0,0,0,0,0,0,0,0,247,4,0.0,0.0,1.0,1.0,0.02,0.06,0.0,255,4,0.02,0.07,0.0,0.0,0.0,0.0,1.0,1.0,neptune
0,udp,private,SF,43,0,0,0,0,0,0,0,0,0,0,0,0,0,0,0,0,0,2,2,0.0,0.0,0.0,0.0,1.0,0.0,0.0,255,255,1.0,0.0,0.02,0.0,0.0,0.0,0.0,0.0,snmpguess
0,udp,private,SF,53,51,0,0,0,0,0,0,0,0,0,0,0,0,0,0,0,0,458,458,0.0,0.0,0.0,0.0,1.0,0.0,0.0,255,255,1.0,0.0,0.94,0.0,0.0,0.0,0.0,0.0,normal
0,tcp,private,REJ,0,0,0,0,0,0,0,0,0,0,0,0,0,0,0,0,0,0,218,16,0.0,0.0,1.0,1.0,0.07,0.07,0.0,255,16,0.06,0.07,0.0,0.0,0.0,0.0,1.0,1.0,neptune
0,tcp,http,SF,300,2153,0,0,0,0,0,1,0,0,0,0,0,0,0,0,0,0,32,33,0.0,0.0,0.0,0.0,1.0,0.0,0.06,32,254,1.0,0.0,0.03,0.08,0.0,0.0,0.0,0.0,normal
0,tcp,courier,S0,0,0,0,0,0,0,0,0,0,0,0,0,0,0,0,0,0,0,113,9,1.0,1.0,0.0,0.0,0.08,0.07,0.0,255,9,0.04,0.06,0.0,0.0,1.0,1.0,0.0,0.0,neptune
0,tcp,http,S0,0,0,0,0,0,0,0,0,0,0,0,0,0,0,0,0,0,0,80,80,1.0,1.0,0.0,0.0,1.0,0.0,0.0,255,255,1.0,0.0,0.0,0.0,0.38,0.38,0.61,0.61,apache2
0,tcp,private,REJ,0,0,0,0,0,0,0,0,0,0,0,0,0,0,0,0,0,0,209,6,0.0,0.0,1.0,1.0,0.03,0.06,0.0,255,6,0.02,0.06,0.0,0.0,0.0,0.0,1.0,1.0,neptune
0,tcp,private,REJ,0,0,0,0,0,0,0,0,0,0,0,0,0,0,0,0,0,0,172,11,0.0,0.0,1.0,1.0,0.06,0.07,0.0,255,11,0.04,0.07,0.0,0.0,0.0,0.0,1.0,1.0,neptune
0,tcp,ctf,REJ,0,0,0,0,0,0,0,0,0,0,0,0,0,0,0,0,0,0,236,12,0.0,0.0,1.0,1.0,0.05,0.07,0.0,255,12,0.05,0.07,0.0,0.0,0.0,0.0,1.0,1.0,neptune
0,tcp,telnet,S3,0,44,0,0,0,0,0,0,0,0,0,0,0,0,0,0,0,0,1,1,1.0,1.0,0.0,0.0,1.0,0.0,0.0,255,116,0.45,0.03,0.0,0.0,0.16,0.34,0.11,0.11,processtable
0,tcp,http,SF,211,9443,0,0,0,0,0,1,0,0,0,0,0,0,0,0,0,0,4,7,0.0,0.0,0.0,0.0,1.0,0.0,0.29,46,255,1.0,0.0,0.02,0.03,0.0,0.0,0.0,0.0,normal
0,tcp,http,SF,299,442,0,0,0,0,0,1,0,0,0,0,0,0,0,0,0,0,1,11,0.0,0.0,0.0,0.0,1.0,0.0,0.18,89,242,1.0,0.0,0.01,0.04,0.0,0.0,0.0,0.0,normal
0,tcp,http,SF,160,396,0,0,0,0,0,1,0,0,0,0,0,0,0,0,0,0,1,1,0.0,0.0,0.0,0.0,1.0,0.0,0.0,1,253,1.0,0.0,1.0,0.06,0.0,0.0,0.0,0.0,normal
0,udp,private,SF,53,52,0,0,0,0,0,0,0,0,0,0,0,0,0,0,0,0,509,509,0.0,0.0,0.0,0.0,1.0,0.0,0.0,255,254,1.0,0.01,0.84,0.0,0.0,0.0,0.0,0.0,normal
0,tcp,http,S0,0,0,0,0,0,0,0,0,0,0,0,0,0,0,0,0,0,0,29,29,0.48,0.48,0.48,0.48,1.0,0.0,0.0,255,255,1.0,0.0,0.0,0.0,0.09,0.09,0.7,0.7,apache2
0,tcp,http,SF,19822,174,0,0,0,0,0,1,0,0,0,0,0,0,0,0,0,0,17,17,0.0,0.0,0.0,0.0,1.0,0.0,0.0,255,255,1.0,0.0,0.0,0.0,0.0,0.0,0.0,0.0,normal
0,tcp,time,RSTO,0,0,0,0,0,0,0,0,0,0,0,0,0,0,0,0,0,0,200,1,0.0,0.0,1.0,1.0,0.0,0.06,0.0,255,1,0.0,0.06,0.0,0.0,0.0,0.0,1.0,1.0,neptune
0,tcp,http,SF,283,1246,0,0,0,0,0,1,0,0,0,0,0,0,0,0,0,0,4,4,0.0,0.0,0.0,0.0,1.0,0.0,0.0,7,229,1.0,0.0,0.14,0.04,0.0,0.0,0.0,0.0,normal
0,tcp,private,RSTR,0,0,0,0,0,0,0,0,0,0,0,0,0,0,0,0,0,0,1,1,0.0,0.0,1.0,1.0,1.0,0.0,0.0,255,1,0.0,0.1,0.08,0.0,0.0,0.0,0.99,1.0,portsweep
0,tcp,ftp_data,SF,37,0,0,0,0,0,0,0,0,0,0,0,0,0,0,0,0,0,2,2,0.0,0.0,0.0,0.0,1.0,0.0,0.0,255,3,0.01,0.06,0.01,0.0,0.99,0.0,0.0,0.0,normal
0,udp,private,SF,105,105,0,0,0,0,0,0,0,0,0,0,0,0,0,0,0,0,3,3,0.0,0.0,0.0,0.0,1.0,0.0,0.0,255,255,1.0,0.0,0.0,0.0,0.0,0.0,0.0,0.0,snmpgetattack
7358,tcp,telnet,SF,0,44,0,0,0,0,0,0,0,0,0,0,0,0,0,0,0,0,1,1,0.0,0.0,0.0,0.0,1.0,0.0,0.0,255,224,0.88,0.02,0.0,0.0,0.27,0.31,0.01,0.0,processtable
0,tcp,http,SF,211,1807,0,0,0,0,0,1,0,0,0,0,0,0,0,0,0,0,11,12,0.0,0.0,0.0,0.0,1.0,0.0,0.17,13,255,1.0,0.0,0.08,0.03,0.0,0.0,0.0,0.0,normal
798,tcp,http,RSTR,74024,0,0,0,0,0,0,1,0,0,0,0,0,0,0,0,0,0,30,30,0.0,0.0,1.0,1.0,1.0,0.0,0.0,255,253,0.99,0.01,0.0,0.0,0.0,0.0,0.13,0.13,apache2
0,tcp,domain,REJ,0,0,0,0,0,0,0,0,0,0,0,0,0,0,0,0,0,0,200,1,0.0,0.0,1.0,1.0,0.0,0.06,0.0,255,1,0.0,0.07,0.0,0.0,0.0,0.0,1.0,1.0,neptune
6,tcp,pop_3,SF,28,93,0,0,0,0,0,1,0,0,0,0,0,0,0,0,0,0,1,1,0.0,0.0,0.0,0.0,1.0,0.0,0.0,255,251,0.98,0.01,0.0,0.0,0.0,0.0,0.0,0.0,guess_passwd
0,tcp,private,SH,0,0,0,0,0,0,0,0,0,0,0,0,0,0,0,0,0,0,1,1,1.0,1.0,0.0,0.0,1.0,0.0,0.0,127,1,0.01,1.0,1.0,0.0,1.0,1.0,0.0,0.0,nmap
0,tcp,private,S0,0,0,0,0,0,0,0,0,0,0,0,0,0,0,0,0,0,0,138,9,1.0,1.0,0.0,0.0,0.07,0.09,0.0,255,9,0.04,0.09,0.0,0.0,1.0,1.0,0.0,0.0,neptune
0,tcp,http,SF,282,41575,0,0,0,0,0,1,0,0,0,0,0,0,0,0,0,0,3,46,0.0,0.0,0.0,0.0,1.0,0.0,0.04,255,255,1.0,0.0,0.0,0.0,0.0,0.0,0.0,0.0,normal
0,tcp,http,SF,233,282,0,0,0,0,0,1,0,0,0,0,0,0,0,0,0,0,22,37,0.0,0.0,0.0,0.0,1.0,0.0,0.05,255,255,1.0,0.0,0.0,0.0,0.0,0.0,0.0,0.0,normal
0,icmp,eco_i,SF,18,0,0,0,0,0,0,0,0,0,0,0,0,0,0,0,0,0,1,1,0.0,0.0,0.0,0.0,1.0,0.0,0.0,1,90,1.0,0.0,1.0,1.0,0.0,0.0,0.0,0.0,ipsweep
0,tcp,http,SF,224,691,0,0,0,0,0,1,0,0,0,0,0,0,0,0,0,0,32,32,0.0,0.0,0.0,0.0,1.0,0.0,0.0,116,255,1.0,0.0,0.01,0.05,0.0,0.0,0.0,0.0,normal
0,tcp,http,SF,214,1791,0,0,0,0,0,1,0,0,0,0,0,0,0,0,0,0,24,25,0.0,0.0,0.0,0.0,1.0,0.0,0.08,105,255,1.0,0.0,0.01,0.01,0.0,0.0,0.0,0.0,normal
0,tcp,http,SF,223,185,0,0,0,0,0,1,0,0,0,0,0,0,0,0,0,0,3,3,0.0,0.0,0.0,0.0,1.0,0.0,0.0,255,255,1.0,0.0,0.0,0.0,0.0,0.0,0.0,0.0,normal
0,tcp,private,S0,0,0,0,0,0,0,0,0,0,0,0,0,0,0,0,0,0,0,43,2,1.0,1.0,0.0,0.0,0.05,0.19,0.0,255,2,0.01,0.15,0.0,0.0,1.0,1.0,0.0,0.0,neptune
0,tcp,http,SF,204,2199,0,0,0,0,0,1,0,0,0,0,0,0,0,0,0,0,6,7,0.0,0.0,0.0,0.0,1.0,0.0,0.29,145,255,1.0,0.0,0.01,0.04,0.0,0.0,0.0,0.0,normal
0,tcp,http,SF,209,5871,0,0,0,0,0,1,0,0,0,0,0,0,0,0,0,0,1,1,0.0,0.0,0.0,0.0,1.0,0.0,0.0,38,255,1.0,0.0,0.03,0.03,0.0,0.0,0.0,0.0,normal
0,tcp,ftp,SF,26,157,0,0,0,0,1,0,0,0,0,0,0,0,0,0,0,1,1,1,0.0,0.0,0.0,0.0,1.0,0.0,0.0,255,128,0.5,0.03,0.0,0.0,0.0,0.0,0.0,0.0,guess_passwd
0,tcp,echo,RSTO,0,0,0,0,0,0,0,0,0,0,0,0,0,0,0,0,0,0,268,17,0.0,0.0,1.0,1.0,0.06,0.06,0.0,255,17,0.07,0.06,0.0,0.0,0.0,0.0,1.0,1.0,neptune
0,tcp,private,REJ,0,0,0,0,0,0,0,0,0,0,0,0,0,0,0,0,0,0,38,18,0.03,0.0,0.97,1.0,0.47,0.05,0.0,255,18,0.07,0.05,0.0,0.0,0.0,0.0,0.87,1.0,neptune
0,tcp,uucp_path,REJ,0,0,0,0,0,0,0,0,0,0,0,0,0,0,0,0,0,0,225,15,0.04,0.0,0.96,1.0,0.07,0.06,0.0,255,15,0.06,0.07,0.0,0.0,0.04,0.0,0.96,1.0,neptune
4,tcp,pop_3,SF,32,93,0,0,0,0,0,1,0,0,0,0,0,0,0,0,0,0,1,1,0.0,0.0,0.0,0.0,1.0,0.0,0.0,156,138,0.88,0.02,0.01,0.01,0.0,0.0,0.06,0.0,guess_passwd
0,tcp,http,SF,176,6378,0,0,0,0,0,1,0,0,0,0,0,0,0,0,0,0,2,2,0.0,0.0,0.0,0.0,1.0,0.0,0.0,37,255,1.0,0.0,0.03,0.05,0.03,0.0,0.0,0.0,normal
0,tcp,private,SH,0,0,0,0,0,0,0,0,0,0,0,0,0,0,0,0,0,0,1,1,1.0,1.0,0.0,0.0,1.0,0.0,0.0,35,1,0.03,1.0,1.0,0.0,1.0,1.0,0.0,0.0,nmap
0,tcp,csnet_ns,S0,0,0,0,0,0,0,0,0,0,0,0,0,0,0,0,0,0,0,254,5,1.0,1.0,0.0,0.0,0.02,0.06,0.0,255,5,0.02,0.07,0.0,0.0,1.0,1.0,0.0,0.0,neptune
0,udp,domain_u,SF,45,114,0,0,0,0,0,0,0,0,0,0,0,0,0,0,0,0,1,2,0.0,0.0,0.0,0.0,1.0,0.0,1.0,255,225,0.88,0.01,0.0,0.0,0.0,0.0,0.04,0.0,normal
281,tcp,ftp,SF,162,599,0,0,0,2,0,1,0,0,0,0,0,0,0,0,0,1,1,1,0.0,0.0,0.0,0.0,1.0,0.0,0.0,255,102,0.4,0.04,0.0,0.0,0.0,0.0,0.02,0.0,warezmaster
282,tcp,ftp,SF,160,597,0,0,0,2,0,1,0,0,0,0,0,0,0,0,0,1,1,1,0.0,0.0,0.0,0.0,1.0,0.0,0.0,255,26,0.1,0.02,0.0,0.0,0.0,0.0,0.36,0.0,warezmaster
0,tcp,http,REJ,0,0,0,0,0,0,0,0,0,0,0,0,0,0,0,0,0,0,2,2,0.0,0.0,1.0,1.0,1.0,0.0,0.0,255,7,0.03,0.7,0.0,0.0,0.0,0.0,0.03,1.0,normal
0,tcp,csnet_ns,REJ,0,0,0,0,0,0,0,0,0,0,0,0,0,0,0,0,0,0,257,2,0.0,0.0,1.0,1.0,0.01,0.06,0.0,255,2,0.01,0.06,0.0,0.0,0.0,0.0,1.0,1.0,neptune
0,udp,private,SF,55,55,0,0,0,0,0,0,0,0,0,0,0,0,0,0,0,0,511,511,0.0,0.0,0.0,0.0,1.0,0.0,0.0,255,255,1.0,0.0,0.94,0.0,0.0,0.0,0.0,0.0,normal
0,tcp,http,SF,309,398,0,0,0,0,0,1,0,0,0,0,0,0,0,0,0,0,2,2,0.0,0.0,0.0,0.0,1.0,0.0,0.0,232,255,1.0,0.0,0.0,0.02,0.0,0.0,0.0,0.0,normal
0,icmp,eco_i,SF,40008,0,0,0,0,0,0,0,0,0,0,0,0,0,0,0,0,0,3,3,0.0,0.0,0.0,0.0,1.0,0.0,0.0,146,145,0.25,0.03,0.25,0.39,0.0,0.0,0.02,0.0,normal
0,tcp,efs,S0,0,0,0,0,0,0,0,0,0,0,0,0,0,0,0,0,0,0,132,12,1.0,1.0,0.0,0.0,0.09,0.07,0.0,255,12,0.05,0.06,0.0,0.0,1.0,1.0,0.0,0.0,neptune
0,tcp,smtp,SF,1366,337,0,0,0,0,0,1,0,0,0,0,0,0,0,0,0,0,1,3,0.0,0.0,0.0,0.0,1.0,0.0,1.0,255,30,0.12,0.02,0.0,0.0,0.0,0.0,0.75,0.0,normal
0,tcp,private,REJ,0,0,0,0,0,0,0,0,0,0,0,0,0,0,0,0,0,0,213,1,0.08,0.0,0.92,1.0,0.0,1.0,0.0,255,1,0.0,0.78,0.0,0.0,0.07,0.0,0.7,1.0,saint
0,tcp,private,REJ,0,0,0,0,0,0,0,0,0,0,0,0,0,0,0,0,0,0,138,15,0.0,0.0,1.0,1.0,0.11,0.06,0.0,255,15,0.06,0.06,0.0,0.0,0.0,0.0,1.0,1.0,neptune
0,tcp,telnet,SF,127,174,0,0,0,0,1,0,0,0,0,0,0,0,0,0,0,0,1,1,0.0,0.0,0.0,0.0,1.0,0.0,0.0,255,150,0.59,0.02,0.0,0.0,0.0,0.0,0.02,0.03,guess_passwd
0,tcp,http,SF,310,1512,0,0,0,0,0,1,0,0,0,0,0,0,0,0,0,0,11,11,0.0,0.0,0.0,0.0,1.0,0.0,0.0,173,255,1.0,0.0,0.01,0.01,0.0,0.0,0.0,0.0,normal
281,tcp,ftp,SF,160,597,0,0,0,2,0,1,0,0,0,0,0,0,0,0,0,1,1,1,0.0,0.0,0.0,0.0,1.0,0.0,0.0,255,13,0.05,0.02,0.0,0.0,0.76,0.0,0.02,0.0,warezmaster
0,tcp,http,SF,240,4073,0,0,0,0,0,1,0,0,0,0,0,0,0,0,0,0,12,12,0.0,0.0,0.0,0.0,1.0,0.0,0.0,255,255,1.0,0.0,0.0,0.0,0.0,0.0,0.0,0.0,normal
0,udp,private,SF,55,51,0,0,0,0,0,0,0,0,0,0,0,0,0,0,0,0,503,503,0.0,0.0,0.0,0.0,1.0,0.0,0.0,255,255,1.0,0.0,0.82,0.0,0.0,0.0,0.0,0.0,normal
0,tcp,http,SF,229,198,0,0,0,0,0,1,0,0,0,0,0,0,0,0,0,0,5,5,0.0,0.0,0.0,0.0,1.0,0.0,0.0,255,255,1.0,0.0,0.0,0.0,0.0,0.0,0.0,0.0,normal
0,tcp,smtp,SF,0,83,0,0,0,0,0,1,0,0,0,0,0,0,0,0,0,0,1,1,0.0,0.0,0.0,0.0,1.0,0.0,0.0,21,192,0.76,0.1,0.05,0.01,0.0,0.0,0.0,0.02,normal
0,tcp,private,REJ,0,0,0,0,0,0,0,0,0,0,0,0,0,0,0,0,0,0,135,10,0.0,0.0,1.0,1.0,0.07,0.07,0.0,255,10,0.04,0.06,0.0,0.0,0.0,0.0,1.0,1.0,neptune
0,tcp,http,SF,243,667,0,0,0,0,0,1,0,0,0,0,0,0,0,0,0,0,3,5,0.0,0.0,0.0,0.0,1.0,0.0,0.4,255,255,1.0,0.0,0.0,0.0,0.0,0.0,0.0,0.0,normal
0,tcp,http,SF,259,11802,0,0,0,0,0,1,0,0,0,0,0,0,0,0,0,0,3,3,0.0,0.0,0.0,0.0,1.0,0.0,0.0,255,255,1.0,0.0,0.0,0.0,0.0,0.0,0.0,0.0,normal
0,tcp,private,S0,0,0,0,0,0,0,0,0,0,0,0,0,0,0,0,0,0,0,45,4,1.0,1.0,0.0,0.0,0.09,0.18,0.0,255,4,0.02,0.12,0.0,0.0,1.0,1.0,0.0,0.0,neptune
1,tcp,imap4,RSTO,0,44,0,0,0,0,0,0,0,0,0,0,0,0,0,0,0,0,2,5,0.0,0.0,1.0,0.8,0.5,1.0,1.0,59,59,0.25,0.08,0.02,0.03,0.0,0.0,0.88,1.0,mscan
0,udp,domain_u,SF,45,114,0,0,0,0,0,0,0,0,0,0,0,0,0,0,0,0,1,2,0.0,0.0,0.0,0.0,1.0,0.0,1.0,255,226,0.89,0.01,0.0,0.0,0.0,0.0,0.04,0.0,normal
1,tcp,smtp,SF,2599,293,0,0,0,0,0,1,0,0,0,0,0,0,0,0,0,0,4,3,0.0,0.0,0.25,0.0,0.75,0.5,0.0,255,244,0.96,0.05,0.0,0.0,0.0,0.0,0.04,0.0,mailbomb
0,tcp,telnet,SF,125,174,0,0,0,0,1,0,0,0,0,0,0,0,0,0,0,0,1,1,0.0,0.0,0.0,0.0,1.0,0.0,0.0,255,47,0.18,0.02,0.0,0.0,0.0,0.0,0.01,0.04,guess_passwd
0,tcp,pop_3,S0,0,0,0,0,0,0,0,0,0,0,0,0,0,0,0,0,0,0,1,3,1.0,1.0,0.0,0.0,1.0,0.0,1.0,12,9,0.33,0.25,0.08,0.33,1.0,1.0,0.0,0.0,mscan
0,udp,private,SF,1,1,0,0,0,0,0,0,0,0,0,0,0,0,0,0,0,0,10,1,0.0,0.0,0.0,0.0,0.1,0.3,0.0,255,1,0.0,0.21,0.92,0.0,0.0,0.0,0.05,0.0,saint
0,tcp,auth,REJ,0,0,0,0,0,0,0,0,0,0,0,0,0,0,0,0,0,0,252,19,0.01,0.0,0.99,1.0,0.08,0.07,0.0,255,19,0.07,0.08,0.0,0.0,0.02,0.0,0.98,1.0,neptune
0,tcp,http,SF,211,920,0,0,0,0,0,1,0,0,0,0,0,0,0,0,0,0,13,13,0.0,0.0,0.0,0.0,1.0,0.0,0.0,90,255,1.0,0.0,0.01,0.01,0.0,0.0,0.0,0.0,normal
0,tcp,telnet,S3,0,44,0,0,0,0,0,0,0,0,0,0,0,0,0,0,0,0,1,1,1.0,1.0,0.0,0.0,1.0,0.0,0.0,255,138,0.54,0.42,0.0,0.0,0.43,0.8,0.41,0.01,processtable
0,tcp,http,SF,54540,8314,0,0,0,2,0,1,1,0,0,0,0,0,0,0,0,0,3,3,0.0,0.0,0.0,0.0,1.0,0.0,0.0,255,254,1.0,0.01,0.0,0.0,0.0,0.0,0.01,0.01,back
0,tcp,http,SF,220,4401,0,0,0,0,0,1,0,0,0,0,0,0,0,0,0,0,1,1,0.0,0.0,0.0,0.0,1.0,0.0,0.0,255,255,1.0,0.0,0.0,0.0,0.0,0.0,0.0,0.0,normal
0,tcp,private,REJ,0,0,0,0,0,0,0,0,0,0,0,0,0,0,0,0,0,0,115,9,0.0,0.0,1.0,1.0,0.08,0.08,0.0,255,9,0.04,0.07,0.0,0.0,0.0,0.0,1.0,1.0,neptune
0,icmp,ecr_i,SF,1032,0,0,0,0,0,0,0,0,0,0,0,0,0,0,0,0,0,122,122,0.0,0.0,0.0,0.0,1.0,0.0,0.0,255,244,0.96,0.04,0.96,0.0,0.03,0.0,0.01,0.0,smurf
0,tcp,http,SF,276,294,0,0,0,0,0,1,0,0,0,0,0,0,0,0,0,0,12,16,0.0,0.0,0.0,0.0,1.0,0.0,0.12,111,255,1.0,0.0,0.01,0.01,0.0,0.0,0.0,0.0,normal
903,tcp,http,RSTR,55044,0,0,0,0,0,0,1,0,0,0,0,0,0,0,0,0,0,65,65,0.02,0.02,0.97,0.97,1.0,0.0,0.0,255,255,1.0,0.0,0.0,0.0,0.0,0.0,0.25,0.25,apache2
0,udp,private,SF,55,54,0,0,0,0,0,0,0,0,0,0,0,0,0,0,0,0,510,510,0.0,0.0,0.0,0.0,1.0,0.0,0.0,255,255,1.0,0.0,0.86,0.0,0.0,0.0,0.0,0.0,normal
0,tcp,http,SF,325,370,0,0,0,0,0,1,0,0,0,0,0,0,0,0,0,0,3,3,0.0,0.0,0.0,0.0,1.0,0.0,0.0,255,255,1.0,0.0,0.0,0.0,0.0,0.0,0.0,0.0,normal
0,tcp,other,S0,0,0,0,0,0,0,0,0,0,0,0,0,0,0,0,0,0,0,488,1,0.06,1.0,0.94,0.0,0.0,1.0,0.0,255,1,0.0,1.0,0.0,0.0,0.08,1.0,0.92,0.0,saint
0,tcp,telnet,SF,126,174,0,0,0,0,1,0,0,0,0,0,0,0,0,0,0,0,1,1,0.0,0.0,0.0,0.0,1.0,0.0,0.0,255,82,0.32,0.02,0.0,0.0,0.0,0.0,0.01,0.04,guess_passwd
805,tcp,http,RSTR,55744,1,0,0,0,0,0,1,0,0,0,0,0,0,0,0,0,0,31,31,0.0,0.0,1.0,1.0,1.0,0.0,0.0,255,253,0.99,0.01,0.0,0.0,0.01,0.01,0.61,0.61,apache2
0,tcp,http,SF,277,1984,0,0,0,0,0,1,0,0,0,0,0,0,0,0,0,0,14,18,0.0,0.0,0.0,0.0,1.0,0.0,0.17,255,255,1.0,0.0,0.0,0.0,0.0,0.0,0.0,0.0,normal
0,tcp,http,S1,139,28842,0,0,0,0,0,1,0,0,0,0,0,0,0,0,0,0,8,40,0.12,0.03,0.0,0.0,1.0,0.0,0.08,205,255,1.0,0.0,0.0,0.01,0.0,0.0,0.0,0.0,normal
0,tcp,private,S0,0,0,0,0,0,0,0,0,0,0,0,0,0,0,0,0,0,0,131,1,1.0,1.0,0.0,0.0,0.01,0.09,0.0,255,1,0.0,0.08,0.0,0.0,1.0,1.0,0.0,0.0,neptune
0,tcp,supdup,REJ,0,0,0,0,0,0,0,0,0,0,0,0,0,0,0,0,0,0,261,3,0.0,0.0,1.0,1.0,0.01,0.07,0.0,255,3,0.01,0.06,0.0,0.0,0.0,0.0,1.0,1.0,neptune
0,tcp,http,SF,295,1129,0,0,0,0,0,1,0,0,0,0,0,0,0,0,0,0,2,2,0.0,0.0,0.0,0.0,1.0,0.0,0.0,180,216,1.0,0.0,0.01,0.01,0.0,0.0,0.0,0.0,normal
0,udp,other,SF,1,1,0,0,0,0,0,0,0,0,0,0,0,0,0,0,0,0,155,1,0.0,0.0,0.0,0.0,0.01,1.0,0.0,255,1,0.0,0.66,0.99,0.0,0.0,0.0,0.0,0.0,satan
0,tcp,http,SF,236,1188,0,0,0,0,0,1,0,0,0,0,0,0,0,0,0,0,9,30,0.0,0.0,0.0,0.0,1.0,0.0,0.1,36,255,1.0,0.0,0.03,0.02,0.0,0.0,0.0,0.0,normal
0,tcp,http,SF,215,10915,0,0,0,0,0,1,0,0,0,0,0,0,0,0,0,0,3,5,0.0,0.0,0.0,0.0,1.0,0.0,0.4,20,255,1.0,0.0,0.05,0.05,0.0,0.0,0.0,0.0,normal
0,tcp,telnet,SF,0,15,0,0,0,0,0,0,0,0,0,0,0,0,0,0,0,0,1,2,0.0,0.0,0.0,0.0,1.0,0.0,1.0,161,128,0.5,0.02,0.01,0.02,0.0,0.0,0.84,0.55,mscan
0,udp,other,SF,1,1,0,0,0,0,0,0,0,0,0,0,0,0,0,0,0,0,480,1,0.0,0.0,0.0,0.0,0.0,1.0,0.0,255,1,0.0,1.0,1.0,0.0,0.0,0.0,0.0,0.0,satan
0,udp,private,SF,105,147,0,0,0,0,0,0,0,0,0,0,0,0,0,0,0,0,2,1,0.0,0.0,0.0,0.0,0.5,1.0,0.0,255,252,0.99,0.01,0.0,0.0,0.0,0.0,0.0,0.0,normal
0,tcp,private,REJ,0,0,0,0,0,0,0,0,0,0,0,0,0,0,0,0,0,0,256,13,0.0,0.0,1.0,1.0,0.05,0.06,0.0,255,13,0.05,0.07,0.0,0.0,0.0,0.0,1.0,1.0,neptune
0,udp,domain_u,SF,42,132,0,0,0,0,0,0,0,0,0,0,0,0,0,0,0,0,97,175,0.0,0.0,0.0,0.0,1.0,0.0,0.01,191,119,0.62,0.02,0.01,0.0,0.0,0.0,0.0,0.0,normal
0,tcp,private,S0,0,0,0,0,0,0,0,0,0,0,0,0,0,0,0,0,0,0,269,6,1.0,1.0,0.0,0.0,0.02,0.06,0.0,255,6,0.02,0.07,0.0,0.0,1.0,1.0,0.0,0.0,neptune
0,tcp,http,SF,217,2827,0,0,0,0,0,1,0,0,0,0,0,0,0,0,0,0,4,7,0.0,0.0,0.0,0.0,1.0,0.0,0.57,143,255,1.0,0.0,0.01,0.02,0.0,0.0,0.0,0.0,normal
0,tcp,http,SF,217,2015,0,0,0,0,0,1,0,0,0,0,0,0,0,0,0,0,34,34,0.0,0.0,0.0,0.0,1.0,0.0,0.0,255,255,1.0,0.0,0.0,0.0,0.0,0.0,0.0,0.0,normal
0,tcp,http,SF,313,2006,0,0,0,0,0,1,0,0,0,0,0,0,0,0,0,0,1,1,0.0,0.0,0.0,0.0,1.0,0.0,0.0,255,255,1.0,0.0,0.0,0.0,0.01,0.01,0.0,0.0,normal
0,tcp,private,REJ,0,0,0,0,0,0,0,0,0,0,0,0,0,0,0,0,0,0,103,2,0.0,0.0,1.0,1.0,0.02,0.08,0.0,255,2,0.01,0.06,0.0,0.0,0.0,0.0,1.0,1.0,neptune
0,tcp,private,REJ,0,0,0,0,0,0,0,0,0,0,0,0,0,0,0,0,0,0,284,7,0.0,0.0,1.0,1.0,0.02,0.06,0.0,255,7,0.03,0.06,0.0,0.0,0.0,0.0,1.0,1.0,neptune
4,tcp,pop_3,SF,32,93,0,0,0,0,0,1,0,0,0,0,0,0,0,0,0,0,1,1,0.0,0.0,0.0,0.0,1.0,0.0,0.0,255,238,0.93,0.02,0.0,0.0,0.0,0.0,0.03,0.0,guess_passwd
0,tcp,private,REJ,0,0,0,0,0,0,0,0,0,0,0,0,0,0,0,0,0,0,229,18,0.0,0.0,1.0,1.0,0.08,0.06,0.0,255,18,0.07,0.06,0.0,0.0,0.0,0.0,1.0,1.0,neptune
0,tcp,pop_3,RSTO,0,36,0,0,0,0,0,1,0,0,0,0,0,0,0,0,0,0,2,1,0.0,0.0,0.5,1.0,0.5,1.0,0.0,44,60,0.25,0.11,0.02,0.03,0.0,0.0,0.86,1.0,mscan
0,icmp,ecr_i,SF,1032,0,0,0,0,0,0,0,0,0,0,0,0,0,0,0,0,0,293,293,0.0,0.0,0.0,0.0,1.0,0.0,0.0,255,255,1.0,0.0,1.0,0.0,0.0,0.0,0.0,0.0,smurf
0,tcp,imap4,REJ,0,0,0,0,0,0,0,0,0,0,0,0,0,0,0,0,0,0,2,2,0.0,0.0,1.0,1.0,0.5,1.0,1.0,187,64,0.25,0.02,0.01,0.03,0.0,0.0,0.84,1.0,mscan
0,tcp,http,S0,0,0,0,0,0,0,0,0,0,0,0,0,0,0,0,0,0,0,33,33,0.21,0.21,0.79,0.79,1.0,0.0,0.0,255,255,1.0,0.0,0.0,0.0,0.04,0.04,0.68,0.68,apache2
0,tcp,http,SF,235,370,0,0,0,0,0,1,0,0,0,0,0,0,0,0,0,0,10,41,0.0,0.0,0.0,0.0,1.0,0.0,0.07,255,255,1.0,0.0,0.0,0.0,0.0,0.0,0.0,0.0,normal
3,tcp,pop_3,SF,26,93,0,0,0,0,0,1,0,0,0,0,0,0,0,0,0,0,1,1,0.0,0.0,0.0,0.0,1.0,0.0,0.0,253,234,0.92,0.01,0.0,0.0,0.0,0.0,0.04,0.0,guess_passwd
7642,tcp,telnet,SF,0,44,0,0,0,0,0,0,0,0,0,0,0,0,0,0,0,0,1,1,0.0,0.0,0.0,0.0,1.0,0.0,0.0,255,165,0.65,0.03,0.0,0.0,0.33,0.51,0.11,0.08,processtable
4,tcp,pop_3,SF,28,93,0,0,0,0,0,1,0,0,0,0,0,0,0,0,0,0,1,1,0.0,0.0,0.0,0.0,1.0,0.0,0.0,255,243,0.95,0.02,0.0,0.0,0.0,0.0,0.02,0.0,guess_passwd
0,tcp,http,SF,54540,8314,0,0,0,2,0,1,1,0,0,0,0,0,0,0,0,0,4,4,0.0,0.0,0.0,0.0,1.0,0.0,0.0,255,250,0.98,0.01,0.0,0.0,0.0,0.0,0.06,0.06,back
0,tcp,other,REJ,0,0,0,0,0,0,0,0,0,0,0,0,0,0,0,0,0,0,1,1,0.0,0.0,1.0,1.0,1.0,0.0,0.0,255,4,0.02,0.02,0.0,0.0,0.0,0.0,0.02,1.0,httptunnel
0,tcp,other,REJ,0,0,0,0,0,0,0,0,0,0,0,0,0,0,0,0,0,0,414,1,0.14,0.0,0.85,1.0,0.0,1.0,0.0,255,1,0.0,0.94,0.0,0.0,0.15,0.0,0.84,1.0,satan
0,tcp,private,S0,0,0,0,0,0,0,0,0,0,0,0,0,0,0,0,0,0,0,251,4,1.0,1.0,0.0,0.0,0.02,0.07,0.0,255,4,0.02,0.07,0.0,0.0,1.0,1.0,0.0,0.0,neptune
0,tcp,private,REJ,0,0,0,0,0,0,0,0,0,0,0,0,0,0,0,0,0,0,297,8,0.0,0.0,1.0,1.0,0.03,0.06,0.0,255,8,0.03,0.05,0.0,0.0,0.0,0.0,1.0,1.0,neptune
0,tcp,http,SF,259,4868,0,0,0,0,0,1,0,0,0,0,0,0,0,0,0,0,3,3,0.0,0.0,0.0,0.0,1.0,0.0,0.0,8,255,1.0,0.0,0.12,0.05,0.0,0.0,0.0,0.0,normal
0,tcp,private,REJ,0,0,0,0,0,0,0,0,0,0,0,0,0,0,0,0,0,0,294,1,0.09,0.0,0.91,1.0,0.0,1.0,0.0,255,1,0.0,1.0,0.0,0.0,0.1,0.0,0.9,1.0,satan
0,tcp,ftp,SF,26,157,0,0,0,0,1,0,0,0,0,0,0,0,0,0,0,1,2,2,0.0,0.0,0.0,0.0,1.0,0.0,0.0,220,109,0.5,0.03,0.0,0.0,0.0,0.0,0.0,0.0,guess_passwd
0,tcp,http,SF,257,309,0,0,0,0,0,1,0,0,0,0,0,0,0,0,0,0,33,37,0.0,0.0,0.0,0.0,1.0,0.0,0.05,193,255,1.0,0.0,0.01,0.02,0.0,0.0,0.0,0.0,normal
0,tcp,http,SF,268,9235,0,0,0,0,0,1,0,0,0,0,0,0,0,0,0,0,5,5,0.0,0.0,0.0,0.0,1.0,0.0,0.0,58,255,1.0,0.0,0.02,0.05,0.0,0.0,0.0,0.0,normal
0,tcp,imap4,S0,0,0,0,0,0,0,0,0,0,0,0,0,0,0,0,0,0,0,1,1,1.0,1.0,0.0,0.0,1.0,0.0,0.0,146,73,0.34,0.02,0.01,0.03,1.0,0.67,0.0,0.33,mscan
0,tcp,http,SF,209,15388,0,0,0,0,0,1,0,0,0,0,0,0,0,0,0,0,6,6,0.0,0.0,0.0,0.0,1.0,0.0,0.0,255,255,1.0,0.0,0.0,0.0,0.0,0.0,0.0,0.0,normal
0,udp,private,SF,45,45,0,0,0,0,0,0,0,0,0,0,0,0,0,0,0,0,3,3,0.0,0.0,0.0,0.0,1.0,0.0,0.0,255,255,1.0,0.0,0.01,0.0,0.0,0.0,0.0,0.0,snmpguess
0,udp,domain_u,SF,45,136,0,0,0,0,0,0,0,0,0,0,0,0,0,0,0,0,29,108,0.0,0.0,0.0,0.0,1.0,0.0,0.02,255,254,1.0,0.01,0.0,0.0,0.0,0.0,0.0,0.0,normal
0,tcp,http,SF,310,3222,0,0,0,0,0,1,0,0,0,0,0,0,0,0,0,0,4,4,0.0,0.0,0.0,0.0,1.0,0.0,0.0,255,249,0.98,0.02,0.0,0.0,0.0,0.0,0.0,0.0,normal
0,tcp,private,REJ,0,0,0,0,0,0,0,0,0,0,0,0,0,0,0,0,0,0,235,10,0.0,0.0,1.0,1.0,0.04,0.06,0.0,255,10,0.04,0.05,0.0,0.0,0.0,0.0,1.0,1.0,neptune
0,tcp,telnet,S3,0,44,0,0,0,0,0,0,0,0,0,0,0,0,0,0,0,0,1,1,1.0,1.0,0.0,0.0,1.0,0.0,0.0,255,152,0.6,0.02,0.0,0.0,0.54,0.51,0.01,0.01,processtable
0,tcp,private,REJ,0,0,0,0,0,0,0,0,0,0,0,0,0,0,0,0,0,0,473,1,0.05,0.0,0.92,1.0,0.0,1.0,0.0,255,1,0.0,1.0,0.0,0.0,0.0,0.0,0.96,1.0,satan
0,tcp,telnet,S3,0,44,0,0,0,0,0,0,0,0,0,0,0,0,0,0,0,0,1,1,1.0,1.0,0.0,0.0,1.0,0.0,0.0,255,101,0.4,0.53,0.0,0.0,0.3,0.75,0.51,0.0,processtable
0,udp,private,SF,48,0,0,0,0,0,0,0,0,0,0,0,0,0,0,0,0,0,3,3,0.0,0.0,0.0,0.0,1.0,0.0,0.0,255,254,1.0,0.01,0.0,0.0,0.0,0.0,0.0,0.0,snmpguess
0,tcp,http,SF,232,1234,0,0,0,0,0,1,0,0,0,0,0,0,0,0,0,0,4,5,0.0,0.0,0.0,0.0,1.0,0.0,0.4,38,255,1.0,0.0,0.03,0.02,0.0,0.0,0.0,0.0,normal
0,tcp,http,SF,214,2335,0,0,0,0,0,1,0,0,0,0,0,0,0,0,0,0,4,4,0.0,0.0,0.0,0.0,1.0,0.0,0.0,28,255,1.0,0.0,0.04,0.03,0.0,0.0,0.0,0.0,normal
0,tcp,ctf,REJ,0,0,0,0,0,0,0,0,0,0,0,0,0,0,0,0,0,0,204,6,0.0,0.0,1.0,1.0,0.03,0.07,0.0,255,6,0.02,0.08,0.0,0.0,0.0,0.0,1.0,1.0,neptune
0,tcp,private,REJ,0,0,0,0,0,0,0,0,0,0,0,0,0,0,0,0,0,0,246,8,0.0,0.0,1.0,1.0,0.03,0.06,0.0,255,8,0.03,0.07,0.0,0.0,0.0,0.0,1.0,1.0,neptune
0,tcp,private,S0,0,0,0,0,0,0,0,0,0,0,0,0,0,0,0,0,0,0,128,16,1.0,1.0,0.0,0.0,0.12,0.06,0.0,255,16,0.06,0.07,0.0,0.0,1.0,1.0,0.0,0.0,neptune
0,tcp,telnet,S3,0,44,0,0,0,0,0,0,0,0,0,0,0,0,0,0,0,0,1,1,1.0,1.0,0.0,0.0,1.0,0.0,0.0,255,85,0.33,0.03,0.0,0.0,0.02,0.07,0.11,0.15,processtable
0,tcp,systat,S0,0,0,0,0,0,0,0,0,0,0,0,0,0,0,0,0,0,0,281,6,1.0,1.0,0.0,0.0,0.02,0.06,0.0,255,6,0.02,0.07,0.0,0.0,1.0,1.0,0.0,0.0,neptune
0,icmp,ecr_i,SF,1032,0,0,0,0,0,0,0,0,0,0,0,0,0,0,0,0,0,287,287,0.0,0.0,0.0,0.0,1.0,0.0,0.0,255,255,1.0,0.0,1.0,0.0,0.0,0.0,0.0,0.0,smurf
0,tcp,other,REJ,0,0,0,0,0,0,0,0,0,0,0,0,0,0,0,0,0,0,511,1,0.09,0.0,0.91,1.0,0.0,1.0,0.0,255,1,0.0,1.0,0.0,0.0,0.06,0.0,0.94,1.0,satan
903,tcp,http,RSTR,62344,0,0,0,0,0,0,1,0,0,0,0,0,0,0,0,0,0,51,51,0.0,0.0,1.0,1.0,1.0,0.0,0.0,255,255,1.0,0.0,0.0,0.0,0.0,0.0,0.44,0.44,apache2
0,udp,private,SF,105,146,0,0,0,0,0,0,0,0,0,0,0,0,0,0,0,0,2,2,0.0,0.0,0.0,0.0,1.0,0.0,0.0,220,219,1.0,0.01,0.0,0.0,0.0,0.0,0.0,0.0,normal
0,tcp,http,SF,197,1655,0,0,0,0,0,1,0,0,0,0,0,0,0,0,0,0,15,15,0.0,0.0,0.0,0.0,1.0,0.0,0.0,255,255,1.0,0.0,0.0,0.0,0.0,0.0,0.0,0.0,normal
4,tcp,pop_3,SF,28,93,0,0,0,0,0,1,0,0,0,0,0,0,0,0,0,0,1,1,0.0,0.0,0.0,0.0,1.0,0.0,0.0,28,29,1.0,0.0,0.04,0.07,0.0,0.0,0.0,0.0,guess_passwd
0,tcp,http,SF,54540,8314,0,0,0,2,0,1,1,0,0,0,0,0,0,0,0,0,4,4,0.0,0.0,0.0,0.0,1.0,0.0,0.0,255,255,1.0,0.0,0.0,0.0,0.0,0.0,0.03,0.03,back
0,tcp,telnet,SF,122,174,0,0,0,0,1,0,0,0,0,0,0,0,0,0,0,0,1,1,0.0,0.0,0.0,0.0,1.0,0.0,0.0,255,152,0.6,0.02,0.0,0.0,0.0,0.0,0.02,0.03,guess_passwd
0,tcp,http,SF,198,659,0,0,0,0,0,1,0,0,0,0,0,0,0,0,0,0,26,26,0.0,0.0,0.0,0.0,1.0,0.0,0.0,255,255,1.0,0.0,0.0,0.0,0.0,0.0,0.0,0.0,normal
0,tcp,http,SF,322,431,0,0,0,0,0,1,0,0,0,0,0,0,0,0,0,0,15,15,0.0,0.0,0.0,0.0,1.0,0.0,0.0,255,255,1.0,0.0,0.0,0.0,0.0,0.0,0.0,0.0,normal
0,tcp,private,REJ,0,0,0,0,0,0,0,0,0,0,0,0,0,0,0,0,0,0,148,17,0.0,0.0,1.0,1.0,0.11,0.05,0.0,255,17,0.07,0.06,0.0,0.0,0.0,0.0,1.0,1.0,neptune
0,udp,private,SF,46,44,0,0,0,0,0,0,0,0,0,0,0,0,0,0,0,0,34,34,0.0,0.0,0.0,0.0,1.0,0.0,0.0,255,255,1.0,0.0,0.15,0.0,0.0,0.0,0.0,0.0,normal
0,udp,private,SF,105,146,0,0,0,0,0,0,0,0,0,0,0,0,0,0,0,0,2,2,0.0,0.0,0.0,0.0,1.0,0.0,0.0,175,174,0.99,0.01,0.01,0.0,0.0,0.0,0.0,0.0,normal
0,tcp,private,S0,0,0,0,0,0,0,0,0,0,0,0,0,0,0,0,0,0,0,205,5,1.0,1.0,0.0,0.0,0.02,0.07,0.0,255,5,0.02,0.07,0.0,0.0,1.0,1.0,0.0,0.0,neptune
0,tcp,private,S0,0,0,0,0,0,0,0,0,0,0,0,0,0,0,0,0,0,0,134,14,1.0,1.0,0.0,0.0,0.1,0.08,0.0,255,14,0.05,0.09,0.0,0.0,1.0,1.0,0.0,0.0,neptune
0,tcp,http,SF,207,662,0,0,0,0,0,1,0,0,0,0,0,0,0,0,0,0,47,47,0.0,0.0,0.0,0.0,1.0,0.0,0.0,255,255,1.0,0.0,0.0,0.0,0.0,0.0,0.0,0.0,normal
795,tcp,http,RSTR,62344,1,0,0,0,0,0,1,0,0,0,0,0,0,0,0,0,0,34,34,0.0,0.0,1.0,1.0,1.0,0.0,0.0,255,253,0.99,0.01,0.0,0.0,0.01,0.01,0.53,0.53,apache2
0,tcp,http,SF,282,618,0,0,0,0,0,1,0,0,0,0,0,0,0,0,0,0,11,11,0.0,0.0,0.0,0.0,1.0,0.0,0.0,255,255,1.0,0.0,0.0,0.0,0.0,0.0,0.0,0.0,normal
0,udp,private,SF,28,0,0,3,0,0,0,0,0,0,0,0,0,0,0,0,0,0,92,92,0.0,0.0,0.0,0.0,1.0,0.0,0.0,112,92,0.82,0.03,0.82,0.0,0.0,0.0,0.0,0.0,normal
0,tcp,http,SF,279,1169,0,0,0,0,0,1,0,0,0,0,0,0,0,0,0,0,1,1,0.0,0.0,0.0,0.0,1.0,0.0,0.0,35,201,1.0,0.0,0.03,0.04,0.0,0.0,0.0,0.0,normal
284,tcp,ftp,SF,160,597,0,0,0,2,0,1,0,0,0,0,0,0,0,0,0,1,1,1,0.0,0.0,0.0,0.0,1.0,0.0,0.0,255,82,0.32,0.03,0.0,0.0,0.02,0.0,0.02,0.0,warezmaster
0,tcp,private,REJ,0,0,0,0,0,0,0,0,0,0,0,0,0,0,0,0,0,0,261,8,0.13,0.0,0.87,1.0,0.03,0.07,0.0,255,8,0.03,0.07,0.0,0.0,0.14,0.0,0.86,1.0,neptune
4,tcp,pop_3,SF,32,93,0,0,0,0,0,1,0,0,0,0,0,0,0,0,0,0,1,1,0.0,0.0,0.0,0.0,1.0,0.0,0.0,255,250,0.98,0.01,0.0,0.0,0.0,0.0,0.0,0.0,guess_passwd
0,tcp,echo,RSTO,0,0,0,0,0,0,0,0,0,0,0,0,0,0,0,0,0,0,246,13,0.0,0.0,1.0,1.0,0.05,0.07,0.0,255,13,0.05,0.07,0.0,0.0,0.0,0.0,1.0,1.0,neptune
0,tcp,netbios_dgm,REJ,0,0,0,0,0,0,0,0,0,0,0,0,0,0,0,0,0,0,227,15,0.0,0.0,1.0,1.0,0.07,0.07,0.0,255,15,0.06,0.07,0.0,0.0,0.0,0.0,1.0,1.0,neptune
0,icmp,eco_i,SF,18,0,0,0,0,0,0,0,0,0,0,0,0,0,0,0,0,0,1,1,0.0,0.0,0.0,0.0,1.0,0.0,0.0,1,4,1.0,0.0,1.0,1.0,0.0,0.0,0.0,0.0,ipsweep
0,udp,private,SF,43,0,0,0,0,0,0,0,0,0,0,0,0,0,0,0,0,0,4,4,0.0,0.0,0.0,0.0,1.0,0.0,0.0,255,254,1.0,0.01,0.0,0.0,0.0,0.0,0.0,0.0,snmpguess
0,tcp,private,S0,0,0,0,0,0,0,0,0,0,0,0,0,0,0,0,0,0,0,158,1,1.0,1.0,0.0,0.0,0.01,0.1,0.0,255,1,0.0,0.09,0.0,0.0,1.0,1.0,0.0,0.0,neptune
0,icmp,ecr_i,SF,1032,0,0,0,0,0,0,0,0,0,0,0,0,0,0,0,0,0,405,405,0.0,0.0,0.0,0.0,1.0,0.0,0.0,255,255,1.0,0.0,1.0,0.0,0.0,0.0,0.0,0.0,smurf
0,tcp,other,REJ,0,0,0,0,0,0,0,0,0,0,0,0,0,0,0,0,0,0,458,1,0.14,0.0,0.86,1.0,0.0,1.0,0.0,255,1,0.0,0.92,0.0,0.0,0.11,0.0,0.89,1.0,satan
0,tcp,http,SF,231,1364,0,0,0,0,0,1,0,0,0,0,0,0,0,0,0,0,8,11,0.0,0.0,0.0,0.0,1.0,0.0,0.27,24,255,1.0,0.0,0.04,0.05,0.0,0.0,0.0,0.0,normal
0,icmp,ecr_i,SF,1032,0,0,0,0,0,0,0,0,0,0,0,0,0,0,0,0,0,510,510,0.0,0.0,0.0,0.0,1.0,0.0,0.0,220,219,1.0,0.01,1.0,0.0,0.0,0.0,0.0,0.0,smurf
0,tcp,smtp,SF,0,83,0,0,0,0,0,1,0,0,0,0,0,0,0,0,0,0,2,1,0.0,0.0,0.0,0.0,0.5,1.0,0.0,63,21,0.33,0.13,0.02,0.0,0.03,0.0,0.0,0.0,normal
0,tcp,http,S0,0,0,0,0,0,0,0,0,0,0,0,0,0,0,0,0,0,0,106,106,1.0,1.0,0.0,0.0,1.0,0.0,0.0,255,255,1.0,0.0,0.0,0.0,0.63,0.63,0.34,0.34,apache2
0,tcp,http,S0,0,0,0,0,0,0,0,0,0,0,0,0,0,0,0,0,0,0,15,15,1.0,1.0,0.0,0.0,1.0,0.0,0.0,255,245,0.96,0.01,0.0,0.0,0.18,0.19,0.56,0.59,apache2
0,tcp,smtp,SF,1734,481,0,0,0,0,0,1,0,0,0,0,0,0,0,0,0,0,1,1,0.0,0.0,0.0,0.0,1.0,0.0,0.0,255,18,0.07,0.01,0.0,0.0,0.0,0.0,0.0,0.0,normal
0,tcp,private,S0,0,0,0,0,0,0,0,0,0,0,0,0,0,0,0,0,0,0,142,8,1.0,1.0,0.0,0.0,0.06,0.06,0.0,255,8,0.03,0.06,0.0,0.0,1.0,1.0,0.0,0.0,neptune
0,tcp,private,S0,0,0,0,0,0,0,0,0,0,0,0,0,0,0,0,0,0,0,160,12,1.0,1.0,0.0,0.0,0.08,0.09,0.0,255,12,0.05,0.1,0.0,0.0,1.0,1.0,0.0,0.0,neptune
0,tcp,http,SF,244,2298,0,0,0,0,0,1,0,0,0,0,0,0,0,0,0,0,16,16,0.0,0.0,0.0,0.0,1.0,0.0,0.0,213,255,1.0,0.0,0.0,0.02,0.0,0.0,0.0,0.0,normal
4,tcp,pop_3,SF,30,93,0,0,0,0,0,1,0,0,0,0,0,0,0,0,0,0,1,1,0.0,0.0,0.0,0.0,1.0,0.0,0.0,255,214,0.84,0.02,0.0,0.0,0.0,0.0,0.04,0.0,guess_passwd
282,tcp,ftp,SF,166,601,0,0,0,2,0,1,0,0,0,0,0,0,0,0,0,1,1,1,0.0,0.0,0.0,0.0,1.0,0.0,0.0,255,3,0.01,0.1,0.0,0.0,0.0,0.0,0.99,0.0,warezmaster
0,tcp,private,REJ,0,0,0,0,0,0,0,0,0,0,0,0,0,0,0,0,0,0,102,19,0.0,0.0,1.0,1.0,0.19,0.06,0.0,255,19,0.07,0.05,0.0,0.0,0.0,0.0,1.0,1.0,neptune
0,udp,private,SF,1,0,0,0,0,0,0,0,0,0,0,0,0,0,0,0,0,0,149,69,0.0,0.0,0.0,0.0,0.46,0.28,0.0,255,74,0.29,0.51,1.0,0.0,0.0,0.0,0.0,0.0,normal
0,tcp,kshell,S0,0,0,0,0,0,0,0,0,0,0,0,0,0,0,0,0,0,0,150,6,1.0,1.0,0.0,0.0,0.04,0.06,0.0,255,6,0.02,0.06,0.0,0.0,1.0,1.0,0.0,0.0,neptune
1,tcp,smtp,SF,2599,293,0,0,0,0,0,1,0,0,0,0,0,0,0,0,0,0,2,2,0.0,0.0,0.0,0.0,1.0,0.0,0.0,255,160,0.63,0.13,0.0,0.0,0.0,0.0,0.36,0.0,mailbomb
4,tcp,pop_3,RSTO,0,36,0,0,0,0,0,1,0,0,0,0,0,0,0,0,0,0,3,9,0.0,0.0,1.0,1.0,0.33,1.0,1.0,255,5,0.02,0.03,0.0,0.0,0.0,0.0,0.06,0.8,mscan
0,tcp,private,REJ,0,0,0,0,0,0,0,0,0,0,0,0,0,0,0,0,0,0,270,18,0.0,0.0,1.0,1.0,0.07,0.06,0.0,255,18,0.07,0.07,0.0,0.0,0.0,0.0,1.0,1.0,neptune
0,tcp,other,REJ,0,0,0,0,0,0,0,0,0,0,0,0,0,0,0,0,0,0,448,1,0.07,0.0,0.93,1.0,0.0,1.0,0.0,255,1,0.0,1.0,0.0,0.0,0.04,0.0,0.96,1.0,satan
0,tcp,other,REJ,0,0,0,0,0,0,0,0,0,0,0,0,0,0,0,0,0,0,486,1,0.08,0.0,0.92,1.0,0.0,1.0,0.0,255,1,0.0,1.0,0.0,0.0,0.07,0.0,0.93,1.0,satan
0,udp,private,SF,105,105,0,0,0,0,0,0,0,0,0,0,0,0,0,0,0,0,2,2,0.0,0.0,0.0,0.0,1.0,0.0,0.0,255,254,1.0,0.01,0.0,0.0,0.0,0.0,0.0,0.0,snmpgetattack
0,tcp,http,SF,242,2817,0,0,0,0,0,1,0,0,0,0,0,0,0,0,0,0,2,2,0.0,0.0,0.0,0.0,1.0,0.0,0.0,5,5,1.0,0.0,0.2,0.0,0.0,0.0,0.0,0.0,normal
0,tcp,other,REJ,0,0,0,0,0,0,0,0,0,0,0,0,0,0,0,0,0,0,472,1,0.15,0.0,0.85,1.0,0.0,1.0,0.0,255,1,0.0,1.0,0.0,0.0,0.13,0.0,0.86,1.0,satan
0,tcp,http,SF,199,168,0,0,0,0,0,1,0,0,0,0,0,0,0,0,0,0,13,13,0.0,0.0,0.0,0.0,1.0,0.0,0.0,72,255,1.0,0.0,0.01,0.02,0.0,0.0,0.0,0.0,normal
0,tcp,http,SF,294,3413,0,0,0,0,0,1,0,0,0,0,0,0,0,0,0,0,13,13,0.0,0.0,0.0,0.0,1.0,0.0,0.0,96,255,1.0,0.0,0.01,0.04,0.0,0.0,0.0,0.0,normal
0,tcp,whois,REJ,0,0,0,0,0,0,0,0,0,0,0,0,0,0,0,0,0,0,277,17,0.0,0.0,1.0,1.0,0.06,0.06,0.0,255,17,0.07,0.07,0.0,0.0,0.0,0.0,1.0,1.0,neptune
0,tcp,http,SF,203,6864,0,0,0,0,0,1,0,0,0,0,0,0,0,0,0,0,4,5,0.0,0.0,0.0,0.0,1.0,0.0,0.4,81,255,1.0,0.0,0.01,0.02,0.0,0.0,0.0,0.0,normal
0,tcp,http,SF,492,5225,0,0,0,0,0,1,0,0,0,0,0,0,0,0,0,0,32,37,0.0,0.0,0.0,0.0,1.0,0.0,0.05,255,255,1.0,0.0,0.0,0.0,0.0,0.0,0.0,0.0,normal
0,tcp,smtp,SF,1816,340,0,0,0,0,0,1,0,0,0,0,0,0,0,0,0,0,1,1,0.0,0.0,0.0,0.0,1.0,0.0,0.0,23,171,0.87,0.13,0.04,0.02,0.04,0.01,0.22,0.05,normal
0,tcp,private,RSTO,0,0,0,0,0,0,0,0,0,0,0,0,0,0,0,0,0,0,115,15,0.0,0.0,1.0,1.0,0.13,0.06,0.0,255,15,0.06,0.05,0.0,0.0,0.0,0.0,1.0,1.0,neptune
0,tcp,http,SF,54540,8314,0,0,0,2,0,1,1,0,0,0,0,0,0,0,0,0,5,8,0.0,0.0,0.0,0.0,1.0,0.0,0.25,255,255,1.0,0.0,0.0,0.0,0.01,0.01,0.06,0.06,back
0,tcp,imap4,REJ,0,0,0,0,0,0,0,0,0,0,0,0,0,0,0,0,0,0,2,8,0.0,0.0,1.0,1.0,0.5,1.0,1.0,134,64,0.25,0.02,0.01,0.03,0.0,0.0,0.84,1.0,mscan
0,tcp,http,SF,184,17500,0,0,0,0,0,1,0,0,0,0,0,0,0,0,0,0,4,4,0.0,0.0,0.0,0.0,1.0,0.0,0.0,136,253,1.0,0.0,0.01,0.03,0.0,0.0,0.0,0.0,normal
0,tcp,http,SF,276,10022,0,0,0,0,0,1,0,0,0,0,0,0,0,0,0,0,2,4,0.0,0.0,0.0,0.0,1.0,0.0,0.5,121,255,1.0,0.0,0.01,0.02,0.0,0.0,0.0,0.0,normal
0,tcp,http,SF,196,2094,0,0,0,0,0,1,0,0,0,0,0,0,0,0,0,0,4,5,0.0,0.0,0.0,0.0,1.0,0.0,0.4,19,251,1.0,0.0,0.05,0.04,0.0,0.0,0.0,0.0,normal
0,tcp,ftp,SF,25,157,0,0,0,0,1,0,0,0,0,0,0,0,0,0,0,1,1,1,0.0,0.0,0.0,0.0,1.0,0.0,0.0,35,14,0.4,0.11,0.03,0.0,0.0,0.0,0.0,0.0,guess_passwd
0,tcp,http,SF,224,7686,0,0,0,0,0,1,0,0,0,0,0,0,0,0,0,0,7,13,0.0,0.0,0.0,0.0,1.0,0.0,0.15,23,251,1.0,0.0,0.04,0.04,0.0,0.0,0.0,0.0,normal
0,tcp,uucp,RSTO,0,0,0,0,0,0,0,0,0,0,0,0,0,0,0,0,0,0,136,7,0.0,0.0,1.0,1.0,0.05,0.06,0.0,255,7,0.03,0.06,0.0,0.0,0.0,0.0,1.0,1.0,neptune
0,tcp,private,REJ,0,0,0,0,0,0,0,0,0,0,0,0,0,0,0,0,0,0,202,1,0.0,0.0,1.0,1.0,0.0,0.07,0.0,255,1,0.0,0.06,0.0,0.0,0.0,0.0,1.0,1.0,neptune
0,tcp,private,REJ,0,0,0,0,0,0,0,0,0,0,0,0,0,0,0,0,0,0,211,13,0.0,0.0,1.0,1.0,0.06,0.07,0.0,255,13,0.05,0.06,0.0,0.0,0.0,0.0,1.0,1.0,neptune
2,tcp,pop_3,RSTO,0,36,0,0,0,0,0,1,0,0,0,0,0,0,0,0,0,0,2,6,0.0,0.0,1.0,1.0,0.5,1.0,1.0,125,59,0.26,0.04,0.01,0.03,0.02,0.02,0.9,0.98,mscan
4,tcp,pop_3,SF,26,93,0,0,0,0,0,1,0,0,0,0,0,0,0,0,0,0,1,1,0.0,0.0,0.0,0.0,1.0,0.0,0.0,255,229,0.9,0.02,0.0,0.0,0.0,0.0,0.07,0.0,guess_passwd
1,tcp,smtp,SF,662,328,0,0,0,0,0,1,0,0,0,0,0,0,0,0,0,0,1,2,0.0,0.0,0.0,0.0,1.0,0.0,1.0,60,168,0.83,0.08,0.02,0.01,0.0,0.0,0.0,0.0,normal
0,udp,domain_u,SF,45,147,0,0,0,0,0,0,0,0,0,0,0,0,0,0,0,0,44,198,0.0,0.0,0.0,0.0,1.0,0.0,0.01,175,216,0.88,0.01,0.88,0.01,0.0,0.0,0.06,0.0,normal
0,tcp,smtp,SF,2134,329,0,0,0,0,0,1,0,0,0,0,0,0,0,0,0,0,1,1,0.0,0.0,0.0,0.0,1.0,0.0,0.0,204,161,0.73,0.02,0.0,0.01,0.0,0.0,0.0,0.0,normal
4,tcp,pop_3,SF,28,93,0,0,0,0,0,1,0,0,0,0,0,0,0,0,0,0,1,1,0.0,0.0,0.0,0.0,1.0,0.0,0.0,255,254,1.0,0.01,0.01,0.0,0.0,0.0,0.0,0.0,guess_passwd
0,udp,private,SF,43,0,0,0,0,0,0,0,0,0,0,0,0,0,0,0,0,0,5,5,0.0,0.0,0.0,0.0,1.0,0.0,0.0,255,253,0.99,0.01,0.0,0.0,0.0,0.0,0.0,0.0,snmpguess
0,tcp,http,SF,202,454,0,0,0,0,0,1,0,0,0,0,0,0,0,0,0,0,5,5,0.0,0.0,0.0,0.0,1.0,0.0,0.0,255,255,1.0,0.0,0.0,0.0,0.0,0.0,0.0,0.0,normal
0,udp,domain_u,SF,43,107,0,0,0,0,0,0,0,0,0,0,0,0,0,0,0,0,1,2,0.0,0.0,0.0,0.0,1.0,0.0,1.0,255,243,0.95,0.01,0.0,0.0,0.0,0.0,0.0,0.0,normal
0,tcp,http,SF,226,242,0,0,0,0,0,1,0,0,0,0,0,0,0,0,0,0,1,15,0.0,0.0,0.0,0.0,1.0,0.0,0.27,37,255,1.0,0.0,0.03,0.03,0.0,0.0,0.0,0.0,normal
0,udp,private,SF,49,0,0,0,0,0,0,0,0,0,0,0,0,0,0,0,0,0,5,5,0.0,0.0,0.0,0.0,1.0,0.0,0.0,255,255,1.0,0.0,0.01,0.0,0.0,0.0,0.0,0.0,snmpguess
0,tcp,other,REJ,0,0,0,0,0,0,0,0,0,0,0,0,0,0,0,0,0,0,495,1,0.04,0.0,0.96,1.0,0.0,1.0,0.0,255,1,0.0,1.0,0.0,0.0,0.0,0.0,1.0,1.0,satan
0,tcp,http,SF,308,3222,0,0,0,0,0,1,0,0,0,0,0,0,0,0,0,0,3,3,0.0,0.0,0.0,0.0,1.0,0.0,0.0,255,221,0.87,0.02,0.0,0.0,0.0,0.0,0.0,0.0,normal
0,udp,private,SF,1,1,0,0,0,0,0,0,0,0,0,0,0,0,0,0,0,0,96,1,0.0,0.0,0.0,0.0,0.01,0.48,0.0,255,1,0.0,0.53,0.73,0.0,0.0,0.0,0.27,0.0,satan
2069,tcp,http,RSTR,72564,0,0,0,0,0,0,1,0,0,0,0,0,0,0,0,0,0,8,8,0.0,0.0,1.0,1.0,1.0,0.0,0.0,255,244,0.96,0.01,0.0,0.0,0.02,0.02,0.47,0.49,apache2
282,tcp,ftp,SF,160,597,0,0,0,2,0,1,0,0,0,0,0,0,0,0,0,1,1,1,0.0,0.0,0.0,0.0,1.0,0.0,0.0,255,18,0.07,0.93,0.0,0.0,0.0,0.0,0.93,0.0,warezmaster
0,tcp,ftp_data,SF,151,0,0,0,0,0,0,0,0,0,0,0,0,0,0,0,0,0,1,1,0.0,0.0,0.0,0.0,1.0,0.0,0.0,193,60,0.22,0.02,0.22,0.03,0.0,0.0,0.0,0.0,normal
0,icmp,ecr_i,SF,1032,0,0,0,0,0,0,0,0,0,0,0,0,0,0,0,0,0,511,511,0.0,0.0,0.0,0.0,1.0,0.0,0.0,130,129,0.99,0.02,0.99,0.0,0.0,0.0,0.0,0.0,smurf
0,tcp,http,SF,164,1824,0,0,0,0,0,1,0,0,0,0,0,0,0,0,0,0,1,1,0.0,0.0,0.0,0.0,1.0,0.0,0.0,52,255,1.0,0.0,0.02,0.04,0.0,0.0,0.0,0.0,normal
0,tcp,telnet,SF,21,104,0,0,0,0,0,0,0,0,0,0,0,0,0,0,0,0,4,2,0.0,0.0,0.25,0.5,0.5,0.75,0.0,214,103,0.41,0.02,0.0,0.02,0.0,0.0,0.17,0.43,mscan
0,tcp,private,REJ,0,0,0,0,0,0,0,0,0,0,0,0,0,0,0,0,0,0,136,10,0.0,0.0,1.0,1.0,0.07,0.07,0.0,255,10,0.04,0.06,0.0,0.0,0.0,0.0,1.0,1.0,neptune
0,tcp,http,SF,197,7256,0,0,0,0,0,1,0,0,0,0,0,0,0,0,0,0,23,23,0.0,0.0,0.0,0.0,1.0,0.0,0.0,255,255,1.0,0.0,0.0,0.0,0.0,0.0,0.0,0.0,normal
0,icmp,ecr_i,SF,520,0,0,0,0,0,0,0,0,0,0,0,0,0,0,0,0,0,511,511,0.0,0.0,0.0,0.0,1.0,0.0,0.0,200,200,1.0,0.0,1.0,0.0,0.0,0.0,0.0,0.0,smurf
0,tcp,other,REJ,0,0,0,0,0,0,0,0,0,0,0,0,0,0,0,0,0,0,458,1,0.13,0.0,0.87,1.0,0.0,1.0,0.0,255,1,0.0,0.92,0.0,0.0,0.13,0.0,0.87,1.0,satan
0,udp,domain_u,SF,44,44,0,0,0,0,0,0,0,0,0,0,0,0,0,0,0,0,209,209,0.0,0.0,0.0,0.0,1.0,0.0,0.0,255,255,1.0,0.0,0.0,0.0,0.0,0.0,0.0,0.0,normal
0,tcp,bgp,REJ,0,0,0,0,0,0,0,0,0,0,0,0,0,0,0,0,0,0,202,5,0.0,0.0,1.0,1.0,0.02,0.07,0.0,255,5,0.02,0.07,0.0,0.0,0.0,0.0,1.0,1.0,neptune
281,tcp,ftp,SF,160,597,0,0,0,2,0,1,0,0,0,0,0,0,0,0,0,1,1,1,0.0,0.0,0.0,0.0,1.0,0.0,0.0,255,5,0.02,0.36,0.0,0.0,0.0,0.0,0.96,0.0,warezmaster
0,tcp,netbios_ns,REJ,0,0,0,0,0,0,0,0,0,0,0,0,0,0,0,0,0,0,233,16,0.0,0.0,1.0,1.0,0.07,0.07,0.0,255,16,0.06,0.08,0.0,0.0,0.0,0.0,1.0,1.0,neptune
0,icmp,ecr_i,SF,508,0,0,0,0,0,0,0,0,0,0,0,0,0,0,0,0,0,511,511,0.0,0.0,0.0,0.0,1.0,0.0,0.0,237,114,0.48,0.02,0.48,0.0,0.0,0.0,0.47,0.0,smurf
0,udp,tftp_u,SF,1,0,0,0,0,0,0,0,0,0,0,0,0,0,0,0,0,0,86,7,0.0,0.0,0.0,0.0,0.08,0.48,0.0,255,7,0.03,0.55,0.69,0.0,0.0,0.0,0.31,0.0,normal
0,tcp,login,RSTO,0,0,0,0,0,0,0,0,0,0,0,0,0,0,0,0,0,0,150,17,0.0,0.0,1.0,1.0,0.11,0.05,0.0,255,17,0.07,0.06,0.0,0.0,0.0,0.0,1.0,1.0,neptune
0,tcp,private,S0,0,0,0,0,0,0,0,0,0,0,0,0,0,0,0,0,0,0,203,3,1.0,1.0,0.0,0.0,0.01,0.06,0.0,255,3,0.01,0.07,0.0,0.0,1.0,1.0,0.0,0.0,neptune
0,tcp,private,REJ,0,0,0,0,0,0,0,0,0,0,0,0,0,0,0,0,0,0,199,3,0.0,0.0,1.0,1.0,0.02,0.08,0.0,255,3,0.01,0.07,0.0,0.0,0.0,0.0,1.0,1.0,neptune
2075,tcp,http,RSTR,72564,0,0,0,0,0,0,1,0,0,0,0,0,0,0,0,0,0,8,8,0.0,0.0,1.0,1.0,1.0,0.0,0.0,255,231,0.91,0.02,0.0,0.0,0.0,0.0,0.08,0.09,apache2
0,tcp,private,S0,0,0,0,0,0,0,0,0,0,0,0,0,0,0,0,0,0,0,253,6,1.0,1.0,0.0,0.0,0.02,0.06,0.0,255,6,0.02,0.07,0.0,0.0,1.0,1.0,0.0,0.0,neptune
0,tcp,http,SF,150,14988,0,0,0,0,0,1,0,0,0,0,0,0,0,0,0,0,1,1,0.0,0.0,0.0,0.0,1.0,0.0,0.0,53,255,1.0,0.0,0.02,0.05,0.0,0.0,0.0,0.0,normal
0,tcp,private,S0,0,0,0,0,0,0,0,0,0,0,0,0,0,0,0,0,0,0,189,19,1.0,1.0,0.0,0.0,0.1,0.08,0.0,255,19,0.07,0.09,0.0,0.0,1.0,1.0,0.0,0.0,neptune
0,tcp,smtp,REJ,0,0,0,0,0,0,0,0,0,0,0,0,0,0,0,0,0,0,1,1,0.0,0.0,1.0,1.0,1.0,0.0,0.0,200,84,0.27,0.03,0.0,0.02,0.0,0.0,0.01,0.02,normal
0,icmp,eco_i,SF,20,0,0,0,0,0,0,0,0,0,0,0,0,0,0,0,0,0,1,71,0.0,0.0,0.0,0.0,1.0,0.0,1.0,2,190,1.0,0.0,1.0,0.25,0.0,0.0,0.0,0.0,saint
0,tcp,http,SF,315,5952,0,0,0,0,0,1,0,0,0,0,0,0,0,0,0,0,12,12,0.0,0.0,0.0,0.0,1.0,0.0,0.0,104,255,1.0,0.0,0.01,0.02,0.0,0.0,0.0,0.0,normal
0,tcp,http,SF,271,284,0,0,0,0,0,1,0,0,0,0,0,0,0,0,0,0,27,27,0.0,0.0,0.0,0.0,1.0,0.0,0.0,255,255,1.0,0.0,0.0,0.0,0.0,0.0,0.0,0.0,normal
5,tcp,imap4,SF,0,0,0,0,0,0,0,0,0,0,0,0,0,0,0,0,0,0,2,3,0.0,0.0,0.5,0.67,0.5,1.0,1.0,6,58,0.17,0.5,0.17,0.05,0.0,0.02,0.17,0.97,mscan
0,tcp,http,SF,219,5169,0,0,0,0,0,1,0,0,0,0,0,0,0,0,0,0,6,19,0.0,0.0,0.0,0.0,1.0,0.0,0.21,6,255,1.0,0.0,0.17,0.03,0.0,0.0,0.0,0.0,normal
4,tcp,imap4,RSTO,0,44,0,0,0,0,0,0,0,0,0,0,0,0,0,0,0,0,1,5,0.0,0.0,1.0,1.0,1.0,0.0,1.0,87,60,0.26,0.06,0.01,0.03,0.0,0.0,0.9,0.98,mscan
4,tcp,pop_3,SF,32,93,0,0,0,0,0,1,0,0,0,0,0,0,0,0,0,0,1,1,0.0,0.0,0.0,0.0,1.0,0.0,0.0,206,187,0.91,0.01,0.0,0.0,0.0,0.0,0.05,0.0,guess_passwd
0,tcp,http,SF,309,950,0,0,0,0,0,1,0,0,0,0,0,0,0,0,0,0,1,1,0.0,0.0,0.0,0.0,1.0,0.0,0.0,40,255,1.0,0.0,0.03,0.02,0.0,0.0,0.0,0.0,normal
0,tcp,http,SF,213,645,0,0,0,0,0,1,0,0,0,0,0,0,0,0,0,0,24,24,0.0,0.0,0.0,0.0,1.0,0.0,0.0,255,255,1.0,0.0,0.0,0.0,0.01,0.01,0.0,0.0,normal
0,tcp,private,REJ,0,0,0,0,0,0,0,0,0,0,0,0,0,0,0,0,0,0,244,20,0.0,0.0,1.0,1.0,0.08,0.06,0.0,255,20,0.08,0.07,0.0,0.0,0.0,0.0,1.0,1.0,neptune
0,tcp,http,SF,306,1738,0,0,0,0,0,1,0,0,0,0,0,0,0,0,0,0,2,2,0.0,0.0,0.0,0.0,1.0,0.0,0.0,255,255,1.0,0.0,0.0,0.0,0.0,0.0,0.0,0.0,normal
0,tcp,http,SF,314,358,0,0,0,0,0,1,0,0,0,0,0,0,0,0,0,0,10,10,0.0,0.0,0.0,0.0,1.0,0.0,0.0,231,255,1.0,0.0,0.0,0.02,0.0,0.0,0.0,0.0,normal
0,tcp,other,REJ,0,0,0,0,0,0,0,0,0,0,0,0,0,0,0,0,0,0,1,1,0.0,0.0,1.0,1.0,1.0,0.0,0.0,255,34,0.13,0.02,0.0,0.0,0.0,0.0,0.11,0.76,httptunnel
0,udp,other,SF,1,0,0,0,0,0,0,0,0,0,0,0,0,0,0,0,0,0,65,10,0.0,0.0,0.0,0.0,0.15,0.86,0.0,255,10,0.04,0.73,1.0,0.0,0.0,0.0,0.0,0.0,normal
7633,tcp,telnet,SF,0,44,0,0,0,0,0,0,0,0,0,0,0,0,0,0,0,0,1,1,0.0,0.0,0.0,0.0,1.0,0.0,0.0,255,170,0.67,0.02,0.0,0.0,0.48,0.46,0.01,0.01,processtable
0,tcp,private,REJ,0,0,0,0,0,0,0,0,0,0,0,0,0,0,0,0,0,0,155,1,0.24,0.0,0.73,1.0,0.01,1.0,0.0,255,1,0.0,0.44,0.0,0.0,0.18,0.0,0.74,1.0,satan
0,udp,other,SF,1,1,0,0,0,0,0,0,0,0,0,0,0,0,0,0,0,0,75,1,0.0,0.0,0.0,0.0,0.01,0.81,0.0,255,1,0.0,0.72,1.0,0.0,0.0,0.0,0.0,0.0,satan
0,tcp,http,SF,216,2399,0,0,0,0,0,1,0,0,0,0,0,0,0,0,0,0,11,13,0.0,0.0,0.0,0.0,1.0,0.0,0.15,255,255,1.0,0.0,0.0,0.0,0.0,0.0,0.0,0.0,normal
0,udp,private,SF,105,146,0,0,0,0,0,0,0,0,0,0,0,0,0,0,0,0,1,1,0.0,0.0,0.0,0.0,1.0,0.0,0.0,90,90,1.0,0.0,0.01,0.0,0.0,0.0,0.0,0.0,snmpgetattack
0,tcp,ftp_data,SF,12,0,0,0,0,0,0,0,0,0,0,0,0,0,0,0,0,0,1,1,0.0,0.0,0.0,0.0,1.0,0.0,0.0,1,7,1.0,0.0,1.0,0.29,0.0,0.0,0.0,0.0,warezmaster
0,tcp,other,REJ,0,0,0,0,0,0,0,0,0,0,0,0,0,0,0,0,0,0,511,1,0.15,0.0,0.85,1.0,0.0,1.0,0.0,255,1,0.0,0.8,0.0,0.0,0.11,0.0,0.78,1.0,satan
0,tcp,telnet,S0,0,0,0,0,0,0,0,0,0,0,0,0,0,0,0,0,0,0,137,137,1.0,1.0,0.0,0.0,1.0,0.0,0.0,255,255,1.0,0.0,0.0,0.0,1.0,1.0,0.0,0.0,neptune
0,udp,private,SF,53,49,0,0,0,0,0,0,0,0,0,0,0,0,0,0,0,0,201,201,0.0,0.0,0.0,0.0,1.0,0.0,0.0,255,255,1.0,0.0,0.78,0.0,0.0,0.0,0.0,0.0,normal
0,tcp,http,S0,0,0,0,0,0,0,0,0,0,0,0,0,0,0,0,0,0,0,36,36,0.28,0.28,0.72,0.72,1.0,0.0,0.0,255,255,1.0,0.0,0.0,0.0,0.05,0.05,0.68,0.68,apache2
0,udp,other,SF,1,1,0,0,0,0,0,0,0,0,0,0,0,0,0,0,0,0,111,1,0.0,0.0,0.0,0.0,0.01,1.0,0.0,255,1,0.0,1.0,1.0,0.0,0.0,0.0,0.0,0.0,satan
0,tcp,private,REJ,0,0,0,0,0,0,0,0,0,0,0,0,0,0,0,0,0,0,227,2,0.0,0.0,1.0,1.0,0.01,0.06,0.0,255,2,0.01,0.06,0.0,0.0,0.0,0.0,1.0,1.0,neptune
0,tcp,http,SF,215,354,0,0,0,0,0,1,0,0,0,0,0,0,0,0,0,0,29,29,0.0,0.0,0.0,0.0,1.0,0.0,0.0,255,255,1.0,0.0,0.0,0.0,0.0,0.0,0.0,0.0,normal
0,udp,domain_u,SF,44,44,0,0,0,0,0,0,0,0,0,0,0,0,0,0,0,0,53,56,0.0,0.0,0.0,0.0,1.0,0.0,0.04,255,255,1.0,0.0,0.0,0.0,0.0,0.0,0.0,0.0,normal
0,tcp,http,SF,283,314,0,0,0,0,0,1,0,0,0,0,0,0,0,0,0,0,16,16,0.0,0.0,0.0,0.0,1.0,0.0,0.0,58,255,1.0,0.0,0.02,0.03,0.0,0.0,0.0,0.0,normal
0,udp,private,SF,1,1,0,0,0,0,0,0,0,0,0,0,0,0,0,0,0,0,13,3,0.0,0.0,0.0,0.0,0.23,0.46,0.0,255,3,0.01,0.25,1.0,0.0,0.0,0.0,0.0,0.0,normal
0,tcp,vmnet,S0,0,0,0,0,0,0,0,0,0,0,0,0,0,0,0,0,0,0,250,2,1.0,1.0,0.0,0.0,0.01,0.07,0.0,255,2,0.01,0.07,0.0,0.0,1.0,1.0,0.0,0.0,neptune
0,tcp,sunrpc,REJ,0,0,0,0,0,0,0,0,0,0,0,0,0,0,0,0,0,0,1,11,0.0,0.0,1.0,1.0,1.0,0.0,1.0,36,52,0.19,0.14,0.03,0.04,0.0,0.0,0.86,1.0,mscan
0,tcp,private,REJ,0,0,0,0,0,0,0,0,0,0,0,0,0,0,0,0,0,0,271,7,0.0,0.0,1.0,1.0,0.03,0.06,0.0,255,7,0.03,0.07,0.0,0.0,0.0,0.0,1.0,1.0,neptune
0,tcp,telnet,SF,123,174,0,0,0,0,1,0,0,0,0,0,0,0,0,0,0,0,1,1,0.0,0.0,0.0,0.0,1.0,0.0,0.0,255,211,0.83,0.02,0.0,0.0,0.0,0.0,0.02,0.03,guess_passwd
0,tcp,http,SF,238,445,0,0,0,0,0,1,0,0,0,0,0,0,0,0,0,0,9,9,0.0,0.0,0.0,0.0,1.0,0.0,0.0,255,255,1.0,0.0,0.0,0.0,0.0,0.0,0.0,0.0,normal
0,tcp,http,SF,279,635,0,0,0,0,0,1,0,0,0,0,0,0,0,0,0,0,7,7,0.0,0.0,0.0,0.0,1.0,0.0,0.0,19,66,1.0,0.0,0.05,0.05,0.0,0.0,0.0,0.0,normal
283,tcp,ftp,SF,162,599,0,0,0,2,0,1,0,0,0,0,0,0,0,0,0,1,1,1,0.0,0.0,0.0,0.0,1.0,0.0,0.0,255,51,0.2,0.03,0.0,0.0,0.16,0.0,0.02,0.0,warezmaster
7366,tcp,telnet,SF,0,44,0,0,0,0,0,0,0,0,0,0,0,0,0,0,0,0,1,1,0.0,0.0,0.0,0.0,1.0,0.0,0.0,255,215,0.84,0.16,0.0,0.0,0.5,0.59,0.16,0.01,processtable
0,icmp,ecr_i,SF,508,0,0,0,0,0,0,0,0,0,0,0,0,0,0,0,0,0,511,511,0.0,0.0,0.0,0.0,1.0,0.0,0.0,197,74,0.38,0.03,0.38,0.0,0.0,0.0,0.57,0.0,smurf
0,tcp,http,SF,295,973,0,0,0,0,0,1,0,0,0,0,0,0,0,0,0,0,4,9,0.0,0.0,0.0,0.0,1.0,0.0,0.22,114,255,1.0,0.0,0.01,0.03,0.0,0.0,0.0,0.0,normal
0,tcp,telnet,SF,125,174,0,0,0,0,1,0,0,0,0,0,0,0,0,0,0,0,2,2,0.0,0.0,0.0,0.0,1.0,0.0,0.0,255,89,0.35,0.02,0.0,0.0,0.0,0.0,0.01,0.03,guess_passwd
8068,tcp,telnet,SF,0,15,0,0,0,0,0,0,0,0,0,0,0,0,0,0,0,0,1,1,0.0,0.0,0.0,0.0,1.0,0.0,0.0,255,71,0.28,0.03,0.0,0.0,0.01,0.03,0.11,0.18,processtable
0,tcp,pop_3,SF,30,217,0,0,0,0,0,1,0,0,0,0,0,0,0,0,0,0,1,1,0.0,0.0,0.0,0.0,1.0,0.0,0.0,31,4,0.13,0.16,0.03,0.0,0.0,0.0,0.0,0.0,guess_passwd
1,tcp,telnet,RSTO,123,178,0,0,0,0,1,0,0,0,0,0,0,0,0,0,0,0,1,1,0.0,0.0,1.0,1.0,1.0,0.0,0.0,255,12,0.05,0.01,0.0,0.0,0.0,0.0,0.03,0.67,guess_passwd
0,tcp,http,SF,327,7129,0,0,0,0,0,1,0,0,0,0,0,0,0,0,0,0,1,29,0.0,0.0,0.0,0.0,1.0,0.0,0.14,26,255,1.0,0.0,0.04,0.09,0.04,0.0,0.0,0.0,normal
0,udp,private,SF,1,0,0,0,0,0,0,0,0,0,0,0,0,0,0,0,0,0,43,1,0.0,0.0,0.0,0.0,0.02,0.35,0.0,255,1,0.0,0.73,1.0,0.0,0.0,0.0,0.0,0.0,satan
0,tcp,http,SF,355,395,0,0,0,0,0,1,0,0,0,0,0,0,0,0,0,0,6,10,0.0,0.0,0.0,0.0,1.0,0.0,0.2,255,255,1.0,0.0,0.0,0.0,0.0,0.0,0.0,0.0,normal
0,tcp,http,SF,54540,8314,0,0,0,2,0,1,1,0,0,0,0,0,0,0,0,0,4,4,0.0,0.0,0.5,0.5,1.0,0.0,0.0,255,255,1.0,0.0,0.0,0.0,0.0,0.0,0.05,0.05,back
0,tcp,telnet,SF,122,174,0,0,0,0,1,0,0,0,0,0,0,0,0,0,0,0,1,1,0.0,0.0,0.0,0.0,1.0,0.0,0.0,255,196,0.77,0.02,0.0,0.0,0.0,0.0,0.02,0.03,guess_passwd
0,tcp,http,SF,301,1401,0,0,0,0,0,1,0,0,0,0,0,0,0,0,0,0,13,21,0.0,0.0,0.0,0.0,1.0,0.0,0.14,255,255,1.0,0.0,0.0,0.0,0.0,0.0,0.0,0.0,normal
0,tcp,http,SF,303,818,0,0,0,0,0,1,0,0,0,0,0,0,0,0,0,0,12,14,0.0,0.0,0.0,0.0,1.0,0.0,0.14,40,255,1.0,0.0,0.03,0.01,0.0,0.0,0.0,0.0,normal
0,tcp,http,SF,213,268,0,0,0,0,0,1,0,0,0,0,0,0,0,0,0,0,6,6,0.0,0.0,0.0,0.0,1.0,0.0,0.0,255,255,1.0,0.0,0.0,0.0,0.01,0.01,0.0,0.0,normal
0,tcp,ftp,SF,26,157,0,0,0,0,1,0,0,0,0,0,0,0,0,0,0,1,1,1,0.0,0.0,0.0,0.0,1.0,0.0,0.0,99,53,0.54,0.04,0.01,0.0,0.0,0.0,0.0,0.0,guess_passwd
0,udp,private,SF,53,55,0,0,0,0,0,0,0,0,0,0,0,0,0,0,0,0,511,511,0.0,0.0,0.0,0.0,1.0,0.0,0.0,255,255,1.0,0.0,0.96,0.0,0.0,0.0,0.0,0.0,normal
1179,udp,other,SF,146,105,0,0,0,0,0,0,0,0,0,0,0,0,0,0,0,0,1,1,0.0,0.0,0.0,0.0,1.0,0.0,0.0,31,6,0.19,0.35,0.94,0.0,0.0,0.0,0.0,0.0,normal
0,udp,private,SF,1,1,0,0,0,0,0,0,0,0,0,0,0,0,0,0,0,0,111,1,0.0,0.0,0.0,0.0,0.01,0.64,0.0,255,1,0.0,0.82,1.0,0.0,0.0,0.0,0.0,0.0,satan
0,tcp,private,REJ,0,0,0,0,0,0,0,0,0,0,0,0,0,0,0,0,0,0,2,1,0.0,0.0,1.0,1.0,0.5,1.0,0.0,255,1,0.0,0.99,0.99,0.0,0.02,0.0,0.97,1.0,portsweep
242,tcp,telnet,SF,504,27200,0,0,1,2,0,1,165,1,0,173,3,0,2,0,0,0,1,1,0.0,0.0,0.0,0.0,1.0,0.0,0.0,2,2,1.0,0.0,0.5,0.0,0.0,0.0,0.0,0.0,xterm
3,tcp,pop_3,SF,32,93,0,0,0,0,0,1,0,0,0,0,0,0,0,0,0,0,1,1,0.0,0.0,0.0,0.0,1.0,0.0,0.0,255,245,0.96,0.02,0.0,0.0,0.0,0.0,0.02,0.0,guess_passwd
0,tcp,http,SF,196,1463,0,0,0,0,0,1,0,0,0,0,0,0,0,0,0,0,1,3,0.0,0.0,0.0,0.0,1.0,0.0,1.0,109,255,1.0,0.0,0.01,0.05,0.0,0.0,0.0,0.0,normal
0,tcp,http,SF,292,957,0,0,0,0,0,1,0,0,0,0,0,0,0,0,0,0,3,14,0.0,0.0,0.0,0.0,1.0,0.0,0.29,83,255,1.0,0.0,0.01,0.1,0.0,0.0,0.0,0.0,normal
0,tcp,http,SF,19794,981,0,0,0,0,0,1,0,0,0,0,0,0,0,0,0,0,7,7,0.0,0.0,0.0,0.0,1.0,0.0,0.0,255,255,1.0,0.0,0.0,0.0,0.0,0.0,0.0,0.0,normal
0,udp,other,SF,1,1,0,0,0,0,0,0,0,0,0,0,0,0,0,0,0,0,165,1,0.0,0.0,0.0,0.0,0.01,1.0,0.0,255,1,0.0,0.7,0.99,0.0,0.0,0.0,0.0,0.0,satan
0,tcp,http,SF,226,1158,0,0,0,0,0,1,0,0,0,0,0,0,0,0,0,0,13,13,0.0,0.0,0.0,0.0,1.0,0.0,0.0,81,255,1.0,0.0,0.01,0.04,0.0,0.0,0.0,0.0,normal
0,tcp,http,SF,227,6075,0,0,0,0,0,1,0,0,0,0,0,0,0,0,0,0,1,9,0.0,0.0,0.0,0.0,1.0,0.0,0.22,21,255,1.0,0.0,0.05,0.05,0.0,0.0,0.0,0.0,normal
7350,tcp,telnet,SF,0,44,0,0,0,0,0,0,0,0,0,0,0,0,0,0,0,0,1,1,0.0,0.0,0.0,0.0,1.0,0.0,0.0,255,226,0.89,0.02,0.0,0.0,0.27,0.31,0.01,0.0,processtable
7412,tcp,telnet,SF,0,44,0,0,0,0,0,0,0,0,0,0,0,0,0,0,0,0,1,1,0.0,0.0,0.0,0.0,1.0,0.0,0.0,255,221,0.87,0.02,0.0,0.0,0.33,0.38,0.12,0.06,processtable
0,tcp,http,SF,333,693,0,0,0,0,0,1,0,0,0,0,0,0,0,0,0,0,2,30,0.0,0.0,0.0,0.0,1.0,0.0,0.2,2,255,1.0,0.0,0.5,0.01,0.0,0.0,0.0,0.0,normal
0,icmp,eco_i,SF,20,0,0,0,0,0,0,0,0,0,0,0,0,0,0,0,0,0,1,56,0.0,0.0,0.0,0.0,1.0,0.0,1.0,1,165,1.0,0.0,1.0,0.25,0.0,0.0,0.0,0.0,saint
0,tcp,other,S0,0,0,0,0,0,0,0,0,0,0,0,0,0,0,0,0,0,0,457,1,0.14,1.0,0.86,0.0,0.0,1.0,0.0,255,1,0.0,0.98,0.0,0.0,0.13,1.0,0.86,0.0,satan
0,tcp,http,SF,243,589,0,0,0,0,0,1,0,0,0,0,0,0,0,0,0,0,1,2,0.0,0.0,0.0,0.0,1.0,0.0,1.0,11,255,1.0,0.0,0.09,0.05,0.0,0.0,0.0,0.0,normal
0,tcp,http,SF,230,1064,0,0,0,0,0,1,0,0,0,0,0,0,0,0,0,0,26,28,0.0,0.0,0.0,0.0,1.0,0.0,0.11,58,255,1.0,0.0,0.02,0.02,0.0,0.0,0.0,0.0,normal
0,tcp,private,REJ,0,0,0,0,0,0,0,0,0,0,0,0,0,0,0,0,0,0,237,20,0.0,0.0,1.0,1.0,0.08,0.07,0.0,255,20,0.08,0.08,0.0,0.0,0.0,0.0,1.0,1.0,neptune
0,icmp,ecr_i,SF,1008,0,0,0,0,0,0,0,0,0,0,0,0,0,0,0,0,0,121,121,0.0,0.0,0.0,0.0,1.0,0.0,0.0,255,255,1.0,0.0,1.0,0.0,0.0,0.0,0.0,0.0,smurf
0,udp,private,SF,105,0,0,0,0,0,0,0,0,0,0,0,0,0,0,0,0,0,1,1,0.0,0.0,0.0,0.0,1.0,0.0,0.0,255,254,1.0,0.01,0.0,0.0,0.0,0.0,0.0,0.0,snmpgetattack
0,tcp,private,SH,0,0,0,0,0,0,0,0,0,0,0,0,0,0,0,0,0,0,1,1,1.0,1.0,0.0,0.0,1.0,0.0,0.0,128,1,0.01,1.0,1.0,0.0,1.0,1.0,0.0,0.0,nmap
0,tcp,http,S0,0,0,0,0,0,0,0,0,0,0,0,0,0,0,0,0,0,0,10,6,1.0,1.0,0.0,0.0,0.6,0.2,0.0,255,63,0.25,0.02,0.01,0.0,0.97,1.0,0.0,0.0,neptune
2091,tcp,http,RSTR,72564,0,0,0,0,0,0,1,0,0,0,0,0,0,0,0,0,0,8,8,0.0,0.0,1.0,1.0,1.0,0.0,0.0,255,244,0.96,0.01,0.0,0.0,0.02,0.02,0.49,0.52,apache2
0,tcp,telnet,SF,122,174,0,0,0,0,1,0,0,0,0,0,0,0,0,0,0,0,1,1,0.0,0.0,0.0,0.0,1.0,0.0,0.0,255,255,1.0,0.0,0.0,0.0,0.01,0.01,0.02,0.02,guess_passwd
0,tcp,netbios_ssn,S0,0,0,0,0,0,0,0,0,0,0,0,0,0,0,0,0,0,0,157,17,1.0,1.0,0.0,0.0,0.11,0.1,0.0,255,17,0.07,0.09,0.0,0.0,1.0,1.0,0.0,0.0,neptune
7695,tcp,telnet,SF,0,44,0,0,0,0,0,0,0,0,0,0,0,0,0,0,0,0,1,1,0.0,0.0,0.0,0.0,1.0,0.0,0.0,255,160,0.63,0.02,0.0,0.0,0.54,0.52,0.01,0.01,processtable
0,tcp,http,SF,280,526,0,0,0,0,0,1,0,0,0,0,0,0,0,0,0,0,1,20,0.0,0.0,0.0,0.0,1.0,0.0,0.2,8,255,1.0,0.0,0.12,0.02,0.0,0.0,0.0,0.0,normal
0,icmp,ecr_i,SF,1032,0,0,0,0,0,0,0,0,0,0,0,0,0,0,0,0,0,165,165,0.0,0.0,0.0,0.0,1.0,0.0,0.0,255,255,1.0,0.0,1.0,0.0,0.0,0.0,0.0,0.0,smurf
0,tcp,http,SF,234,1701,0,0,0,0,0,1,0,0,0,0,0,0,0,0,0,0,9,9,0.0,0.0,0.0,0.0,1.0,0.0,0.0,255,255,1.0,0.0,0.0,0.0,0.0,0.0,0.0,0.0,normal
903,tcp,http,RSTR,75484,0,0,0,0,0,0,1,0,0,0,0,0,0,0,0,0,0,45,45,0.02,0.02,0.96,0.96,1.0,0.0,0.0,255,255,1.0,0.0,0.0,0.0,0.0,0.0,0.17,0.17,apache2
0,tcp,http,SF,301,5963,0,0,0,0,0,1,0,0,0,0,0,0,0,0,0,0,1,8,0.0,0.0,0.0,0.0,1.0,0.0,0.25,6,255,1.0,0.0,0.17,0.05,0.0,0.0,0.0,0.0,normal
0,tcp,http,SF,332,6318,0,0,0,0,0,1,0,0,0,0,0,0,0,0,0,0,14,14,0.0,0.0,0.0,0.0,1.0,0.0,0.0,165,231,1.0,0.0,0.01,0.03,0.0,0.0,0.0,0.0,normal
0,tcp,http,SF,224,1674,0,0,0,0,0,1,0,0,0,0,0,0,0,0,0,0,4,4,0.0,0.0,0.0,0.0,1.0,0.0,0.0,181,255,1.0,0.0,0.01,0.02,0.0,0.0,0.0,0.0,normal
0,tcp,private,S0,0,0,0,0,0,0,0,0,0,0,0,0,0,0,0,0,0,0,161,8,1.0,1.0,0.0,0.0,0.05,0.1,0.0,255,8,0.03,0.1,0.0,0.0,1.0,1.0,0.0,0.0,neptune
0,tcp,imap4,RSTO,0,44,0,0,0,0,0,0,0,0,0,0,0,0,0,0,0,0,4,3,0.0,0.0,0.75,1.0,0.25,0.75,1.0,255,54,0.21,0.02,0.0,0.0,0.0,0.0,0.78,0.98,mscan
0,tcp,telnet,S3,0,44,0,0,0,0,0,0,0,0,0,0,0,0,0,0,0,0,1,1,1.0,1.0,0.0,0.0,1.0,0.0,0.0,255,181,0.71,0.02,0.0,0.0,0.42,0.41,0.01,0.01,processtable
0,tcp,other,REJ,0,0,0,0,0,0,0,0,0,0,0,0,0,0,0,0,0,0,511,1,0.15,0.0,0.85,1.0,0.0,1.0,0.0,255,1,0.0,0.94,0.0,0.0,0.15,0.0,0.85,1.0,satan
0,tcp,sql_net,REJ,0,0,0,0,0,0,0,0,0,0,0,0,0,0,0,0,0,0,132,8,0.0,0.0,1.0,1.0,0.06,0.06,0.0,255,8,0.03,0.05,0.0,0.0,0.0,0.0,1.0,1.0,neptune
0,tcp,http,SF,243,269,0,0,0,0,0,1,0,0,0,0,0,0,0,0,0,0,21,21,0.0,0.0,0.0,0.0,1.0,0.0,0.0,255,255,1.0,0.0,0.0,0.0,0.0,0.0,0.0,0.0,normal
0,tcp,private,S0,0,0,0,0,0,0,0,0,0,0,0,0,0,0,0,0,0,0,152,1,1.0,1.0,0.0,0.0,0.01,0.11,0.0,255,1,0.0,0.1,0.0,0.0,1.0,1.0,0.0,0.0,neptune
4,tcp,pop_3,SF,28,93,0,0,0,0,0,1,0,0,0,0,0,0,0,0,0,0,1,1,0.0,0.0,0.0,0.0,1.0,0.0,0.0,255,219,0.86,0.04,0.0,0.0,0.0,0.0,0.0,0.0,guess_passwd
0,tcp,http,REJ,0,0,0,0,0,0,0,0,0,0,0,0,0,0,0,0,0,0,225,9,0.0,0.0,1.0,1.0,0.04,0.08,0.0,255,9,0.04,0.07,0.0,0.0,0.0,0.0,1.0,1.0,neptune
0,tcp,telnet,S0,0,0,0,0,0,0,0,0,0,0,0,0,0,0,0,0,0,0,99,99,1.0,1.0,0.0,0.0,1.0,0.0,0.0,111,99,0.89,0.02,0.01,0.0,0.89,1.0,0.0,0.0,neptune
0,tcp,telnet,S3,0,44,0,0,0,0,0,0,0,0,0,0,0,0,0,0,0,0,1,1,1.0,1.0,0.0,0.0,1.0,0.0,0.0,255,135,0.53,0.03,0.0,0.0,0.23,0.44,0.11,0.1,processtable
0,tcp,echo,RSTO,0,0,0,0,0,0,0,0,0,0,0,0,0,0,0,0,0,0,192,4,0.0,0.0,1.0,1.0,0.02,0.06,0.0,255,4,0.02,0.07,0.0,0.0,0.0,0.0,1.0,1.0,neptune
0,tcp,http,SF,217,270,0,0,0,0,0,1,0,0,0,0,0,0,0,0,0,0,2,3,0.0,0.0,0.0,0.0,1.0,0.0,0.67,255,255,1.0,0.0,0.0,0.0,0.0,0.0,0.0,0.0,normal
0,udp,domain_u,SF,44,71,0,0,0,0,0,0,0,0,0,0,0,0,0,0,0,0,218,217,0.0,0.0,0.0,0.0,1.0,0.01,0.0,255,254,1.0,0.01,0.01,0.0,0.0,0.0,0.0,0.0,normal
0,udp,domain_u,SF,41,130,0,0,0,0,0,0,0,0,0,0,0,0,0,0,0,0,127,206,0.0,0.0,0.0,0.0,1.0,0.0,0.01,255,255,1.0,0.0,0.0,0.0,0.0,0.0,0.0,0.0,normal
0,tcp,ftp,SF,26,157,0,0,0,0,1,0,0,0,0,0,0,0,0,0,0,1,1,1,0.0,0.0,0.0,0.0,1.0,0.0,0.0,190,90,0.47,0.03,0.01,0.0,0.0,0.0,0.0,0.0,guess_passwd
0,tcp,http,SF,254,5572,0,0,0,0,0,1,0,0,0,0,0,0,0,0,0,0,15,16,0.0,0.0,0.0,0.0,1.0,0.0,0.12,171,255,1.0,0.0,0.01,0.02,0.0,0.0,0.0,0.0,normal
0,tcp,http,SF,353,556,0,0,0,0,0,1,0,0,0,0,0,0,0,0,0,0,19,47,0.0,0.0,0.0,0.0,1.0,0.0,0.06,19,60,1.0,0.0,0.05,0.13,0.0,0.0,0.0,0.0,normal
0,udp,private,SF,1,0,0,0,0,0,0,0,0,0,0,0,0,0,0,0,0,0,10,2,0.0,0.0,0.0,0.0,0.2,0.4,0.0,255,2,0.01,0.27,1.0,0.0,0.0,0.0,0.0,0.0,saint
0,tcp,http,SF,216,278,0,0,0,0,0,1,0,0,0,0,0,0,0,0,0,0,6,8,0.0,0.0,0.0,0.0,1.0,0.0,0.38,255,255,1.0,0.0,0.0,0.0,0.0,0.0,0.0,0.0,normal
0,tcp,http,REJ,0,0,0,0,0,0,0,0,0,0,0,0,0,0,0,0,0,0,104,4,0.0,0.0,1.0,1.0,0.04,0.07,0.0,255,4,0.02,0.06,0.0,0.0,0.4,0.0,0.6,1.0,neptune
0,tcp,netbios_ns,REJ,0,0,0,0,0,0,0,0,0,0,0,0,0,0,0,0,0,0,261,12,0.0,0.0,1.0,1.0,0.05,0.07,0.0,255,12,0.05,0.07,0.0,0.0,0.0,0.0,1.0,1.0,neptune
0,tcp,private,REJ,0,0,0,0,0,0,0,0,0,0,0,0,0,0,0,0,0,0,216,3,0.25,0.33,0.75,0.67,0.01,0.06,0.0,255,3,0.01,0.06,0.0,0.0,0.22,0.33,0.78,0.67,neptune
3,tcp,pop_3,SF,28,93,0,0,0,0,0,1,0,0,0,0,0,0,0,0,0,0,1,1,0.0,0.0,0.0,0.0,1.0,0.0,0.0,255,246,0.96,0.02,0.0,0.0,0.0,0.0,0.02,0.0,guess_passwd
0,tcp,pop_3,SF,30,217,0,0,0,0,0,1,0,0,0,0,0,0,0,0,0,0,1,2,0.0,0.0,0.0,0.0,1.0,0.0,1.0,44,9,0.2,0.11,0.02,0.0,0.0,0.0,0.0,0.0,guess_passwd
0,tcp,telnet,SF,123,174,0,0,0,0,1,0,0,0,0,0,0,0,0,0,0,0,2,2,0.0,0.0,0.0,0.0,1.0,0.0,0.0,255,49,0.19,0.02,0.0,0.0,0.0,0.0,0.01,0.04,guess_passwd
0,tcp,other,REJ,0,0,0,0,0,0,0,0,0,0,0,0,0,0,0,0,0,0,511,1,0.15,0.0,0.85,1.0,0.0,1.0,0.0,255,1,0.0,0.99,0.0,0.0,0.14,0.0,0.86,1.0,satan
0,tcp,http,SF,221,1092,0,0,0,0,0,1,0,0,0,0,0,0,0,0,0,0,4,21,0.0,0.0,0.0,0.0,1.0,0.0,0.1,4,255,1.0,0.0,0.25,0.09,0.0,0.0,0.0,0.0,normal
0,tcp,http,SF,264,284,0,0,0,0,0,1,0,0,0,0,0,0,0,0,0,0,8,30,0.0,0.0,0.0,0.0,1.0,0.0,0.2,183,255,1.0,0.0,0.01,0.02,0.0,0.0,0.0,0.0,normal
0,tcp,sunrpc,REJ,0,0,0,0,0,0,0,0,0,0,0,0,0,0,0,0,0,0,4,12,0.0,0.0,1.0,1.0,0.25,1.0,1.0,255,25,0.1,0.03,0.0,0.0,0.0,0.0,0.44,1.0,mscan
282,tcp,ftp,SF,158,595,0,0,0,2,0,1,0,0,0,0,0,0,0,0,0,1,1,1,0.0,0.0,0.0,0.0,1.0,0.0,0.0,154,53,0.34,0.05,0.01,0.0,0.0,0.0,0.0,0.0,warezmaster
0,udp,private,SF,45,0,0,0,0,0,0,0,0,0,0,0,0,0,0,0,0,0,5,5,0.0,0.0,0.0,0.0,1.0,0.0,0.0,255,255,1.0,0.0,0.0,0.0,0.0,0.0,0.0,0.0,snmpguess
0,tcp,http,SF,309,656,0,0,0,0,0,1,0,0,0,0,0,0,0,0,0,0,27,27,0.0,0.0,0.0,0.0,1.0,0.0,0.0,255,255,1.0,0.0,0.0,0.0,0.0,0.0,0.0,0.0,normal
0,tcp,sunrpc,REJ,0,0,0,0,0,0,0,0,0,0,0,0,0,0,0,0,0,0,3,7,0.0,0.0,1.0,1.0,0.33,1.0,1.0,255,17,0.07,0.03,0.0,0.0,0.01,0.0,0.34,1.0,mscan
0,icmp,eco_i,SF,8,0,0,0,0,0,0,0,0,0,0,0,0,0,0,0,0,0,1,34,0.0,0.0,0.0,0.0,1.0,0.0,1.0,2,76,1.0,0.0,1.0,0.5,0.0,0.0,0.0,0.0,ipsweep
23,tcp,ftp,SF,287,903,0,0,0,5,0,1,0,0,0,0,0,0,0,0,0,1,1,1,0.0,0.0,0.0,0.0,1.0,0.0,0.0,162,68,0.41,0.04,0.01,0.03,0.0,0.0,0.01,0.01,normal
0,tcp,gopher,S0,0,0,0,0,0,0,0,0,0,0,0,0,0,0,0,0,0,0,165,19,1.0,1.0,0.0,0.0,0.12,0.08,0.0,255,19,0.07,0.09,0.0,0.0,1.0,1.0,0.0,0.0,neptune
0,tcp,telnet,SF,120,174,0,0,0,0,1,0,0,0,0,0,0,0,0,0,0,0,2,2,0.0,0.0,0.0,0.0,1.0,0.0,0.0,255,255,1.0,0.0,0.0,0.0,0.01,0.01,0.02,0.02,guess_passwd
7,tcp,pop_3,SF,30,93,0,0,0,0,0,1,0,0,0,0,0,0,0,0,0,0,1,1,0.0,0.0,0.0,0.0,1.0,0.0,0.0,255,253,0.99,0.01,0.0,0.0,0.0,0.0,0.0,0.0,guess_passwd
0,tcp,printer,RSTO,0,0,0,0,0,0,0,0,0,0,0,0,0,0,0,0,0,0,140,8,0.0,0.0,1.0,1.0,0.06,0.06,0.0,255,8,0.03,0.06,0.0,0.0,0.0,0.0,1.0,1.0,neptune
0,tcp,http,SF,347,3849,0,0,0,0,0,1,0,0,0,0,0,0,0,0,0,0,20,27,0.0,0.0,0.0,0.0,1.0,0.0,0.11,24,255,1.0,0.0,0.04,0.03,0.0,0.0,0.0,0.0,normal
0,tcp,http,SF,322,1135,0,0,0,0,0,1,0,0,0,0,0,0,0,0,0,0,7,7,0.0,0.0,0.0,0.0,1.0,0.0,0.0,255,255,1.0,0.0,0.0,0.0,0.0,0.0,0.0,0.0,normal
0,tcp,http,SF,162,2512,0,0,0,0,0,1,0,0,0,0,0,0,0,0,0,0,25,29,0.0,0.0,0.0,0.0,1.0,0.0,0.07,26,144,1.0,0.0,0.04,0.06,0.0,0.0,0.0,0.0,normal
0,tcp,telnet,SF,123,174,0,0,0,0,1,0,0,0,0,0,0,0,0,0,0,0,2,2,0.0,0.0,0.0,0.0,1.0,0.0,0.0,255,213,0.84,0.02,0.0,0.0,0.0,0.0,0.02,0.03,guess_passwd
4,tcp,pop_3,SF,30,93,0,0,0,0,0,1,0,0,0,0,0,0,0,0,0,0,1,1,0.0,0.0,0.0,0.0,1.0,0.0,0.0,255,248,0.97,0.02,0.0,0.0,0.0,0.0,0.02,0.0,guess_passwd
0,udp,private,SF,105,0,0,0,0,0,0,0,0,0,0,0,0,0,0,0,0,0,6,6,0.0,0.0,0.0,0.0,1.0,0.0,0.0,255,255,1.0,0.0,0.01,0.0,0.0,0.0,0.0,0.0,normal
1,tcp,smtp,SF,2599,293,0,0,0,0,0,1,0,0,0,0,0,0,0,0,0,0,3,3,0.0,0.0,0.0,0.0,1.0,0.0,0.0,255,126,0.49,0.15,0.0,0.0,0.0,0.0,0.49,0.0,mailbomb
20,tcp,ftp,SF,241,769,0,0,0,4,0,1,0,0,0,0,0,0,0,0,0,1,1,1,0.0,0.0,0.0,0.0,1.0,0.0,0.0,171,73,0.42,0.04,0.01,0.03,0.0,0.0,0.01,0.01,normal
0,tcp,http,SF,196,631,0,0,0,0,0,1,0,0,0,0,0,0,0,0,0,0,6,9,0.0,0.0,0.0,0.0,1.0,0.0,0.22,40,255,1.0,0.0,0.03,0.04,0.0,0.0,0.0,0.0,normal
0,tcp,http,SF,200,16978,0,0,0,0,0,1,0,0,0,0,0,0,0,0,0,0,15,15,0.0,0.0,0.0,0.0,1.0,0.0,0.0,45,255,1.0,0.0,0.02,0.01,0.0,0.0,0.0,0.0,normal
0,tcp,telnet,SF,120,174,0,0,0,0,1,0,0,0,0,0,0,0,0,0,0,0,1,1,0.0,0.0,0.0,0.0,1.0,0.0,0.0,255,248,0.97,0.01,0.0,0.0,0.0,0.0,0.02,0.02,guess_passwd
0,tcp,private,S0,0,0,0,0,0,0,0,0,0,0,0,0,0,0,0,0,0,0,120,11,1.0,1.0,0.0,0.0,0.09,0.07,0.0,255,11,0.04,0.05,0.0,0.0,1.0,1.0,0.0,0.0,neptune
0,tcp,http,SF,208,317,0,0,0,0,0,1,0,0,0,0,0,0,0,0,0,0,20,24,0.0,0.0,0.0,0.0,1.0,0.0,0.12,255,255,1.0,0.0,0.01,0.0,0.0,0.0,0.0,0.0,normal
0,udp,private,SF,47,0,0,0,0,0,0,0,0,0,0,0,0,0,0,0,0,0,5,5,0.0,0.0,0.0,0.0,1.0,0.0,0.0,255,254,1.0,0.01,0.0,0.0,0.0,0.0,0.0,0.0,snmpguess
3,tcp,pop_3,SF,30,93,0,0,0,0,0,1,0,0,0,0,0,0,0,0,0,0,1,1,0.0,0.0,0.0,0.0,1.0,0.0,0.0,255,246,0.96,0.01,0.0,0.0,0.0,0.0,0.0,0.0,guess_passwd
7561,tcp,telnet,SF,0,44,0,0,0,0,0,0,0,0,0,0,0,0,0,0,0,0,1,1,0.0,0.0,0.0,0.0,1.0,0.0,0.0,255,186,0.73,0.03,0.0,0.0,0.33,0.46,0.12,0.08,processtable
0,udp,private,SF,1,1,0,0,0,0,0,0,0,0,0,0,0,0,0,0,0,0,43,1,0.0,0.0,0.0,0.0,0.02,1.0,0.0,255,1,0.0,0.66,0.92,0.0,0.0,0.0,0.08,0.0,satan
0,tcp,ftp_data,SF,6932,0,0,0,0,0,0,0,0,0,0,0,0,0,0,0,0,0,2,2,0.0,0.0,0.0,0.0,1.0,0.0,0.0,46,46,0.83,0.07,0.83,0.04,0.0,0.0,0.0,0.0,normal
0,udp,private,SF,105,146,0,0,0,0,0,0,0,0,0,0,0,0,0,0,0,0,2,1,0.0,0.0,0.0,0.0,0.5,1.0,0.0,255,252,0.99,0.01,0.0,0.0,0.0,0.0,0.0,0.0,snmpgetattack
4,tcp,pop_3,SF,28,93,0,0,0,0,0,1,0,0,0,0,0,0,0,0,0,0,1,1,0.0,0.0,0.0,0.0,1.0,0.0,0.0,255,221,0.87,0.02,0.0,0.0,0.0,0.0,0.03,0.0,guess_passwd
0,tcp,http,S0,0,0,0,0,0,0,0,0,0,0,0,0,0,0,0,0,0,0,9,9,1.0,1.0,0.0,0.0,1.0,0.0,0.0,255,244,0.96,0.01,0.0,0.0,0.09,0.09,0.56,0.59,apache2
0,tcp,private,REJ,0,0,0,0,0,0,0,0,0,0,0,0,0,0,0,0,0,0,259,17,0.03,0.06,0.97,0.94,0.07,0.07,0.0,255,17,0.07,0.07,0.0,0.0,0.03,0.06,0.97,0.94,neptune
7284,tcp,telnet,SF,0,44,0,0,0,0,0,0,0,0,0,0,0,0,0,0,0,0,1,1,0.0,0.0,0.0,0.0,1.0,0.0,0.0,255,244,0.96,0.02,0.0,0.0,0.33,0.35,0.06,0.03,processtable
0,tcp,iso_tsap,REJ,0,0,0,0,0,0,0,0,0,0,0,0,0,0,0,0,0,0,267,10,0.0,0.0,1.0,1.0,0.04,0.06,0.0,255,10,0.04,0.07,0.0,0.0,0.0,0.0,1.0,1.0,neptune
53771,tcp,telnet,SF,90,3178,0,0,0,0,0,1,0,0,0,0,0,0,0,0,0,0,1,1,0.0,0.0,0.0,0.0,1.0,0.0,0.0,51,16,0.29,0.08,0.02,0.12,0.0,0.0,0.0,0.0,normal
1,tcp,smtp,SF,2599,293,0,0,0,0,0,1,0,0,0,0,0,0,0,0,0,0,2,2,0.0,0.0,0.0,0.0,1.0,0.0,0.0,255,8,0.03,0.16,0.0,0.0,0.0,0.0,0.95,0.0,mailbomb
0,tcp,ftp_data,SF,12,0,0,0,0,0,0,0,0,0,0,0,0,0,0,0,0,0,1,1,0.0,0.0,0.0,0.0,1.0,0.0,0.0,8,5,0.62,0.25,0.62,0.0,0.0,0.0,0.0,0.0,warezmaster
0,tcp,ftp_data,SF,12,0,0,0,0,0,0,0,0,0,0,0,0,0,0,0,0,0,1,1,0.0,0.0,0.0,0.0,1.0,0.0,0.0,60,111,0.53,0.05,0.53,0.02,0.0,0.0,0.0,0.0,normal
0,tcp,ftp_data,SF,0,7,0,0,0,0,0,0,0,0,0,0,0,0,0,0,0,0,1,1,0.0,0.0,0.0,0.0,1.0,0.0,0.0,100,5,0.05,0.05,0.05,0.0,0.0,0.0,0.0,0.0,ftp_write
0,tcp,private,REJ,0,0,0,0,0,0,0,0,0,0,0,0,0,0,0,0,0,0,115,10,0.0,0.0,1.0,1.0,0.09,0.06,0.0,255,10,0.04,0.05,0.0,0.0,0.0,0.0,1.0,1.0,neptune
0,tcp,private,REJ,0,0,0,0,0,0,0,0,0,0,0,0,0,0,0,0,0,0,252,8,0.0,0.0,1.0,1.0,0.03,0.06,0.0,255,8,0.03,0.06,0.0,0.0,0.0,0.0,1.0,1.0,neptune
0,tcp,http,SF,78202,1203,0,0,0,0,0,1,0,0,0,0,0,0,0,0,0,0,4,15,0.0,0.0,0.0,0.0,1.0,0.0,0.27,255,255,1.0,0.0,0.0,0.0,0.0,0.0,0.0,0.0,normal
0,tcp,telnet,REJ,0,0,0,0,0,0,0,0,0,0,0,0,0,0,0,0,0,0,4,6,0.0,0.17,1.0,0.5,0.25,1.0,0.83,124,84,0.34,0.04,0.01,0.02,0.01,0.01,0.87,0.6,mscan
0,udp,private,SF,1,0,0,0,0,0,0,0,0,0,0,0,0,0,0,0,0,0,20,2,0.0,0.0,0.0,0.0,0.1,0.5,0.0,255,2,0.01,0.7,0.98,0.0,0.0,0.0,0.02,0.0,normal
0,tcp,http,SF,301,3414,0,0,0,0,0,1,0,0,0,0,0,0,0,0,0,0,3,3,0.0,0.0,0.0,0.0,1.0,0.0,0.0,3,3,1.0,0.0,0.33,0.0,0.0,0.0,0.0,0.0,normal
0,tcp,domain,REJ,0,0,0,0,0,0,0,0,0,0,0,0,0,0,0,0,0,0,200,5,0.0,0.0,1.0,1.0,0.03,0.06,0.0,255,5,0.02,0.07,0.0,0.0,0.0,0.0,1.0,1.0,neptune
0,icmp,ecr_i,SF,1032,0,0,0,0,0,0,0,0,0,0,0,0,0,0,0,0,0,2,2,0.0,0.0,0.0,0.0,1.0,0.0,0.0,255,255,1.0,0.0,1.0,0.0,0.0,0.0,0.0,0.0,smurf
0,tcp,http,SF,221,2180,0,0,0,0,0,1,0,0,0,0,0,0,0,0,0,0,23,25,0.0,0.0,0.0,0.0,1.0,0.0,0.12,255,255,1.0,0.0,0.0,0.0,0.0,0.0,0.0,0.0,normal
0,tcp,http,SF,215,2430,0,0,0,0,0,1,0,0,0,0,0,0,0,0,0,0,28,29,0.0,0.0,0.0,0.0,1.0,0.0,0.07,28,255,1.0,0.0,0.04,0.06,0.0,0.0,0.0,0.0,normal
0,tcp,http,SF,303,3995,0,0,0,0,0,1,0,0,0,0,0,0,0,0,0,0,8,8,0.0,0.0,0.0,0.0,1.0,0.0,0.0,23,233,1.0,0.0,0.04,0.04,0.0,0.0,0.0,0.0,normal
1,tcp,smtp,SF,1500,332,0,0,0,0,0,1,0,0,0,0,0,0,0,0,0,0,1,3,0.0,0.0,0.0,0.0,1.0,0.0,1.0,193,218,0.82,0.03,0.01,0.01,0.0,0.0,0.0,0.0,normal
0,icmp,eco_i,SF,20,0,0,0,0,0,0,0,0,0,0,0,0,0,0,0,0,0,1,51,0.0,0.0,0.0,0.0,1.0,0.0,1.0,2,82,1.0,0.0,1.0,0.26,0.0,0.0,0.0,0.0,saint
8096,tcp,telnet,SF,0,15,0,0,0,0,0,0,0,0,0,0,0,0,0,0,0,0,1,1,0.0,0.0,0.0,0.0,1.0,0.0,0.0,255,85,0.33,0.02,0.0,0.0,0.65,0.52,0.01,0.02,processtable
0,tcp,http,SF,175,2876,0,0,0,0,0,1,0,0,0,0,0,0,0,0,0,0,1,1,0.0,0.0,0.0,0.0,1.0,0.0,0.0,11,149,1.0,0.0,0.09,0.03,0.0,0.0,0.0,0.0,normal
0,tcp,other,S0,0,0,0,0,0,0,0,0,0,0,0,0,0,0,0,0,0,0,398,1,0.17,1.0,0.82,0.0,0.0,1.0,0.0,255,1,0.0,0.92,0.0,0.0,0.14,1.0,0.86,0.0,satan
0,tcp,smtp,SF,18290,336,0,0,0,0,0,1,0,0,0,0,0,0,0,0,0,0,1,1,0.0,0.0,0.0,0.0,1.0,0.0,0.0,219,165,0.7,0.03,0.0,0.01,0.0,0.0,0.0,0.0,normal
0,tcp,iso_tsap,S0,0,0,0,0,0,0,0,0,0,0,0,0,0,0,0,0,0,0,290,15,1.0,1.0,0.0,0.0,0.05,0.06,0.0,255,15,0.06,0.06,0.0,0.0,1.0,1.0,0.0,0.0,neptune
281,tcp,ftp,SF,160,599,0,0,0,2,0,1,0,0,0,0,0,0,0,0,0,1,1,1,0.0,0.0,0.0,0.0,1.0,0.0,0.0,164,55,0.34,0.04,0.01,0.0,0.0,0.0,0.0,0.0,warezmaster
281,tcp,ftp,SF,162,597,0,0,0,2,0,1,0,0,0,0,0,0,0,0,0,1,1,1,0.0,0.0,0.0,0.0,1.0,0.0,0.0,244,87,0.36,0.03,0.0,0.0,0.0,0.0,0.0,0.0,warezmaster
4,tcp,pop_3,SF,30,93,0,0,0,0,0,1,0,0,0,0,0,0,0,0,0,0,2,1,0.0,0.0,0.0,0.0,0.5,1.0,0.0,255,247,0.97,0.01,0.0,0.0,0.0,0.0,0.0,0.0,guess_passwd
0,udp,private,SF,55,56,0,0,0,0,0,0,0,0,0,0,0,0,0,0,0,0,510,510,0.0,0.0,0.0,0.0,1.0,0.0,0.0,255,255,1.0,0.0,0.87,0.0,0.0,0.0,0.0,0.0,normal
0,tcp,http,SF,259,8653,0,0,0,0,0,1,0,0,0,0,0,0,0,0,0,0,11,11,0.0,0.0,0.0,0.0,1.0,0.0,0.0,76,255,1.0,0.0,0.01,0.02,0.0,0.0,0.0,0.0,normal
0,tcp,private,REJ,0,0,0,0,0,0,0,0,0,0,0,0,0,0,0,0,0,0,3,1,0.0,0.0,0.67,1.0,0.33,1.0,0.0,255,1,0.0,0.97,0.96,0.0,0.01,0.0,0.95,1.0,portsweep
0,tcp,private,S0,0,0,0,0,0,0,0,0,0,0,0,0,0,0,0,0,0,0,130,6,1.0,1.0,0.0,0.0,0.05,0.06,0.0,255,6,0.02,0.05,0.0,0.0,1.0,1.0,0.0,0.0,neptune
0,tcp,http,SF,208,695,0,0,0,0,0,1,0,0,0,0,0,0,0,0,0,0,1,3,0.0,0.0,0.0,0.0,1.0,0.0,1.0,28,255,1.0,0.0,0.04,0.03,0.0,0.0,0.0,0.0,normal
0,tcp,http,SF,221,1141,0,0,0,0,0,1,0,0,0,0,0,0,0,0,0,0,20,20,0.0,0.0,0.0,0.0,1.0,0.0,0.0,59,255,1.0,0.0,0.02,0.04,0.0,0.0,0.0,0.0,normal
0,tcp,http,SF,197,2765,0,0,0,0,0,1,0,0,0,0,0,0,0,0,0,0,6,6,0.0,0.0,0.0,0.0,1.0,0.0,0.0,21,255,1.0,0.0,0.05,0.05,0.0,0.0,0.0,0.0,normal
0,icmp,ecr_i,SF,1032,0,0,0,0,0,0,0,0,0,0,0,0,0,0,0,0,0,360,360,0.0,0.0,0.0,0.0,1.0,0.0,0.0,255,255,1.0,0.0,1.0,0.0,0.0,0.0,0.0,0.0,smurf
0,tcp,http,SF,281,11252,0,0,0,0,0,1,0,0,0,0,0,0,0,0,0,0,1,1,0.0,0.0,0.0,0.0,1.0,0.0,0.0,51,253,1.0,0.0,0.02,0.05,0.0,0.0,0.0,0.0,normal
0,tcp,http,SF,201,4671,0,0,0,0,0,1,0,0,0,0,0,0,0,0,0,0,7,7,0.0,0.0,0.0,0.0,1.0,0.0,0.0,7,255,1.0,0.0,0.14,0.02,0.0,0.0,0.0,0.0,normal
805,tcp,http,RSTR,61504,1,0,0,0,0,0,1,0,0,0,0,0,0,0,0,0,0,32,32,0.03,0.03,0.97,0.97,1.0,0.0,0.0,255,253,0.99,0.01,0.0,0.0,0.01,0.01,0.63,0.64,apache2
0,udp,other,SF,1,1,0,0,0,0,0,0,0,0,0,0,0,0,0,0,0,0,325,1,0.0,0.0,0.0,0.0,0.0,1.0,0.0,255,1,0.0,1.0,1.0,0.0,0.0,0.0,0.0,0.0,satan
0,tcp,http,SF,325,1142,0,0,0,0,0,1,0,0,0,0,0,0,0,0,0,0,6,19,0.0,0.0,0.0,0.0,1.0,0.0,0.11,30,255,1.0,0.0,0.03,0.04,0.0,0.0,0.0,0.0,normal
0,udp,domain_u,SF,42,108,0,0,0,0,0,0,0,0,0,0,0,0,0,0,0,0,1,1,0.0,0.0,0.0,0.0,1.0,0.0,0.0,28,240,0.79,0.07,0.79,0.01,0.0,0.0,0.18,0.0,normal
898,tcp,http,RSTR,58624,0,0,0,0,0,0,1,0,0,0,0,0,0,0,0,0,0,26,26,0.0,0.0,1.0,1.0,1.0,0.0,0.0,255,255,1.0,0.0,0.0,0.0,0.0,0.0,0.51,0.51,apache2
281,tcp,ftp,SF,160,595,0,0,0,2,0,1,0,0,0,0,0,0,0,0,0,1,1,1,0.0,0.0,0.0,0.0,1.0,0.0,0.0,138,48,0.35,0.04,0.01,0.0,0.0,0.0,0.0,0.0,warezmaster
0,udp,private,SF,52,55,0,0,0,0,0,0,0,0,0,0,0,0,0,0,0,0,507,507,0.0,0.0,0.0,0.0,1.0,0.0,0.0,255,255,1.0,0.0,0.83,0.0,0.0,0.0,0.0,0.0,normal
283,tcp,ftp,SF,162,597,0,0,0,2,0,1,0,0,0,0,0,0,0,0,0,1,1,1,0.0,0.0,0.0,0.0,1.0,0.0,0.0,7,5,0.71,0.29,0.14,0.0,0.0,0.0,0.0,0.0,warezmaster
0,tcp,imap4,S0,0,0,0,0,0,0,0,0,0,0,0,0,0,0,0,0,0,0,1,6,1.0,1.0,0.0,0.0,1.0,0.0,1.0,83,85,0.34,0.04,0.01,0.04,1.0,0.99,0.0,0.01,mscan
0,tcp,uucp_path,S0,0,0,0,0,0,0,0,0,0,0,0,0,0,0,0,0,0,0,204,2,1.0,1.0,0.0,0.0,0.01,0.06,0.0,255,2,0.01,0.07,0.0,0.0,1.0,1.0,0.0,0.0,neptune
0,icmp,ecr_i,SF,64,0,0,0,0,0,0,0,0,0,0,0,0,0,0,0,0,0,3,3,0.0,0.0,0.0,0.0,1.0,0.0,0.0,255,3,0.01,0.01,0.01,0.0,0.0,0.0,0.0,0.0,normal
901,tcp,http,RSTR,59424,0,0,0,0,0,0,1,0,0,0,0,0,0,0,0,0,0,23,23,0.04,0.04,0.91,0.91,1.0,0.0,0.0,255,255,1.0,0.0,0.0,0.0,0.0,0.0,0.08,0.08,apache2
0,tcp,pop_3,RSTO,0,36,0,0,0,0,0,1,0,0,0,0,0,0,0,0,0,0,2,5,0.0,0.0,1.0,1.0,0.5,1.0,1.0,113,50,0.25,0.04,0.01,0.04,0.01,0.0,0.87,0.98,mscan
0,udp,domain_u,SF,42,42,0,0,0,0,0,0,0,0,0,0,0,0,0,0,0,0,8,12,0.0,0.0,0.0,0.0,1.0,0.0,0.17,255,248,0.97,0.02,0.01,0.0,0.0,0.0,0.0,0.0,normal
0,tcp,http,SF,218,768,0,0,0,0,0,1,0,0,0,0,0,0,0,0,0,0,9,9,0.0,0.0,0.0,0.0,1.0,0.0,0.0,144,255,1.0,0.0,0.01,0.01,0.0,0.0,0.0,0.0,normal
60,tcp,telnet,S3,122,188,0,0,0,0,1,0,0,0,0,0,0,0,0,0,0,0,1,1,1.0,1.0,0.0,0.0,1.0,0.0,0.0,255,255,1.0,0.0,0.0,0.0,0.01,0.01,0.02,0.02,guess_passwd
0,tcp,http,SF,233,9678,0,0,0,0,0,1,0,0,0,0,0,0,0,0,0,0,7,38,0.0,0.0,0.0,0.0,1.0,0.0,0.16,144,229,1.0,0.0,0.01,0.03,0.0,0.0,0.0,0.0,normal
0,tcp,nntp,S0,0,0,0,0,0,0,0,0,0,0,0,0,0,0,0,0,0,0,131,2,1.0,1.0,0.0,0.0,0.02,0.1,0.0,255,2,0.01,0.09,0.0,0.0,1.0,1.0,0.0,0.0,neptune
0,tcp,http,SF,315,3124,0,0,0,0,0,1,0,0,0,0,0,0,0,0,0,0,3,3,0.0,0.0,0.0,0.0,1.0,0.0,0.0,255,255,1.0,0.0,0.0,0.0,0.0,0.0,0.0,0.0,normal
0,tcp,http,SF,232,198345,0,0,0,0,0,1,0,0,0,0,0,0,0,0,0,0,1,8,0.0,0.0,0.0,0.0,1.0,0.0,0.38,114,255,1.0,0.0,0.01,0.01,0.0,0.0,0.0,0.0,normal
5,tcp,pop_3,SF,28,93,0,0,0,0,0,1,0,0,0,0,0,0,0,0,0,0,1,1,0.0,0.0,0.0,0.0,1.0,0.0,0.0,255,253,0.99,0.01,0.0,0.0,0.0,0.0,0.0,0.0,guess_passwd
0,tcp,http,SF,302,258,0,0,0,0,0,1,0,0,0,0,0,0,0,0,0,0,2,2,0.0,0.0,0.0,0.0,1.0,0.0,0.0,247,119,0.48,0.4,0.0,0.0,0.01,0.0,0.45,0.01,normal
0,tcp,ftp,SF,26,157,0,0,0,0,1,0,0,0,0,0,0,0,0,0,0,1,1,1,0.0,0.0,0.0,0.0,1.0,0.0,0.0,248,126,0.51,0.02,0.0,0.0,0.0,0.0,0.0,0.0,guess_passwd
0,tcp,http,SF,185,3020,0,0,0,0,0,1,0,0,0,0,0,0,0,0,0,0,5,5,0.0,0.0,0.0,0.0,1.0,0.0,0.0,240,255,1.0,0.0,0.0,0.01,0.0,0.0,0.0,0.0,normal
0,tcp,private,RSTR,0,0,0,0,0,0,0,0,0,0,0,0,0,0,0,0,0,0,1,1,0.0,0.0,1.0,1.0,1.0,0.0,0.0,255,1,0.0,0.91,0.9,0.0,0.0,0.0,0.9,1.0,portsweep
0,tcp,finger,S0,0,0,0,0,0,0,0,0,0,0,0,0,0,0,0,0,0,0,14,4,1.0,1.0,0.0,0.0,0.29,0.29,0.0,255,63,0.25,0.02,0.01,0.0,0.98,1.0,0.0,0.0,neptune
0,tcp,ftp,SF,26,157,0,0,0,0,1,0,0,0,0,0,0,0,0,0,0,1,1,2,0.0,0.0,0.0,0.0,1.0,0.0,1.0,100,54,0.54,0.04,0.01,0.0,0.0,0.0,0.0,0.0,guess_passwd
0,icmp,eco_i,SF,40008,0,0,0,0,0,0,0,0,0,0,0,0,0,0,0,0,0,3,3,0.0,0.0,0.0,0.0,1.0,0.0,0.0,210,145,0.48,0.02,0.48,0.17,0.0,0.0,0.01,0.0,normal
0,tcp,supdup,REJ,0,0,0,0,0,0,0,0,0,0,0,0,0,0,0,0,0,0,205,6,0.0,0.0,1.0,1.0,0.03,0.07,0.0,255,6,0.02,0.06,0.0,0.0,0.0,0.0,1.0,1.0,neptune
0,tcp,http,SF,353,12707,0,0,0,0,0,1,0,0,0,0,0,0,0,0,0,0,7,21,0.0,0.0,0.0,0.0,1.0,0.0,0.1,255,255,1.0,0.0,0.0,0.0,0.0,0.0,0.0,0.0,normal
0,tcp,http,SF,223,1784,0,0,0,0,0,1,0,0,0,0,0,0,0,0,0,0,6,10,0.0,0.0,0.0,0.0,1.0,0.0,0.3,96,255,1.0,0.0,0.01,0.01,0.0,0.0,0.0,0.0,normal
0,tcp,http,REJ,0,0,0,0,0,0,0,0,0,0,0,0,0,0,0,0,0,0,1,1,0.0,0.0,1.0,1.0,1.0,0.0,0.0,255,10,0.04,0.96,0.0,0.0,0.1,0.0,0.89,1.0,normal
0,tcp,private,REJ,0,0,0,0,0,0,0,0,0,0,0,0,0,0,0,0,0,0,110,15,0.0,0.0,1.0,1.0,0.14,0.08,0.0,255,15,0.06,0.06,0.0,0.0,0.0,0.0,1.0,1.0,neptune
0,tcp,private,REJ,0,0,0,0,0,0,0,0,0,0,0,0,0,0,0,0,0,0,230,15,0.0,0.0,1.0,1.0,0.07,0.06,0.0,255,15,0.06,0.07,0.0,0.0,0.0,0.0,1.0,1.0,neptune
0,tcp,private,S0,0,0,0,0,0,0,0,0,0,0,0,0,0,0,0,0,0,0,250,10,1.0,1.0,0.0,0.0,0.04,0.06,0.0,255,10,0.04,0.08,0.0,0.0,1.0,1.0,0.0,0.0,neptune
0,icmp,ecr_i,SF,1032,0,0,0,0,0,0,0,0,0,0,0,0,0,0,0,0,0,511,511,0.0,0.0,0.0,0.0,1.0,0.0,0.0,255,240,0.94,0.01,0.94,0.0,0.0,0.0,0.0,0.0,smurf
0,tcp,http,SF,361,1164,0,0,0,0,0,1,0,0,0,0,0,0,0,0,0,0,15,15,0.0,0.0,0.0,0.0,1.0,0.0,0.0,247,255,1.0,0.0,0.0,0.01,0.0,0.0,0.0,0.0,normal
0,tcp,http,SF,252,4580,0,0,0,0,0,1,0,0,0,0,0,0,0,0,0,0,2,2,0.0,0.0,0.0,0.0,1.0,0.0,0.0,255,255,1.0,0.0,0.0,0.0,0.0,0.0,0.0,0.0,normal
0,tcp,finger,RSTO,0,0,0,0,0,0,0,0,0,0,0,0,0,0,0,0,0,0,40,12,0.0,0.0,1.0,1.0,0.3,0.1,0.0,255,33,0.13,0.51,0.01,0.0,0.0,0.0,0.95,0.97,neptune
0,tcp,http,SF,308,1625,0,0,0,0,0,1,0,0,0,0,0,0,0,0,0,0,16,16,0.0,0.0,0.0,0.0,1.0,0.0,0.0,45,255,1.0,0.0,0.02,0.02,0.0,0.0,0.0,0.0,normal
0,tcp,private,REJ,0,0,0,0,0,0,0,0,0,0,0,0,0,0,0,0,0,0,275,9,0.0,0.0,1.0,1.0,0.03,0.06,0.0,255,9,0.04,0.06,0.0,0.0,0.0,0.0,1.0,1.0,neptune
0,icmp,ecr_i,SF,1032,0,0,0,0,0,0,0,0,0,0,0,0,0,0,0,0,0,112,112,0.0,0.0,0.0,0.0,1.0,0.0,0.0,255,112,0.44,0.53,0.44,0.0,0.1,0.0,0.46,0.0,smurf
0,tcp,telnet,SF,124,188,0,0,0,0,1,0,0,0,0,0,0,0,0,0,0,0,2,2,0.0,0.0,0.0,0.0,1.0,0.0,0.0,255,254,1.0,0.01,0.0,0.0,0.01,0.01,0.02,0.02,guess_passwd
0,udp,private,SF,28,0,0,3,0,0,0,0,0,0,0,0,0,0,0,0,0,0,61,61,0.0,0.0,0.0,0.0,1.0,0.0,0.0,86,61,0.71,0.05,0.71,0.0,0.0,0.0,0.0,0.0,normal
0,tcp,ftp_data,SF,192,0,0,0,0,0,0,0,0,0,0,0,0,0,0,0,0,0,2,2,0.0,0.0,0.0,0.0,1.0,0.0,0.0,110,63,0.19,0.05,0.19,0.03,0.0,0.0,0.02,0.0,normal
0,tcp,http,SF,206,12898,0,0,0,0,0,1,0,0,0,0,0,0,0,0,0,0,3,3,0.0,0.0,0.0,0.0,1.0,0.0,0.0,79,79,1.0,0.0,0.01,0.0,0.0,0.0,0.0,0.0,normal
0,tcp,telnet,S3,0,44,0,0,0,0,0,0,0,0,0,0,0,0,0,0,0,0,1,1,1.0,1.0,0.0,0.0,1.0,0.0,0.0,255,130,0.51,0.02,0.0,0.0,0.53,0.43,0.01,0.01,processtable
0,tcp,private,REJ,0,0,0,0,0,0,0,0,0,0,0,0,0,0,0,0,0,0,131,20,0.0,0.0,1.0,1.0,0.15,0.05,0.0,255,20,0.08,0.06,0.0,0.0,0.0,0.0,1.0,1.0,neptune
0,tcp,imap4,RSTO,0,44,0,0,0,0,0,0,0,0,0,0,0,0,0,0,0,0,2,6,0.0,0.0,1.0,1.0,0.5,1.0,1.0,255,39,0.15,0.03,0.0,0.0,0.02,0.08,0.54,0.87,mscan
7380,tcp,telnet,SF,0,44,0,0,0,0,0,0,0,0,0,0,0,0,0,0,0,0,1,1,0.0,0.0,0.0,0.0,1.0,0.0,0.0,255,228,0.89,0.02,0.0,0.0,0.33,0.37,0.12,0.06,processtable
0,tcp,http,SF,352,1217,0,0,0,0,0,1,0,0,0,0,0,0,0,0,0,0,4,7,0.0,0.0,0.0,0.0,1.0,0.0,0.29,117,255,1.0,0.0,0.01,0.02,0.0,0.0,0.0,0.0,normal
0,tcp,http,SF,154,17558,0,0,0,0,0,1,0,0,0,0,0,0,0,0,0,0,2,2,0.0,0.0,0.0,0.0,1.0,0.0,0.0,12,255,1.0,0.0,0.08,0.04,0.0,0.0,0.0,0.0,normal
0,tcp,http,S0,0,0,0,0,0,0,0,0,0,0,0,0,0,0,0,0,0,0,86,86,1.0,1.0,0.0,0.0,1.0,0.0,0.0,255,255,1.0,0.0,0.0,0.0,0.47,0.47,0.51,0.51,apache2
0,tcp,private,REJ,0,0,0,0,0,0,0,0,0,0,0,0,0,0,0,0,0,0,290,15,0.0,0.0,1.0,1.0,0.05,0.06,0.0,255,15,0.06,0.05,0.0,0.0,0.0,0.0,1.0,1.0,neptune
0,udp,domain_u,SF,43,43,0,0,0,0,0,0,0,0,0,0,0,0,0,0,0,0,2,4,0.0,0.0,0.0,0.0,1.0,0.0,0.5,255,232,0.91,0.01,0.01,0.0,0.0,0.0,0.05,0.0,normal
0,tcp,http,SF,367,8215,0,0,0,0,0,1,0,0,0,0,0,0,0,0,0,0,6,15,0.0,0.0,0.0,0.0,1.0,0.0,0.13,75,255,1.0,0.0,0.01,0.03,0.01,0.0,0.0,0.0,normal
0,tcp,http,SF,325,1125,0,0,0,0,0,1,0,0,0,0,0,0,0,0,0,0,27,27,0.0,0.0,0.0,0.0,1.0,0.0,0.0,255,255,1.0,0.0,0.0,0.0,0.0,0.0,0.0,0.0,normal
283,tcp,ftp,SF,160,595,0,0,0,2,0,1,0,0,0,0,0,0,0,0,0,1,1,1,0.0,0.0,0.0,0.0,1.0,0.0,0.0,255,117,0.46,0.03,0.0,0.0,0.0,0.0,0.0,0.0,warezmaster
0,tcp,telnet,SF,120,174,0,0,0,0,1,0,0,0,0,0,0,0,0,0,0,0,1,1,0.0,0.0,0.0,0.0,1.0,0.0,0.0,255,75,0.29,0.02,0.0,0.0,0.0,0.0,0.01,0.04,guess_passwd
0,tcp,http,SF,327,910,0,0,0,0,0,1,0,0,0,0,0,0,0,0,0,0,14,15,0.0,0.0,0.0,0.0,1.0,0.0,0.13,14,255,1.0,0.0,0.07,0.03,0.0,0.0,0.0,0.0,normal
0,tcp,smtp,SF,110,353,0,0,0,0,0,1,0,0,0,0,0,0,0,0,0,0,1,2,0.0,0.0,0.0,0.0,1.0,0.0,1.0,255,20,0.08,0.02,0.0,0.0,0.0,0.0,0.0,0.0,normal
281,tcp,ftp,SF,158,593,0,0,0,2,0,1,0,0,0,0,0,0,0,0,0,1,1,1,0.0,0.0,0.0,0.0,1.0,0.0,0.0,255,100,0.39,0.03,0.0,0.0,0.0,0.0,0.0,0.0,warezmaster
0,tcp,gopher,S0,0,0,0,0,0,0,0,0,0,0,0,0,0,0,0,0,0,0,164,6,1.0,1.0,0.0,0.0,0.04,0.09,0.0,255,6,0.02,0.09,0.0,0.0,1.0,1.0,0.0,0.0,neptune
0,tcp,smtp,SF,2254,329,0,0,0,0,0,1,0,0,0,0,0,0,0,0,0,0,1,1,0.0,0.0,0.0,0.0,1.0,0.0,0.0,23,23,1.0,0.0,0.04,0.0,0.0,0.0,0.0,0.0,normal
0,tcp,http,SF,292,356,0,0,0,0,0,1,0,0,0,0,0,0,0,0,0,0,3,4,0.0,0.0,0.0,0.0,1.0,0.0,0.5,29,255,1.0,0.0,0.03,0.05,0.0,0.0,0.0,0.0,normal
0,tcp,http,SF,231,6459,0,0,0,0,0,1,0,0,0,0,0,0,0,0,0,0,3,3,0.0,0.0,0.0,0.0,1.0,0.0,0.0,7,255,1.0,0.0,0.14,0.02,0.0,0.0,0.0,0.0,normal
0,tcp,private,REJ,0,0,0,0,0,0,0,0,0,0,0,0,0,0,0,0,0,0,138,17,0.0,0.0,1.0,1.0,0.12,0.07,0.0,255,17,0.07,0.06,0.0,0.0,0.0,0.0,1.0,1.0,neptune
0,tcp,private,REJ,0,0,0,0,0,0,0,0,0,0,0,0,0,0,0,0,0,0,268,2,0.0,0.0,1.0,1.0,0.01,0.06,0.0,255,2,0.01,0.07,0.0,0.0,0.0,0.0,1.0,1.0,neptune
0,tcp,private,REJ,0,0,0,0,0,0,0,0,0,0,0,0,0,0,0,0,0,0,199,19,0.0,0.0,1.0,1.0,0.1,0.06,0.0,255,19,0.07,0.06,0.0,0.0,0.0,0.0,1.0,1.0,neptune
0,tcp,uucp_path,REJ,0,0,0,0,0,0,0,0,0,0,0,0,0,0,0,0,0,0,200,6,0.0,0.0,1.0,1.0,0.03,0.08,0.0,255,6,0.02,0.08,0.0,0.0,0.0,0.0,1.0,1.0,neptune
0,udp,domain_u,SF,43,43,0,0,0,0,0,0,0,0,0,0,0,0,0,0,0,0,20,100,0.0,0.0,0.0,0.0,1.0,0.0,0.02,255,254,1.0,0.01,0.01,0.0,0.0,0.0,0.0,0.0,normal
799,tcp,http,RSTR,62344,0,0,0,0,0,0,1,0,0,0,0,0,0,0,0,0,0,90,90,0.02,0.02,0.98,0.98,1.0,0.0,0.0,255,253,0.99,0.01,0.0,0.0,0.01,0.01,0.48,0.48,apache2
0,tcp,private,S0,0,0,0,0,0,0,0,0,0,0,0,0,0,0,0,0,0,0,300,20,0.91,0.9,0.09,0.1,0.07,0.06,0.0,255,20,0.08,0.06,0.0,0.0,0.89,0.9,0.11,0.1,neptune
0,tcp,http,SF,54540,8314,0,0,0,2,0,1,1,0,0,0,0,0,0,0,0,0,3,3,0.0,0.0,0.33,0.33,1.0,0.0,0.0,255,254,1.0,0.01,0.0,0.0,0.0,0.0,0.07,0.07,back
0,udp,domain_u,SF,46,46,0,0,0,0,0,0,0,0,0,0,0,0,0,0,0,0,215,214,0.0,0.0,0.0,0.0,1.0,0.01,0.0,255,254,1.0,0.01,0.0,0.0,0.0,0.0,0.0,0.0,normal
0,tcp,http,SF,216,14210,0,0,0,0,0,1,0,0,0,0,0,0,0,0,0,0,7,7,0.0,0.0,0.0,0.0,1.0,0.0,0.0,87,255,1.0,0.0,0.01,0.02,0.0,0.0,0.0,0.0,normal
0,tcp,telnet,S0,0,0,0,0,0,0,0,0,0,0,0,0,0,0,0,0,0,0,9,9,1.0,1.0,0.0,0.0,1.0,0.0,0.0,21,9,0.43,0.1,0.05,0.0,0.43,1.0,0.0,0.0,neptune
0,tcp,nnsp,SH,0,0,0,0,0,0,0,0,0,0,0,0,0,0,0,0,0,0,1,1,1.0,1.0,0.0,0.0,1.0,0.0,0.0,117,1,0.01,1.0,1.0,0.0,1.0,1.0,0.0,0.0,nmap
7386,tcp,telnet,SF,0,44,0,0,0,0,0,0,0,0,0,0,0,0,0,0,0,0,1,1,0.0,0.0,0.0,0.0,1.0,0.0,0.0,255,210,0.82,0.18,0.0,0.0,0.5,0.6,0.17,0.01,processtable
0,tcp,http,SF,244,252,0,0,0,0,0,1,0,0,0,0,0,0,0,0,0,0,1,3,0.0,0.0,0.0,0.0,1.0,0.0,0.67,29,245,1.0,0.0,0.03,0.04,0.0,0.0,0.0,0.0,normal
0,tcp,http,SF,239,4073,0,0,0,0,0,1,0,0,0,0,0,0,0,0,0,0,1,1,0.0,0.0,0.0,0.0,1.0,0.0,0.0,255,255,1.0,0.0,0.0,0.0,0.0,0.0,0.0,0.0,normal
0,tcp,http,SF,269,327,0,0,0,0,0,1,0,0,0,0,0,0,0,0,0,0,2,10,0.0,0.0,0.0,0.0,1.0,0.0,0.2,255,255,1.0,0.0,0.0,0.0,0.0,0.0,0.0,0.0,normal
0,tcp,http,SF,222,278,0,0,0,0,0,1,0,0,0,0,0,0,0,0,0,0,4,11,0.0,0.0,0.0,0.0,1.0,0.0,0.45,255,255,1.0,0.0,0.0,0.0,0.0,0.0,0.0,0.0,normal
0,tcp,telnet,SF,127,174,0,0,0,0,1,0,0,0,0,0,0,0,0,0,0,0,2,2,0.0,0.0,0.0,0.0,1.0,0.0,0.0,255,255,1.0,0.0,0.0,0.0,0.0,0.0,0.02,0.02,guess_passwd
0,tcp,Z39_50,S0,0,0,0,0,0,0,0,0,0,0,0,0,0,0,0,0,0,0,224,7,1.0,1.0,0.0,0.0,0.03,0.06,0.0,255,7,0.03,0.07,0.0,0.0,1.0,1.0,0.0,0.0,neptune
0,tcp,private,REJ,0,0,0,0,0,0,0,0,0,0,0,0,0,0,0,0,0,0,446,1,0.04,0.0,0.93,1.0,0.0,1.0,0.0,255,1,0.0,1.0,0.0,0.0,0.05,0.0,0.9,1.0,saint
731,tcp,telnet,SF,718,22388,0,0,0,0,0,1,3,0,0,0,0,0,0,0,0,0,1,1,0.0,0.0,0.0,0.0,1.0,0.0,0.0,255,61,0.24,0.02,0.0,0.0,0.78,0.84,0.01,0.03,normal
0,udp,private,SF,1,4,0,0,0,0,0,0,0,0,0,0,0,0,0,0,0,0,14,12,0.0,0.0,0.0,0.0,0.86,0.14,0.0,255,17,0.07,0.24,0.88,0.0,0.0,0.0,0.09,0.0,normal
0,tcp,http,SF,319,319,0,0,0,0,0,1,0,0,0,0,0,0,0,0,0,0,3,9,0.0,0.0,0.0,0.0,1.0,0.0,0.33,21,255,1.0,0.0,0.05,0.05,0.0,0.0,0.0,0.0,normal
0,udp,domain_u,SF,35,35,0,0,0,0,0,0,0,0,0,0,0,0,0,0,0,0,5,11,0.0,0.0,0.0,0.0,1.0,0.0,0.36,255,252,0.99,0.01,0.01,0.0,0.0,0.0,0.0,0.0,normal
0,tcp,http,SF,54540,8314,0,0,0,2,0,1,1,0,0,0,0,0,0,0,0,0,2,2,0.0,0.0,0.0,0.0,1.0,0.0,0.0,255,254,1.0,0.01,0.0,0.0,0.0,0.0,0.04,0.04,back
0,tcp,http,SF,345,608,0,0,0,0,0,1,0,0,0,0,0,0,0,0,0,0,10,10,0.0,0.0,0.0,0.0,1.0,0.0,0.0,255,255,1.0,0.0,0.0,0.0,0.0,0.0,0.0,0.0,normal
0,tcp,private,REJ,0,0,0,0,0,0,0,0,0,0,0,0,0,0,0,0,0,0,112,9,0.0,0.0,1.0,1.0,0.08,0.06,0.0,255,9,0.04,0.06,0.0,0.0,0.0,0.0,1.0,1.0,neptune
0,tcp,private,REJ,0,0,0,0,0,0,0,0,0,0,0,0,0,0,0,0,0,0,509,1,0.01,0.0,0.95,1.0,0.0,1.0,0.0,255,1,0.0,1.0,0.0,0.0,0.02,0.0,0.95,1.0,satan
0,tcp,pop_3,SF,30,217,0,0,0,0,0,1,0,0,0,0,0,0,0,0,0,0,1,1,0.0,0.0,0.0,0.0,1.0,0.0,0.0,255,4,0.02,0.02,0.0,0.0,0.0,0.0,0.01,0.0,guess_passwd
0,tcp,http,SF,228,4194,0,0,0,0,0,1,0,0,0,0,0,0,0,0,0,0,17,49,0.0,0.0,0.0,0.0,1.0,0.0,0.1,73,255,1.0,0.0,0.01,0.05,0.0,0.0,0.0,0.0,normal
0,tcp,http,SF,228,13466,0,0,0,0,0,1,0,0,0,0,0,0,0,0,0,0,1,1,0.0,0.0,0.0,0.0,1.0,0.0,0.0,255,255,1.0,0.0,0.0,0.0,0.0,0.0,0.0,0.0,normal
0,tcp,http,SF,153,330,0,0,0,0,0,1,0,0,0,0,0,0,0,0,0,0,1,1,0.0,0.0,0.0,0.0,1.0,0.0,0.0,3,255,1.0,0.0,0.33,0.01,0.0,0.0,0.0,0.0,normal
0,tcp,private,REJ,0,0,0,0,0,0,0,0,0,0,0,0,0,0,0,0,0,0,247,17,0.0,0.0,1.0,1.0,0.07,0.06,0.0,255,17,0.07,0.07,0.0,0.0,0.0,0.0,1.0,1.0,neptune
0,tcp,private,S0,0,0,0,0,0,0,0,0,0,0,0,0,0,0,0,0,0,0,144,6,1.0,1.0,0.0,0.0,0.04,0.1,0.0,255,6,0.02,0.09,0.0,0.0,1.0,1.0,0.0,0.0,neptune
282,tcp,ftp,SF,158,595,0,0,0,2,0,1,0,0,0,0,0,0,0,0,0,1,1,1,0.0,0.0,0.0,0.0,1.0,0.0,0.0,61,33,0.54,0.07,0.02,0.0,0.0,0.0,0.0,0.0,warezmaster
280,tcp,ftp_data,SF,283618,0,0,0,0,0,0,0,0,0,0,0,0,0,0,0,0,0,1,1,0.0,0.0,0.0,0.0,1.0,0.0,0.0,6,3,0.5,0.33,0.5,0.0,0.0,0.0,0.0,0.0,warezmaster
0,tcp,http,SF,218,4674,0,0,0,0,0,1,0,0,0,0,0,0,0,0,0,0,18,18,0.0,0.0,0.0,0.0,1.0,0.0,0.0,54,255,1.0,0.0,0.02,0.05,0.0,0.0,0.0,0.0,normal
282,tcp,ftp,SF,164,599,0,0,0,2,0,1,0,0,0,0,0,0,0,0,0,1,1,1,0.0,0.0,0.0,0.0,1.0,0.0,0.0,255,18,0.07,0.83,0.0,0.0,0.0,0.0,0.81,0.0,warezmaster
0,tcp,ftp_data,SF,641,0,0,0,0,0,0,0,0,0,0,0,0,0,0,0,0,0,1,1,0.0,0.0,0.0,0.0,1.0,0.0,0.0,255,10,0.04,0.03,0.04,0.0,0.0,0.0,0.69,0.0,normal
0,tcp,ftp,SF,26,157,0,0,0,0,1,0,0,0,0,0,0,0,0,0,0,1,1,1,0.0,0.0,0.0,0.0,1.0,0.0,0.0,142,66,0.46,0.03,0.01,0.0,0.0,0.0,0.0,0.0,guess_passwd
0,tcp,http,SF,317,7525,0,0,0,0,0,1,0,0,0,0,0,0,0,0,0,0,20,20,0.0,0.0,0.0,0.0,1.0,0.0,0.0,255,255,1.0,0.0,0.0,0.0,0.0,0.0,0.0,0.0,normal
7650,tcp,telnet,SF,0,44,0,0,0,0,0,0,0,0,0,0,0,0,0,0,0,0,1,1,0.0,0.0,0.0,0.0,1.0,0.0,0.0,255,167,0.65,0.02,0.0,0.0,0.5,0.48,0.01,0.01,processtable
0,tcp,http,SF,54540,8314,0,0,0,2,0,1,1,0,0,0,0,0,0,0,0,0,4,17,0.0,0.0,0.0,0.0,1.0,0.0,0.18,255,255,1.0,0.0,0.0,0.0,0.01,0.01,0.07,0.07,back
0,tcp,private,REJ,0,0,0,0,0,0,0,0,0,0,0,0,0,0,0,0,0,0,103,6,0.0,0.0,1.0,1.0,0.06,0.08,0.0,255,6,0.02,0.07,0.0,0.0,0.0,0.0,1.0,1.0,neptune
2,tcp,pop_3,RSTO,0,36,0,0,0,0,0,1,0,0,0,0,0,0,0,0,0,0,3,4,0.0,0.0,1.0,1.0,0.33,1.0,1.0,255,52,0.2,0.03,0.0,0.0,0.0,0.0,0.75,0.92,mscan
0,tcp,other,REJ,0,0,0,0,0,0,0,0,0,0,0,0,0,0,0,0,0,0,491,1,0.09,0.0,0.9,1.0,0.0,1.0,0.0,255,1,0.0,1.0,0.0,0.0,0.08,0.0,0.92,1.0,saint
0,tcp,http,SF,216,794,0,0,0,0,0,1,0,0,0,0,0,0,0,0,0,0,15,15,0.0,0.0,0.0,0.0,1.0,0.0,0.0,88,255,1.0,0.0,0.01,0.02,0.0,0.0,0.0,0.0,normal
0,udp,private,SF,1,1,0,0,0,0,0,0,0,0,0,0,0,0,0,0,0,0,74,1,0.0,0.0,0.0,0.0,0.01,0.55,0.0,255,1,0.0,0.85,0.43,0.0,0.09,0.0,0.47,0.0,satan
0,tcp,telnet,S3,0,44,0,0,0,0,0,0,0,0,0,0,0,0,0,0,0,0,1,1,1.0,1.0,0.0,0.0,1.0,0.0,0.0,255,103,0.4,0.03,0.0,0.0,0.1,0.25,0.11,0.13,processtable
0,tcp,smtp,SF,993,336,0,0,0,0,0,1,0,0,0,0,0,0,0,0,0,0,1,1,0.0,0.0,0.0,0.0,1.0,0.0,0.0,161,118,0.73,0.04,0.01,0.0,0.0,0.0,0.0,0.0,normal
0,tcp,http,SF,242,11249,0,0,0,0,0,1,0,0,0,0,0,0,0,0,0,0,1,2,0.0,0.0,0.0,0.0,1.0,0.0,1.0,7,255,1.0,0.0,0.14,0.01,0.0,0.0,0.0,0.0,normal
0,tcp,private,S0,0,0,0,0,0,0,0,0,0,0,0,0,0,0,0,0,0,0,234,1,1.0,1.0,0.0,0.0,0.0,0.06,0.0,255,1,0.0,0.07,0.0,0.0,1.0,1.0,0.0,0.0,neptune
0,tcp,efs,REJ,0,0,0,0,0,0,0,0,0,0,0,0,0,0,0,0,0,0,136,17,0.0,0.0,1.0,1.0,0.12,0.06,0.0,255,17,0.07,0.06,0.0,0.0,0.0,0.0,1.0,1.0,neptune
0,tcp,ssh,REJ,0,0,0,0,0,0,0,0,0,0,0,0,0,0,0,0,0,0,235,18,0.0,0.0,1.0,1.0,0.08,0.06,0.0,255,18,0.07,0.07,0.0,0.0,0.0,0.0,1.0,1.0,neptune
0,tcp,ftp_data,SF,79,0,0,0,0,0,0,0,0,0,0,0,0,0,0,0,0,0,2,1,0.0,0.0,0.0,0.0,0.5,1.0,0.0,219,38,0.17,0.04,0.17,0.0,0.0,0.0,0.0,0.0,normal
0,tcp,http,RSTR,33580,2920,0,0,0,1,0,1,0,0,0,0,0,0,0,0,0,0,4,4,0.0,0.0,1.0,1.0,1.0,0.0,0.0,255,254,1.0,0.01,0.0,0.0,0.0,0.0,0.04,0.04,back
0,tcp,iso_tsap,REJ,0,0,0,0,0,0,0,0,0,0,0,0,0,0,0,0,0,0,278,10,0.0,0.0,1.0,1.0,0.04,0.06,0.0,255,10,0.04,0.06,0.0,0.0,0.0,0.0,1.0,1.0,neptune
0,tcp,http,SF,218,1772,0,0,0,0,0,1,0,0,0,0,0,0,0,0,0,0,5,5,0.0,0.0,0.0,0.0,1.0,0.0,0.0,255,255,1.0,0.0,0.01,0.0,0.0,0.0,0.0,0.0,normal
0,tcp,private,REJ,0,0,0,0,0,0,0,0,0,0,0,0,0,0,0,0,0,0,229,4,0.0,0.0,1.0,1.0,0.02,0.07,0.0,255,4,0.02,0.08,0.0,0.0,0.0,0.0,1.0,1.0,neptune
0,tcp,private,S0,0,0,0,0,0,0,0,0,0,0,0,0,0,0,0,0,0,0,141,4,1.0,1.0,0.0,0.0,0.03,0.06,0.0,255,4,0.02,0.05,0.0,0.0,1.0,1.0,0.0,0.0,neptune
0,tcp,http,SF,322,1249,0,0,0,0,0,1,0,0,0,0,0,0,0,0,0,0,24,29,0.0,0.0,0.0,0.0,1.0,0.0,0.21,241,255,1.0,0.0,0.0,0.01,0.0,0.0,0.0,0.0,normal
0,tcp,http,SF,54540,8314,0,0,0,2,0,1,1,0,0,0,0,0,0,0,0,0,4,22,0.0,0.0,0.0,0.0,1.0,0.0,0.09,255,242,0.95,0.01,0.0,0.0,0.0,0.0,0.06,0.06,back
0,tcp,http,SF,293,2427,0,0,0,0,0,1,0,0,0,0,0,0,0,0,0,0,13,14,0.0,0.0,0.0,0.0,1.0,0.0,0.14,52,255,1.0,0.0,0.02,0.02,0.0,0.0,0.0,0.0,normal
0,tcp,http,SF,205,634,0,0,0,0,0,1,0,0,0,0,0,0,0,0,0,0,27,32,0.0,0.0,0.0,0.0,1.0,0.0,0.12,255,255,1.0,0.0,0.0,0.0,0.0,0.0,0.0,0.0,normal
0,tcp,other,REJ,0,0,0,0,0,0,0,0,0,0,0,0,0,0,0,0,0,0,511,1,0.08,0.0,0.92,1.0,0.0,1.0,0.0,255,1,0.0,1.0,0.0,0.0,0.08,0.0,0.91,1.0,saint
0,tcp,other,REJ,0,0,0,0,0,0,0,0,0,0,0,0,0,0,0,0,0,0,497,1,0.08,0.0,0.92,1.0,0.0,1.0,0.0,255,1,0.0,1.0,0.0,0.0,0.07,0.0,0.93,1.0,satan
0,tcp,http,S0,0,0,0,0,0,0,0,0,0,0,0,0,0,0,0,0,0,0,65,65,1.0,1.0,0.0,0.0,1.0,0.0,0.0,255,255,1.0,0.0,0.0,0.0,0.33,0.33,0.66,0.66,apache2
0,tcp,http,SF,294,6442,0,0,0,0,0,1,0,0,0,0,0,0,0,0,0,0,39,46,0.0,0.0,0.0,0.0,1.0,0.0,0.07,255,255,1.0,0.0,0.0,0.0,0.0,0.0,0.0,0.0,normal
0,tcp,auth,SF,13,36,0,0,0,0,0,0,0,0,0,0,0,0,0,0,0,0,1,1,0.0,0.0,0.0,0.0,1.0,0.0,0.0,142,4,0.03,0.03,0.01,0.0,0.0,0.0,0.0,0.0,normal
0,tcp,http,SF,327,3200,0,0,0,0,0,1,0,0,0,0,0,0,0,0,0,0,11,13,0.0,0.0,0.0,0.0,1.0,0.0,0.23,144,255,1.0,0.0,0.01,0.01,0.0,0.0,0.0,0.0,normal
0,tcp,name,REJ,0,0,0,0,0,0,0,0,0,0,0,0,0,0,0,0,0,0,268,17,0.0,0.0,1.0,1.0,0.06,0.07,0.0,255,17,0.07,0.06,0.0,0.0,0.0,0.0,1.0,1.0,neptune
0,tcp,http,SF,188,585,0,0,0,0,0,1,0,0,0,0,0,0,0,0,0,0,1,1,0.0,0.0,0.0,0.0,1.0,0.0,0.0,255,242,0.95,0.02,0.0,0.0,0.0,0.0,0.0,0.0,normal
0,tcp,private,REJ,0,0,0,0,0,0,0,0,0,0,0,0,0,0,0,0,0,0,187,3,0.0,0.0,1.0,1.0,0.02,0.06,0.0,255,3,0.01,0.07,0.0,0.0,0.0,0.0,1.0,1.0,neptune
1,tcp,smtp,SF,870,330,0,0,0,0,0,1,0,0,0,0,0,0,0,0,0,0,1,2,0.0,0.0,0.0,0.0,1.0,0.0,1.0,41,155,0.78,0.12,0.02,0.01,0.0,0.0,0.0,0.01,normal
0,tcp,http,SF,330,3341,0,0,0,0,0,1,0,0,0,0,0,0,0,0,0,0,12,19,0.0,0.0,0.0,0.0,1.0,0.0,0.11,255,255,1.0,0.0,0.0,0.0,0.0,0.0,0.0,0.0,normal
0,tcp,ftp_data,SF,212,0,0,0,0,0,0,0,0,0,0,0,0,0,0,0,0,0,2,3,0.0,0.0,0.0,0.0,1.0,0.0,0.67,11,75,0.36,0.27,0.36,0.03,0.0,0.0,0.0,0.0,normal
281,tcp,ftp,SF,164,599,0,0,0,2,0,1,0,0,0,0,0,0,0,0,0,1,1,1,0.0,0.0,0.0,0.0,1.0,0.0,0.0,255,9,0.04,0.45,0.0,0.0,0.0,0.0,0.44,0.0,warezmaster
0,tcp,http,SF,244,299,0,0,0,0,0,1,0,0,0,0,0,0,0,0,0,0,23,23,0.0,0.0,0.0,0.0,1.0,0.0,0.0,255,255,1.0,0.0,0.0,0.0,0.0,0.0,0.0,0.0,normal
0,tcp,http,SF,354,325,0,0,0,0,0,1,0,0,0,0,0,0,0,0,0,0,31,53,0.0,0.0,0.0,0.0,1.0,0.0,0.08,255,255,1.0,0.0,0.0,0.0,0.0,0.0,0.0,0.0,normal
0,tcp,imap4,REJ,0,0,0,0,0,0,0,0,0,0,0,0,0,0,0,0,0,0,2,3,0.0,0.0,1.0,1.0,0.5,1.0,1.0,230,6,0.01,0.03,0.0,0.33,0.0,0.0,0.03,0.83,mscan
1,tcp,smtp,SF,2599,293,0,0,0,0,0,1,0,0,0,0,0,0,0,0,0,0,2,2,0.0,0.0,0.0,0.0,1.0,0.0,0.0,255,178,0.7,0.13,0.0,0.0,0.0,0.0,0.29,0.0,mailbomb
0,tcp,http,SF,323,705,0,0,0,0,0,1,0,0,0,0,0,0,0,0,0,0,4,26,0.0,0.0,0.0,0.0,1.0,0.0,0.12,4,251,1.0,0.0,0.25,0.05,0.0,0.0,0.0,0.0,normal
4,tcp,pop_3,SF,26,93,0,0,0,0,0,1,0,0,0,0,0,0,0,0,0,0,1,1,0.0,0.0,0.0,0.0,1.0,0.0,0.0,255,249,0.98,0.01,0.0,0.0,0.0,0.0,0.0,0.0,guess_passwd
0,tcp,private,S0,0,0,0,0,0,0,0,0,0,0,0,0,0,0,0,0,0,0,120,6,1.0,1.0,0.0,0.0,0.05,0.07,0.0,255,6,0.02,0.07,0.0,0.0,1.0,1.0,0.0,0.0,neptune
0,tcp,http,SF,220,4736,0,0,0,0,0,1,0,0,0,0,0,0,0,0,0,0,23,23,0.0,0.0,0.0,0.0,1.0,0.0,0.0,255,255,1.0,0.0,0.0,0.0,0.0,0.0,0.0,0.0,normal
0,tcp,telnet,SF,124,174,0,0,0,0,1,0,0,0,0,0,0,0,0,0,0,0,1,1,0.0,0.0,0.0,0.0,1.0,0.0,0.0,255,207,0.81,0.02,0.0,0.0,0.0,0.0,0.02,0.03,guess_passwd
0,icmp,urp_i,SF,36,0,0,0,0,0,0,0,0,0,0,0,0,0,0,0,0,0,1,1,0.0,0.0,0.0,0.0,1.0,0.0,0.0,255,69,0.27,0.02,0.27,0.0,0.0,0.0,0.0,0.0,normal
798,tcp,http,RSTR,74024,0,0,0,0,0,0,1,0,0,0,0,0,0,0,0,0,0,87,87,0.02,0.02,0.98,0.98,1.0,0.0,0.0,255,253,0.99,0.01,0.0,0.0,0.01,0.01,0.47,0.47,apache2
0,udp,domain_u,SF,42,73,0,0,0,0,0,0,0,0,0,0,0,0,0,0,0,0,218,216,0.0,0.0,0.0,0.0,0.99,0.01,0.0,255,254,1.0,0.01,0.0,0.0,0.0,0.0,0.0,0.0,normal
0,tcp,http,SF,235,63112,0,0,0,0,0,1,0,0,0,0,0,0,0,0,0,0,3,3,0.0,0.0,0.0,0.0,1.0,0.0,0.0,233,255,1.0,0.0,0.0,0.01,0.0,0.0,0.0,0.0,normal
0,tcp,telnet,S0,0,0,0,0,0,0,0,0,0,0,0,0,0,0,0,0,0,0,1,11,1.0,0.09,0.0,0.45,1.0,0.0,0.55,97,85,0.34,0.03,0.01,0.02,1.0,1.0,0.0,0.0,mscan
0,tcp,http,SF,54540,8314,0,0,0,2,0,1,1,0,0,0,0,0,0,0,0,0,3,21,0.0,0.0,0.0,0.0,1.0,0.0,0.14,255,255,1.0,0.0,0.0,0.0,0.0,0.0,0.07,0.07,back
0,tcp,telnet,SF,126,174,0,0,0,0,1,0,0,0,0,0,0,0,0,0,0,0,2,2,0.0,0.0,0.0,0.0,1.0,0.0,0.0,255,18,0.07,0.02,0.0,0.0,0.0,0.0,0.0,0.06,guess_passwd
0,tcp,http,REJ,0,0,0,0,0,0,0,0,0,0,0,0,0,0,0,0,0,0,235,20,0.0,0.0,1.0,0.95,0.08,0.07,0.1,255,19,0.07,0.07,0.0,0.0,0.0,0.0,1.0,1.0,neptune
0,tcp,finger,RSTO,0,0,0,0,0,0,0,0,0,0,0,0,0,0,0,0,0,0,272,7,0.0,0.0,1.0,1.0,0.03,0.06,0.0,255,7,0.03,0.06,0.0,0.0,0.0,0.0,1.0,1.0,neptune
0,tcp,http,SF,323,352,0,0,0,0,0,1,0,0,0,0,0,0,0,0,0,0,17,17,0.0,0.0,0.0,0.0,1.0,0.0,0.0,38,237,1.0,0.0,0.03,0.03,0.0,0.0,0.0,0.0,normal
0,tcp,telnet,RSTO,0,15,0,0,0,0,0,0,0,0,0,0,0,0,0,0,0,0,3,6,0.0,0.33,1.0,0.5,0.67,0.67,0.67,255,144,0.56,0.02,0.0,0.0,0.0,0.0,0.45,0.32,mscan
0,tcp,http,SF,249,1148,0,0,0,0,0,1,0,0,0,0,0,0,0,0,0,0,8,8,0.0,0.0,0.0,0.0,1.0,0.0,0.0,112,255,1.0,0.0,0.01,0.02,0.0,0.0,0.0,0.0,normal
16,tcp,pop_3,RSTR,27,93,0,0,0,0,0,1,0,0,0,0,0,0,0,0,0,0,1,1,0.0,0.0,1.0,1.0,1.0,0.0,0.0,255,213,0.84,0.02,0.0,0.0,0.0,0.0,0.04,0.0,guess_passwd
0,tcp,private,S0,0,0,0,0,0,0,0,0,0,0,0,0,0,0,0,0,0,0,267,18,1.0,1.0,0.0,0.0,0.07,0.06,0.0,255,18,0.07,0.06,0.0,0.0,1.0,1.0,0.0,0.0,neptune
0,tcp,http,REJ,0,0,0,0,0,0,0,0,0,0,0,0,0,0,0,0,0,0,245,19,0.0,0.0,1.0,1.0,0.08,0.07,0.0,255,19,0.07,0.07,0.0,0.0,0.0,0.0,1.0,1.0,neptune
0,tcp,smtp,SF,1313,435,0,0,0,0,0,1,0,0,0,0,0,0,0,0,0,0,1,5,0.0,0.0,0.0,0.0,1.0,0.0,1.0,13,40,0.62,0.23,0.08,0.05,0.0,0.0,0.0,0.0,normal
0,udp,private,SF,105,146,0,0,0,0,0,0,0,0,0,0,0,0,0,0,0,0,2,2,0.0,0.0,0.0,0.0,1.0,0.0,0.0,255,252,0.99,0.01,0.0,0.0,0.0,0.0,0.0,0.0,snmpgetattack
0,tcp,http,SF,54540,8314,0,0,0,2,0,1,1,0,0,0,0,0,0,0,0,0,4,4,0.0,0.0,0.0,0.0,1.0,0.0,0.0,255,255,1.0,0.0,0.0,0.0,0.0,0.0,0.04,0.04,back
0,tcp,http,SF,400,6954,0,0,0,0,0,1,0,0,0,0,0,0,0,0,0,0,9,9,0.0,0.0,0.0,0.0,1.0,0.0,0.0,255,255,1.0,0.0,0.0,0.0,0.0,0.0,0.0,0.0,normal
0,udp,domain_u,SF,34,34,0,0,0,0,0,0,0,0,0,0,0,0,0,0,0,0,4,7,0.0,0.0,0.0,0.0,1.0,0.0,0.29,255,249,0.98,0.01,0.01,0.0,0.0,0.0,0.0,0.0,normal
0,icmp,ecr_i,SF,1032,0,0,0,0,0,0,0,0,0,0,0,0,0,0,0,0,0,59,59,0.0,0.0,0.0,0.0,1.0,0.0,0.0,255,255,1.0,0.0,1.0,0.0,0.0,0.0,0.0,0.0,smurf
0,tcp,private,REJ,0,0,0,0,0,0,0,0,0,0,0,0,0,0,0,0,0,0,273,18,0.0,0.0,1.0,1.0,0.07,0.06,0.0,255,18,0.07,0.06,0.0,0.0,0.0,0.0,1.0,1.0,neptune
0,tcp,http,SF,297,2570,0,0,0,0,0,1,0,0,0,0,0,0,0,0,0,0,4,9,0.0,0.0,0.0,0.0,1.0,0.0,0.22,21,255,1.0,0.0,0.05,0.03,0.0,0.0,0.0,0.0,normal
0,tcp,ftp_data,SF,12,0,0,0,0,0,0,0,0,0,0,0,0,0,0,0,0,0,1,1,0.0,0.0,0.0,0.0,1.0,0.0,0.0,9,13,1.0,0.0,1.0,0.15,0.0,0.0,0.0,0.0,warezmaster
7410,tcp,telnet,SF,0,44,0,0,0,0,0,0,0,0,0,0,0,0,0,0,0,0,1,1,0.0,0.0,0.0,0.0,1.0,0.0,0.0,255,212,0.83,0.02,0.0,0.0,0.28,0.33,0.01,0.01,processtable
0,tcp,nnsp,REJ,0,0,0,0,0,0,0,0,0,0,0,0,0,0,0,0,0,0,104,4,0.0,0.0,1.0,1.0,0.04,0.07,0.0,255,4,0.02,0.06,0.0,0.0,0.0,0.0,1.0,1.0,neptune
0,tcp,http,SF,303,480,0,0,0,0,0,1,0,0,0,0,0,0,0,0,0,0,11,11,0.0,0.0,0.0,0.0,1.0,0.0,0.0,83,255,1.0,0.0,0.01,0.02,0.0,0.0,0.0,0.0,normal
0,tcp,telnet,REJ,0,0,0,0,0,0,0,0,0,0,0,0,0,0,0,0,0,0,1,1,0.0,0.0,1.0,1.0,1.0,0.0,0.0,185,19,0.02,0.04,0.01,0.11,0.0,0.0,0.02,0.58,mscan
0,tcp,http,SF,287,468,0,0,0,0,0,1,0,0,0,0,0,0,0,0,0,0,1,1,0.0,0.0,0.0,0.0,1.0,0.0,0.0,4,255,1.0,0.0,0.25,0.05,0.0,0.0,0.0,0.0,normal
0,tcp,http,SF,346,61911,0,0,0,0,0,1,0,0,0,0,0,0,0,0,0,0,4,4,0.0,0.0,0.0,0.0,1.0,0.0,0.0,212,255,1.0,0.0,0.0,0.02,0.0,0.0,0.0,0.0,normal
7606,tcp,telnet,SF,0,44,0,0,0,0,0,0,0,0,0,0,0,0,0,0,0,0,1,1,0.0,0.0,0.0,0.0,1.0,0.0,0.0,255,174,0.68,0.02,0.0,0.0,0.46,0.44,0.01,0.01,processtable
0,icmp,ecr_i,SF,1008,0,0,0,0,0,0,0,0,0,0,0,0,0,0,0,0,0,340,340,0.0,0.0,0.0,0.0,1.0,0.0,0.0,255,255,1.0,0.0,1.0,0.0,0.0,0.0,0.0,0.0,smurf
0,tcp,telnet,RSTO,0,48,0,0,0,0,0,0,0,0,0,0,0,0,0,0,0,0,1,10,0.0,0.2,1.0,0.6,1.0,0.0,0.8,241,121,0.5,0.01,0.0,0.0,0.0,0.0,0.65,0.3,mscan
0,tcp,http,SF,307,2507,0,0,0,0,0,1,0,0,0,0,0,0,0,0,0,0,8,8,0.0,0.0,0.0,0.0,1.0,0.0,0.0,255,230,0.9,0.02,0.0,0.0,0.0,0.0,0.06,0.0,normal
0,tcp,domain,REJ,0,0,0,0,0,0,0,0,0,0,0,0,0,0,0,0,0,0,286,19,0.0,0.0,1.0,1.0,0.07,0.06,0.0,255,19,0.07,0.06,0.0,0.0,0.0,0.0,1.0,1.0,neptune
788,tcp,http,RSTR,1024,0,0,0,0,0,0,1,0,0,0,0,0,0,0,0,0,0,65,65,0.03,0.03,0.97,0.97,1.0,0.0,0.0,255,253,0.99,0.01,0.0,0.0,0.01,0.01,0.51,0.52,apache2
0,udp,domain_u,SF,44,44,0,0,0,0,0,0,0,0,0,0,0,0,0,0,0,0,195,194,0.0,0.0,0.0,0.0,0.99,0.01,0.0,255,254,1.0,0.01,0.0,0.0,0.0,0.0,0.0,0.0,normal
0,tcp,telnet,S0,0,0,0,0,0,0,0,0,0,0,0,0,0,0,0,0,0,0,22,22,1.0,1.0,0.0,0.0,1.0,0.0,0.0,95,31,0.33,0.18,0.01,0.0,0.23,0.71,0.05,0.0,neptune
0,tcp,http,SF,216,294,0,0,0,0,0,1,0,0,0,0,0,0,0,0,0,0,14,14,0.0,0.0,0.0,0.0,1.0,0.0,0.0,14,133,1.0,0.0,0.07,0.05,0.0,0.0,0.0,0.0,normal
0,tcp,pop_3,REJ,0,0,0,0,0,0,0,0,0,0,0,0,0,0,0,0,0,0,3,9,0.0,0.0,0.67,1.0,0.33,1.0,1.0,80,34,0.04,0.09,0.01,0.06,0.0,0.0,0.11,1.0,mscan
0,tcp,finger,SF,9,143,0,0,0,0,0,0,0,0,0,0,0,0,0,0,0,0,1,1,0.0,0.0,0.0,0.0,1.0,0.0,0.0,130,7,0.03,0.05,0.01,0.29,0.0,0.0,0.0,0.0,normal
0,tcp,http,RSTR,33580,2920,0,0,0,1,0,1,0,0,0,0,0,0,0,0,0,0,2,2,0.0,0.0,0.5,0.5,1.0,0.0,0.0,255,254,1.0,0.01,0.0,0.0,0.0,0.0,0.07,0.07,back
0,tcp,ftp_data,SF,12,0,0,0,0,0,0,0,0,0,0,0,0,0,0,0,0,0,2,2,0.0,0.0,0.0,0.0,1.0,0.0,0.0,70,25,0.2,0.1,0.2,0.08,0.0,0.0,0.0,0.0,warezmaster
0,icmp,ecr_i,SF,1008,0,0,0,0,0,0,0,0,0,0,0,0,0,0,0,0,0,80,80,0.0,0.0,0.0,0.0,1.0,0.0,0.0,255,255,1.0,0.0,1.0,0.0,0.0,0.0,0.0,0.0,smurf
0,tcp,ftp_data,SF,738,0,0,0,0,0,0,0,0,0,0,0,0,0,0,0,0,0,2,2,0.0,0.0,0.0,0.0,1.0,0.0,0.0,188,49,0.26,0.03,0.26,0.0,0.0,0.0,0.01,0.0,normal
0,tcp,http,SF,286,5651,0,0,0,0,0,1,0,0,0,0,0,0,0,0,0,0,26,26,0.0,0.0,0.0,0.0,1.0,0.0,0.0,26,145,1.0,0.0,0.04,0.05,0.0,0.0,0.0,0.0,normal
0,tcp,http,SF,298,4237,0,0,0,0,0,1,0,0,0,0,0,0,0,0,0,0,1,2,0.0,0.0,0.0,0.0,1.0,0.0,1.0,225,255,1.0,0.0,0.0,0.01,0.0,0.0,0.0,0.0,normal
0,tcp,ftp_data,SF,22,0,0,0,0,0,0,0,0,0,0,0,0,0,0,0,0,0,1,1,0.0,0.0,0.0,0.0,1.0,0.0,0.0,201,44,0.22,0.02,0.22,0.0,0.0,0.0,0.0,0.0,normal
0,tcp,http,SF,203,454,0,0,0,0,0,1,0,0,0,0,0,0,0,0,0,0,10,11,0.0,0.0,0.0,0.0,1.0,0.0,0.18,255,255,1.0,0.0,0.0,0.0,0.0,0.0,0.0,0.0,normal
0,tcp,private,S0,0,0,0,0,0,0,0,0,0,0,0,0,0,0,0,0,0,0,230,19,1.0,1.0,0.0,0.0,0.08,0.05,0.0,255,19,0.07,0.07,0.0,0.0,1.0,1.0,0.0,0.0,neptune
3,tcp,smtp,SF,885,325,0,0,0,0,0,1,0,0,0,0,0,0,0,0,0,0,1,6,0.0,0.0,0.0,0.0,1.0,0.0,1.0,27,76,0.59,0.15,0.04,0.03,0.0,0.0,0.07,0.09,normal
0,icmp,ecr_i,SF,30,0,0,0,0,0,0,0,0,0,0,0,0,0,0,0,0,0,1,1,0.0,0.0,0.0,0.0,1.0,0.0,0.0,1,4,1.0,0.0,1.0,0.5,0.0,0.0,0.0,0.0,normal
0,tcp,smtp,SF,1036,328,0,0,0,0,0,1,0,0,0,0,0,0,0,0,0,0,1,1,0.0,0.0,0.0,0.0,1.0,0.0,0.0,3,3,1.0,0.0,0.33,0.0,0.0,0.0,0.33,0.33,normal
0,tcp,imap4,S0,0,0,0,0,0,0,0,0,0,0,0,0,0,0,0,0,0,0,1,1,1.0,1.0,0.0,0.0,1.0,0.0,0.0,250,86,0.34,0.01,0.0,0.02,1.0,1.0,0.0,0.0,mscan
0,tcp,ftp_data,SF,12,0,0,0,0,0,0,0,0,0,0,0,0,0,0,0,0,0,1,1,0.0,0.0,0.0,0.0,1.0,0.0,0.0,1,23,1.0,0.0,1.0,0.17,0.0,0.04,0.0,0.0,warezmaster
281,tcp,ftp,SF,164,599,0,0,0,2,0,1,0,0,0,0,0,0,0,0,0,1,1,1,0.0,0.0,0.0,0.0,1.0,0.0,0.0,50,24,0.48,0.08,0.02,0.0,0.0,0.0,0.0,0.0,warezmaster
0,udp,domain_u,SF,42,42,0,0,0,0,0,0,0,0,0,0,0,0,0,0,0,0,87,160,0.0,0.0,0.0,0.0,0.99,0.02,0.01,255,254,1.0,0.01,0.01,0.0,0.0,0.0,0.0,0.0,normal
0,tcp,http,SF,211,13842,0,0,0,0,0,1,0,0,0,0,0,0,0,0,0,0,11,11,0.0,0.0,0.0,0.0,1.0,0.0,0.0,255,255,1.0,0.0,0.0,0.0,0.0,0.0,0.0,0.0,normal
0,icmp,ecr_i,SF,40008,0,0,0,0,0,0,0,0,0,0,0,0,0,0,0,0,0,3,3,0.0,0.0,0.0,0.0,1.0,0.0,0.0,56,56,1.0,0.0,1.0,0.0,0.0,0.0,0.0,0.0,normal
0,tcp,http,SF,300,369,0,0,0,0,0,1,0,0,0,0,0,0,0,0,0,0,4,4,0.0,0.0,0.0,0.0,1.0,0.0,0.0,68,255,1.0,0.0,0.01,0.02,0.0,0.0,0.0,0.0,normal
0,udp,domain_u,SF,36,0,0,0,0,0,0,0,0,0,0,0,0,0,0,0,0,0,10,11,0.0,0.0,0.0,0.0,1.0,0.0,0.18,49,49,1.0,0.0,1.0,0.0,0.0,0.0,0.0,0.0,normal
0,tcp,http,SF,305,3178,0,0,0,0,0,1,0,0,0,0,0,0,0,0,0,0,13,13,0.0,0.0,0.0,0.0,1.0,0.0,0.0,46,255,1.0,0.0,0.02,0.04,0.0,0.0,0.0,0.0,normal
0,tcp,http,SF,219,304,0,0,0,0,0,1,0,0,0,0,0,0,0,0,0,0,7,10,0.0,0.0,0.0,0.0,1.0,0.0,0.3,15,255,1.0,0.0,0.07,0.04,0.0,0.0,0.0,0.0,normal
0,tcp,http,SF,277,485,0,0,0,0,0,1,0,0,0,0,0,0,0,0,0,0,2,5,0.0,0.0,0.0,0.0,1.0,0.0,0.6,58,255,1.0,0.0,0.02,0.01,0.0,0.0,0.0,0.0,normal
0,tcp,iso_tsap,S0,0,0,0,0,0,0,0,0,0,0,0,0,0,0,0,0,0,0,299,16,1.0,1.0,0.0,0.0,0.05,0.06,0.0,255,16,0.06,0.06,0.0,0.0,1.0,1.0,0.0,0.0,neptune
0,udp,private,SF,105,146,0,0,0,0,0,0,0,0,0,0,0,0,0,0,0,0,1,1,0.0,0.0,0.0,0.0,1.0,0.0,0.0,210,208,0.99,0.01,0.0,0.0,0.0,0.0,0.0,0.0,normal
0,tcp,pop_3,S0,0,0,0,0,0,0,0,0,0,0,0,0,0,0,0,0,0,0,1,1,1.0,1.0,0.0,0.0,1.0,0.0,0.0,36,12,0.33,0.08,0.03,0.0,1.0,1.0,0.0,0.0,mscan
0,tcp,http,SF,294,7176,0,0,0,0,0,1,0,0,0,0,0,0,0,0,0,0,8,9,0.0,0.0,0.0,0.0,1.0,0.0,0.22,189,255,1.0,0.0,0.01,0.05,0.0,0.0,0.0,0.0,normal
0,tcp,http,SF,245,4016,0,0,0,0,0,1,0,0,0,0,0,0,0,0,0,0,10,11,0.0,0.0,0.0,0.0,1.0,0.0,0.18,57,255,1.0,0.0,0.02,0.03,0.0,0.0,0.0,0.0,normal
0,tcp,http,SF,218,1432,0,0,0,0,0,1,0,0,0,0,0,0,0,0,0,0,12,13,0.0,0.0,0.0,0.0,1.0,0.0,0.15,72,255,1.0,0.0,0.01,0.01,0.0,0.0,0.0,0.0,normal
0,tcp,http,SF,222,1680,0,0,0,0,0,1,0,0,0,0,0,0,0,0,0,0,4,4,0.0,0.0,0.0,0.0,1.0,0.0,0.0,255,255,1.0,0.0,0.0,0.0,0.0,0.0,0.0,0.0,normal
0,tcp,http,SF,309,2161,0,0,0,0,0,1,0,0,0,0,0,0,0,0,0,0,6,6,0.0,0.0,0.0,0.0,1.0,0.0,0.0,6,231,1.0,0.0,0.17,0.05,0.0,0.0,0.0,0.0,normal
0,tcp,private,REJ,0,0,0,0,0,0,0,0,0,0,0,0,0,0,0,0,0,0,133,9,0.0,0.0,1.0,1.0,0.07,0.07,0.0,255,9,0.04,0.06,0.0,0.0,0.0,0.0,1.0,1.0,neptune
0,tcp,http,SF,231,1193,0,0,0,0,0,1,0,0,0,0,0,0,0,0,0,0,4,4,0.0,0.0,0.0,0.0,1.0,0.0,0.0,103,254,1.0,0.0,0.01,0.02,0.0,0.0,0.0,0.0,normal
0,tcp,http,SF,340,5291,0,0,0,0,0,1,0,0,0,0,0,0,0,0,0,0,14,14,0.0,0.0,0.0,0.0,1.0,0.0,0.0,255,255,1.0,0.0,0.01,0.0,0.0,0.0,0.0,0.0,normal
0,tcp,private,REJ,0,0,0,0,0,0,0,0,0,0,0,0,0,0,0,0,0,0,195,3,0.0,0.0,1.0,1.0,0.02,0.07,0.0,255,3,0.01,0.07,0.0,0.0,0.0,0.0,1.0,1.0,neptune
7,tcp,pop_3,SF,32,93,0,0,0,0,0,1,0,0,0,0,0,0,0,0,0,0,1,1,0.0,0.0,0.0,0.0,1.0,0.0,0.0,255,136,0.53,0.02,0.0,0.0,0.0,0.0,0.17,0.02,guess_passwd
0,tcp,time,SF,0,4,0,0,0,0,0,0,0,0,0,0,0,0,0,0,0,0,1,1,0.0,0.0,0.0,0.0,1.0,0.0,0.0,10,8,0.8,0.2,0.1,0.0,0.0,0.0,0.0,0.0,normal
0,tcp,telnet,S0,0,0,0,0,0,0,0,0,0,0,0,0,0,0,0,0,0,0,1,12,1.0,0.42,0.0,0.5,1.0,0.0,0.83,62,87,0.35,0.05,0.02,0.03,1.0,1.0,0.0,0.0,mscan
0,icmp,ecr_i,SF,1032,0,0,0,0,0,0,0,0,0,0,0,0,0,0,0,0,0,378,378,0.0,0.0,0.0,0.0,1.0,0.0,0.0,255,255,1.0,0.0,1.0,0.0,0.0,0.0,0.0,0.0,smurf
0,tcp,telnet,S3,0,44,0,0,0,0,0,0,0,0,0,0,0,0,0,0,0,0,1,1,1.0,1.0,0.0,0.0,1.0,0.0,0.0,255,110,0.43,0.03,0.0,0.0,0.13,0.31,0.11,0.12,processtable
0,tcp,private,S0,0,0,0,0,0,0,0,0,0,0,0,0,0,0,0,0,0,0,240,12,1.0,1.0,0.0,0.0,0.05,0.07,0.0,255,12,0.05,0.07,0.0,0.0,1.0,1.0,0.0,0.0,neptune
0,tcp,finger,SF,7,277,0,0,0,0,0,0,0,0,0,0,0,0,0,0,0,0,1,1,0.0,0.0,0.0,0.0,1.0,0.0,0.0,7,1,0.14,0.43,0.14,0.0,0.0,0.0,0.0,0.0,normal
0,tcp,whois,REJ,0,0,0,0,0,0,0,0,0,0,0,0,0,0,0,0,0,0,244,11,0.0,0.0,1.0,1.0,0.05,0.07,0.0,255,11,0.04,0.07,0.0,0.0,0.0,0.0,1.0,1.0,neptune
0,tcp,http,SF,301,2515,0,0,0,0,0,1,0,0,0,0,0,0,0,0,0,0,7,7,0.0,0.0,0.0,0.0,1.0,0.0,0.0,255,255,1.0,0.0,0.0,0.0,0.0,0.0,0.0,0.0,normal
0,tcp,http,SF,308,375,0,0,0,0,0,1,0,0,0,0,0,0,0,0,0,0,9,12,0.0,0.0,0.0,0.0,1.0,0.0,0.17,255,255,1.0,0.0,0.0,0.0,0.0,0.0,0.0,0.0,normal
0,tcp,http,SF,312,1227,0,0,0,0,0,1,0,0,0,0,0,0,0,0,0,0,2,7,0.0,0.0,0.0,0.0,1.0,0.0,0.29,255,255,1.0,0.0,0.0,0.0,0.0,0.0,0.0,0.0,normal
0,tcp,http,SF,54540,8314,0,0,0,2,0,1,1,0,0,0,0,0,0,0,0,0,5,6,0.0,0.0,0.0,0.0,1.0,0.0,0.33,255,254,1.0,0.01,0.0,0.0,0.0,0.0,0.04,0.04,back
810,tcp,http,RSTR,55044,1,0,0,0,0,0,1,0,0,0,0,0,0,0,0,0,0,83,83,0.02,0.02,0.98,0.98,1.0,0.0,0.0,255,253,0.99,0.01,0.0,0.0,0.01,0.01,0.39,0.39,apache2
0,tcp,telnet,S0,0,0,0,0,0,0,0,0,0,0,0,0,0,0,0,0,0,0,1,3,1.0,0.33,0.0,0.33,1.0,0.0,0.67,46,16,0.35,0.07,0.02,0.0,1.0,1.0,0.0,0.0,mscan
0,tcp,http,SF,256,15693,0,0,0,0,0,1,0,0,0,0,0,0,0,0,0,0,1,2,0.0,0.0,0.0,0.0,1.0,0.0,1.0,255,255,1.0,0.0,0.0,0.0,0.0,0.0,0.0,0.0,normal
0,tcp,private,S0,0,0,0,0,0,0,0,0,0,0,0,0,0,0,0,0,0,0,216,15,1.0,1.0,0.0,0.0,0.07,0.06,0.0,255,15,0.06,0.07,0.0,0.0,1.0,1.0,0.0,0.0,neptune
0,tcp,http,SF,260,4265,0,0,0,0,0,1,0,0,0,0,0,0,0,0,0,0,2,2,0.5,0.5,0.0,0.0,1.0,0.0,0.0,33,255,1.0,0.0,0.03,0.04,0.03,0.0,0.0,0.0,normal
0,udp,private,SF,53,54,0,0,0,0,0,0,0,0,0,0,0,0,0,0,0,0,511,511,0.0,0.0,0.0,0.0,1.0,0.0,0.0,255,255,1.0,0.0,0.85,0.0,0.0,0.0,0.0,0.0,normal
0,tcp,private,REJ,0,0,0,0,0,0,0,0,0,0,0,0,0,0,0,0,0,0,206,16,0.0,0.0,1.0,1.0,0.08,0.07,0.0,255,16,0.06,0.06,0.0,0.0,0.0,0.0,1.0,1.0,neptune
0,tcp,telnet,S0,0,0,0,0,0,0,0,0,0,0,0,0,0,0,0,0,0,0,106,106,1.0,1.0,0.0,0.0,1.0,0.0,0.0,255,255,1.0,0.0,0.0,0.0,1.0,1.0,0.0,0.0,neptune
0,tcp,klogin,REJ,0,0,0,0,0,0,0,0,0,0,0,0,0,0,0,0,0,0,140,4,0.0,0.0,1.0,1.0,0.03,0.06,0.0,255,4,0.02,0.05,0.0,0.0,0.0,0.0,1.0,1.0,neptune
4,tcp,pop_3,SF,32,93,0,0,0,0,0,1,0,0,0,0,0,0,0,0,0,0,1,1,0.0,0.0,0.0,0.0,1.0,0.0,0.0,42,42,0.98,0.05,0.02,0.05,0.0,0.0,0.0,0.0,guess_passwd
0,tcp,http,SF,245,556,0,0,0,0,0,1,0,0,0,0,0,0,0,0,0,0,1,5,0.0,0.0,0.0,0.0,1.0,0.0,0.4,7,255,1.0,0.0,0.14,0.01,0.0,0.0,0.0,0.0,normal
0,icmp,ecr_i,SF,1032,0,0,0,0,0,0,0,0,0,0,0,0,0,0,0,0,0,482,482,0.0,0.0,0.0,0.0,1.0,0.0,0.0,255,255,1.0,0.0,1.0,0.0,0.0,0.0,0.0,0.0,smurf
6,tcp,other,REJ,0,0,0,0,0,0,0,0,0,0,0,0,0,0,0,0,0,0,511,1,0.05,0.0,0.95,1.0,0.0,1.0,0.0,255,1,0.0,1.0,0.0,0.0,0.07,0.0,0.93,1.0,saint
0,tcp,http,SF,223,757,0,0,0,0,0,1,0,0,0,0,0,0,0,0,0,0,4,21,0.0,0.0,0.0,0.0,1.0,0.0,0.14,4,221,1.0,0.0,0.25,0.03,0.0,0.0,0.0,0.0,normal
0,udp,private,SF,53,52,0,0,0,0,0,0,0,0,0,0,0,0,0,0,0,0,507,507,0.0,0.0,0.0,0.0,1.0,0.0,0.0,255,255,1.0,0.0,0.83,0.0,0.0,0.0,0.0,0.0,normal
75,tcp,telnet,SF,277,1087,0,0,0,2,0,1,1,1,0,0,4,2,0,0,0,0,1,1,0.0,0.0,0.0,0.0,1.0,0.0,0.0,137,101,0.74,0.04,0.01,0.0,0.73,0.99,0.0,0.0,loadmodule
0,tcp,pop_2,REJ,0,0,0,0,0,0,0,0,0,0,0,0,0,0,0,0,0,0,295,18,0.0,0.0,1.0,1.0,0.06,0.05,0.0,255,18,0.07,0.06,0.0,0.0,0.0,0.0,1.0,1.0,neptune
0,icmp,ecr_i,SF,1008,0,0,0,0,0,0,0,0,0,0,0,0,0,0,0,0,0,151,151,0.0,0.0,0.0,0.0,1.0,0.0,0.0,255,255,1.0,0.0,1.0,0.0,0.0,0.0,0.0,0.0,smurf
0,tcp,http,SF,207,38521,0,0,0,0,0,1,0,0,0,0,0,0,0,0,0,0,2,2,0.0,0.0,0.0,0.0,1.0,0.0,0.0,18,153,1.0,0.0,0.06,0.03,0.0,0.48,0.0,0.0,normal
0,tcp,other,REJ,0,0,0,0,0,0,0,0,0,0,0,0,0,0,0,0,0,0,459,1,0.14,0.0,0.86,1.0,0.0,1.0,0.0,255,1,0.0,0.96,0.0,0.0,0.14,0.0,0.86,1.0,satan
0,icmp,ecr_i,SF,1032,0,0,0,0,0,0,0,0,0,0,0,0,0,0,0,0,0,301,301,0.0,0.0,0.0,0.0,1.0,0.0,0.0,255,255,1.0,0.0,1.0,0.0,0.0,0.0,0.0,0.0,smurf
0,tcp,other,REJ,0,0,0,0,0,0,0,0,0,0,0,0,0,0,0,0,0,0,490,1,0.06,0.0,0.94,1.0,0.0,1.0,0.0,255,1,0.0,1.0,0.0,0.0,0.04,0.0,0.96,1.0,saint
2061,tcp,http,RSTR,72564,0,0,0,0,0,0,1,0,0,0,0,0,0,0,0,0,0,10,10,0.0,0.0,1.0,1.0,1.0,0.0,0.0,255,243,0.95,0.01,0.0,0.0,0.02,0.02,0.29,0.3,apache2
0,udp,private,SF,105,147,0,0,0,0,0,0,0,0,0,0,0,0,0,0,0,0,3,3,0.0,0.0,0.0,0.0,1.0,0.0,0.0,255,253,0.99,0.01,0.0,0.0,0.0,0.0,0.0,0.0,normal
0,tcp,http,SF,287,178,0,0,0,0,0,1,0,0,0,0,0,0,0,0,0,0,8,53,0.0,0.0,0.0,0.0,1.0,0.0,0.04,89,255,1.0,0.0,0.01,0.04,0.0,0.0,0.0,0.0,normal
0,tcp,http,SF,282,3127,0,0,0,0,0,1,0,0,0,0,0,0,0,0,0,0,15,15,0.0,0.0,0.0,0.0,1.0,0.0,0.0,255,255,1.0,0.0,0.01,0.0,0.0,0.0,0.0,0.0,normal
1,tcp,smtp,SF,2599,293,0,0,0,0,0,1,0,0,0,0,0,0,0,0,0,0,3,3,0.0,0.0,0.0,0.0,1.0,0.0,0.0,255,228,0.89,0.11,0.0,0.0,0.0,0.0,0.09,0.0,mailbomb
0,tcp,Z39_50,REJ,0,0,0,0,0,0,0,0,0,0,0,0,0,0,0,0,0,0,277,2,0.0,0.0,1.0,1.0,0.01,0.06,0.0,255,2,0.01,0.06,0.0,0.0,0.0,0.0,1.0,1.0,neptune
4,tcp,pop_3,SF,30,93,0,0,0,0,0,1,0,0,0,0,0,0,0,0,0,0,1,1,0.0,0.0,0.0,0.0,1.0,0.0,0.0,255,221,0.87,0.04,0.0,0.0,0.0,0.0,0.0,0.0,guess_passwd
0,tcp,private,SH,0,0,0,0,0,0,0,0,0,0,0,0,0,0,0,0,0,0,1,1,1.0,1.0,0.0,0.0,1.0,0.0,0.0,31,1,0.03,1.0,1.0,0.0,1.0,1.0,0.0,0.0,nmap
0,tcp,http,SF,244,668,0,0,0,0,0,1,0,0,0,0,0,0,0,0,0,0,7,7,0.0,0.0,0.0,0.0,1.0,0.0,0.0,38,255,1.0,0.0,0.03,0.01,0.0,0.0,0.0,0.0,normal
0,tcp,http,SF,310,1656,0,0,0,0,0,1,0,0,0,0,0,0,0,0,0,0,29,29,0.0,0.0,0.0,0.0,1.0,0.0,0.0,29,255,1.0,0.0,0.03,0.01,0.0,0.0,0.0,0.0,normal
0,tcp,private,REJ,0,0,0,0,0,0,0,0,0,0,0,0,0,0,0,0,0,0,101,14,0.0,0.0,1.0,1.0,0.14,0.06,0.0,255,14,0.05,0.06,0.0,0.0,0.0,0.0,1.0,1.0,neptune
280,tcp,ftp_data,SF,283618,0,0,0,0,0,0,0,0,0,0,0,0,0,0,0,0,0,1,1,0.0,0.0,0.0,0.0,1.0,0.0,0.0,7,23,1.0,0.0,1.0,0.17,0.0,0.0,0.0,0.0,warezmaster
0,tcp,http,SF,307,2150,0,0,0,0,0,1,0,0,0,0,0,0,0,0,0,0,5,5,0.0,0.0,0.0,0.0,1.0,0.0,0.0,7,255,1.0,0.0,0.14,0.01,0.0,0.0,0.0,0.0,normal
0,tcp,http,SF,218,287,0,0,0,0,0,1,0,0,0,0,0,0,0,0,0,0,15,15,0.0,0.0,0.0,0.0,1.0,0.0,0.0,255,255,1.0,0.0,0.0,0.0,0.0,0.0,0.0,0.0,normal
0,tcp,telnet,RSTO,0,0,0,0,0,0,0,0,0,0,0,0,0,0,0,0,0,0,10,1,0.0,0.0,1.0,1.0,0.1,0.4,0.0,255,42,0.16,0.33,0.01,0.0,0.0,0.0,0.96,0.98,neptune
0,tcp,telnet,RSTO,0,15,0,0,0,0,0,0,0,0,0,0,0,0,0,0,0,0,1,3,0.0,0.0,1.0,0.67,1.0,0.0,0.67,78,89,0.33,0.06,0.01,0.02,0.0,0.11,0.88,0.61,mscan
0,tcp,http,SF,328,486,0,0,0,0,0,1,0,0,0,0,0,0,0,0,0,0,1,1,0.0,0.0,0.0,0.0,1.0,0.0,0.0,46,255,1.0,0.0,0.02,0.06,0.0,0.0,0.0,0.0,normal
0,tcp,http,SF,223,396,0,0,0,0,0,1,0,0,0,0,0,0,0,0,0,0,12,12,0.0,0.0,0.0,0.0,1.0,0.0,0.0,255,255,1.0,0.0,0.0,0.0,0.01,0.01,0.0,0.0,normal
1,tcp,smtp,SF,2599,293,0,0,0,0,0,1,0,0,0,0,0,0,0,0,0,0,4,3,0.0,0.0,0.25,0.0,0.75,0.5,0.0,255,88,0.35,0.14,0.0,0.0,0.0,0.0,0.64,0.0,mailbomb
4,tcp,pop_3,SF,26,93,0,0,0,0,0,1,0,0,0,0,0,0,0,0,0,0,1,1,0.0,0.0,0.0,0.0,1.0,0.0,0.0,255,227,0.89,0.02,0.0,0.0,0.0,0.0,0.07,0.0,guess_passwd
0,tcp,other,REJ,0,0,0,0,0,0,0,0,0,0,0,0,0,0,0,0,0,0,398,1,0.17,0.0,0.83,1.0,0.0,1.0,0.0,255,1,0.0,0.91,0.0,0.0,0.16,0.0,0.84,1.0,satan
0,tcp,http,SF,211,254,0,0,0,0,0,1,0,0,0,0,0,0,0,0,0,0,10,12,0.0,0.0,0.0,0.0,1.0,0.0,0.17,13,255,1.0,0.0,0.08,0.07,0.0,0.0,0.0,0.0,normal
1,tcp,smtp,SF,2599,293,0,0,0,0,0,1,0,0,0,0,0,0,0,0,0,0,2,2,0.0,0.0,0.0,0.0,1.0,0.0,0.0,255,222,0.87,0.13,0.0,0.0,0.0,0.0,0.12,0.0,mailbomb
0,tcp,http,SF,243,1570,0,0,0,0,0,1,0,0,0,0,0,0,0,0,0,0,13,14,0.0,0.0,0.0,0.0,1.0,0.0,0.14,16,255,1.0,0.0,0.06,0.03,0.0,0.0,0.0,0.0,normal
0,tcp,systat,S0,0,0,0,0,0,0,0,0,0,0,0,0,0,0,0,0,0,0,239,20,1.0,1.0,0.0,0.0,0.08,0.07,0.0,255,20,0.08,0.08,0.0,0.0,1.0,1.0,0.0,0.0,neptune
0,icmp,eco_i,SF,20,0,0,0,0,0,0,0,0,0,0,0,0,0,0,0,0,0,1,70,0.0,0.0,0.0,0.0,1.0,0.0,1.0,3,29,1.0,0.0,1.0,0.31,0.0,0.0,0.0,0.0,saint
0,tcp,smtp,SF,1439,338,0,0,0,0,0,1,0,0,0,0,0,0,0,0,0,0,1,1,0.0,0.0,0.0,0.0,1.0,0.0,0.0,34,162,0.76,0.12,0.03,0.01,0.0,0.0,0.0,0.0,normal
0,tcp,smtp,SF,905,332,0,0,0,0,0,1,0,0,0,0,0,0,0,0,0,0,1,1,0.0,0.0,0.0,0.0,1.0,0.0,0.0,255,157,0.62,0.01,0.0,0.0,0.0,0.0,0.0,0.0,normal
0,tcp,http,SF,188,294,0,0,0,0,0,1,0,0,0,0,0,0,0,0,0,0,7,19,0.0,0.0,0.0,0.0,1.0,0.0,0.16,255,255,1.0,0.0,0.0,0.0,0.0,0.0,0.0,0.0,normal
0,tcp,other,REJ,0,0,0,0,0,0,0,0,0,0,0,0,0,0,0,0,0,0,511,1,0.04,0.0,0.95,1.0,0.0,1.0,0.0,255,1,0.0,1.0,0.0,0.0,0.05,0.0,0.95,1.0,saint
0,tcp,http,SF,204,15048,0,0,0,0,0,1,0,0,0,0,0,0,0,0,0,0,1,1,0.0,0.0,0.0,0.0,1.0,0.0,0.0,6,231,1.0,0.0,0.17,0.06,0.0,0.0,0.0,0.0,normal
0,tcp,http,SF,281,286,0,0,0,0,0,1,0,0,0,0,0,0,0,0,0,0,17,17,0.0,0.0,0.0,0.0,1.0,0.0,0.0,17,255,1.0,0.0,0.06,0.04,0.0,0.0,0.0,0.0,normal
0,tcp,telnet,SF,126,174,0,0,0,0,1,0,0,0,0,0,0,0,0,0,0,0,1,1,0.0,0.0,0.0,0.0,1.0,0.0,0.0,255,111,0.44,0.02,0.0,0.0,0.0,0.0,0.01,0.03,guess_passwd
1,tcp,smtp,SF,2599,293,0,0,0,0,0,1,0,0,0,0,0,0,0,0,0,0,4,3,0.0,0.0,0.25,0.0,0.75,0.5,0.0,255,245,0.96,0.04,0.0,0.0,0.0,0.0,0.04,0.0,mailbomb
0,udp,domain_u,SF,45,111,0,0,0,0,0,0,0,0,0,0,0,0,0,0,0,0,141,221,0.0,0.0,0.0,0.0,1.0,0.0,0.01,255,254,1.0,0.01,0.0,0.0,0.0,0.0,0.0,0.0,normal
0,tcp,http,SF,298,283,0,0,0,0,0,1,0,0,0,0,0,0,0,0,0,0,1,1,0.0,0.0,0.0,0.0,1.0,0.0,0.0,255,255,1.0,0.0,0.0,0.0,0.0,0.0,0.0,0.0,normal
0,tcp,private,S0,0,0,0,0,0,0,0,0,0,0,0,0,0,0,0,0,0,0,205,4,1.0,1.0,0.0,0.0,0.02,0.07,0.0,255,4,0.02,0.07,0.0,0.0,1.0,1.0,0.0,0.0,neptune
281,tcp,ftp,SF,158,593,0,0,0,2,0,1,0,0,0,0,0,0,0,0,0,1,1,1,0.0,0.0,0.0,0.0,1.0,0.0,0.0,255,17,0.07,0.89,0.0,0.0,0.0,0.06,0.86,0.0,warezmaster
0,udp,private,SF,105,147,0,0,0,0,0,0,0,0,0,0,0,0,0,0,0,0,3,3,0.0,0.0,0.0,0.0,1.0,0.0,0.0,255,253,0.99,0.01,0.01,0.0,0.0,0.0,0.0,0.0,normal
0,tcp,http,SF,316,365,0,0,0,0,0,1,0,0,0,0,0,0,0,0,0,0,8,8,0.0,0.0,0.0,0.0,1.0,0.0,0.0,255,255,1.0,0.0,0.0,0.0,0.0,0.0,0.0,0.0,normal
0,tcp,http,SF,302,10063,0,0,0,0,0,1,0,0,0,0,0,0,0,0,0,0,27,27,0.0,0.0,0.0,0.0,1.0,0.0,0.0,255,255,1.0,0.0,0.0,0.0,0.0,0.0,0.0,0.0,normal
0,udp,other,SF,1,1,0,0,0,0,0,0,0,0,0,0,0,0,0,0,0,0,415,1,0.0,0.0,0.0,0.0,0.0,1.0,0.0,255,1,0.0,1.0,1.0,0.0,0.0,0.0,0.0,0.0,satan
0,tcp,iso_tsap,REJ,0,0,0,0,0,0,0,0,0,0,0,0,0,0,0,0,0,0,203,20,0.0,0.0,1.0,1.0,0.1,0.06,0.0,255,20,0.08,0.07,0.0,0.0,0.0,0.0,1.0,1.0,neptune
281,tcp,ftp,SF,159,597,0,0,0,2,0,1,0,0,0,0,0,0,0,0,0,1,1,1,0.0,0.0,0.0,0.0,1.0,0.0,0.0,35,22,0.63,0.09,0.03,0.0,0.0,0.0,0.0,0.0,warezmaster
0,tcp,login,RSTO,0,0,0,0,0,0,0,0,0,0,0,0,0,0,0,0,0,0,138,20,0.0,0.0,1.0,1.0,0.14,0.05,0.0,255,20,0.08,0.06,0.0,0.0,0.0,0.0,1.0,1.0,neptune
0,tcp,private,REJ,0,0,0,0,0,0,0,0,0,0,0,0,0,0,0,0,0,0,210,12,0.0,0.0,1.0,1.0,0.06,0.06,0.0,255,12,0.05,0.06,0.0,0.0,0.0,0.0,1.0,1.0,neptune
0,tcp,private,S0,0,0,0,0,0,0,0,0,0,0,0,0,0,0,0,0,0,0,287,18,0.33,0.94,0.67,0.06,0.06,0.06,0.0,255,18,0.07,0.06,0.0,0.0,0.38,0.94,0.62,0.06,neptune
0,tcp,http,SF,342,9284,0,0,0,0,0,1,0,0,0,0,0,0,0,0,0,0,17,17,0.0,0.0,0.0,0.0,1.0,0.0,0.0,255,255,1.0,0.0,0.0,0.0,0.0,0.0,0.0,0.0,normal
0,tcp,http,SF,225,1552,0,0,0,0,0,1,0,0,0,0,0,0,0,0,0,0,12,19,0.0,0.0,0.0,0.0,1.0,0.0,0.11,255,255,1.0,0.0,0.0,0.0,0.0,0.0,0.0,0.0,normal
0,tcp,finger,S0,0,0,0,0,0,0,0,0,0,0,0,0,0,0,0,0,0,0,76,20,1.0,1.0,0.0,0.0,0.26,0.05,0.0,255,61,0.24,0.02,0.01,0.0,0.98,0.98,0.0,0.0,neptune
0,tcp,http,SF,280,9785,0,0,0,0,0,1,0,0,0,0,0,0,0,0,0,0,1,1,0.0,0.0,0.0,0.0,1.0,0.0,0.0,4,255,1.0,0.0,0.25,0.01,0.0,0.0,0.0,0.0,normal
0,tcp,http,SF,313,7524,0,0,0,0,0,1,0,0,0,0,0,0,0,0,0,0,5,5,0.0,0.0,0.0,0.0,1.0,0.0,0.0,35,239,1.0,0.0,0.03,0.03,0.0,0.0,0.0,0.0,normal
0,tcp,http,SF,219,6008,0,0,0,0,0,1,0,0,0,0,0,0,0,0,0,0,4,4,0.0,0.0,0.0,0.0,1.0,0.0,0.0,10,251,1.0,0.0,0.1,0.06,0.0,0.0,0.0,0.0,normal
0,tcp,http,SF,225,981,0,0,0,0,0,1,0,0,0,0,0,0,0,0,0,0,1,10,0.0,0.0,0.0,0.0,1.0,0.0,0.2,83,255,1.0,0.0,0.01,0.03,0.0,0.0,0.0,0.0,normal
0,tcp,other,S0,0,0,0,0,0,0,0,0,0,0,0,0,0,0,0,0,0,0,511,1,0.04,1.0,0.95,0.0,0.0,1.0,0.0,255,1,0.0,1.0,0.0,0.0,0.05,1.0,0.95,0.0,saint
5,tcp,pop_3,SF,30,93,0,0,0,0,0,1,0,0,0,0,0,0,0,0,0,0,1,1,0.0,0.0,0.0,0.0,1.0,0.0,0.0,255,249,0.98,0.01,0.0,0.0,0.0,0.0,0.0,0.0,guess_passwd
0,icmp,ecr_i,SF,520,0,0,0,0,0,0,0,0,0,0,0,0,0,0,0,0,0,260,260,0.0,0.0,0.0,0.0,1.0,0.0,0.0,255,255,1.0,0.0,1.0,0.0,0.0,0.0,0.0,0.0,smurf
0,tcp,smtp,S0,0,0,0,0,0,0,0,0,0,0,0,0,0,0,0,0,0,0,124,11,1.0,1.0,0.0,0.0,0.09,0.06,0.0,255,11,0.04,0.05,0.0,0.0,1.0,1.0,0.0,0.0,neptune
0,tcp,http,SF,285,1367,0,0,0,0,0,1,0,0,0,0,0,0,0,0,0,0,7,10,0.0,0.0,0.0,0.0,1.0,0.0,0.2,7,255,1.0,0.0,0.14,0.02,0.0,0.0,0.0,0.0,normal
0,tcp,http,SF,224,1552,0,0,0,0,0,1,0,0,0,0,0,0,0,0,0,0,13,13,0.0,0.0,0.0,0.0,1.0,0.0,0.0,236,255,1.0,0.0,0.0,0.01,0.0,0.0,0.0,0.0,normal
0,tcp,daytime,S0,0,0,0,0,0,0,0,0,0,0,0,0,0,0,0,0,0,0,271,12,1.0,1.0,0.0,0.0,0.04,0.06,0.0,255,12,0.05,0.06,0.0,0.0,1.0,1.0,0.0,0.0,neptune
4,tcp,pop_3,SF,31,93,0,0,0,0,0,1,0,0,0,0,0,0,0,0,0,0,1,1,0.0,0.0,0.0,0.0,1.0,0.0,0.0,255,133,0.52,0.02,0.0,0.0,0.0,0.0,0.18,0.02,guess_passwd
0,tcp,private,S0,0,0,0,0,0,0,0,0,0,0,0,0,0,0,0,0,0,0,107,8,1.0,1.0,0.0,0.0,0.07,0.07,0.0,255,8,0.03,0.05,0.0,0.0,1.0,1.0,0.0,0.0,neptune
0,tcp,telnet,S0,0,0,0,0,0,0,0,0,0,0,0,0,0,0,0,0,0,0,133,133,1.0,1.0,0.0,0.0,1.0,0.0,0.0,255,255,1.0,0.0,0.0,0.0,1.0,1.0,0.0,0.0,neptune
0,udp,private,SF,45,42,0,0,0,0,0,0,0,0,0,0,0,0,0,0,0,0,495,495,0.0,0.0,0.0,0.0,1.0,0.0,0.0,255,255,1.0,0.0,0.86,0.0,0.0,0.0,0.0,0.0,normal
0,tcp,http,SF,345,397,0,0,0,0,0,1,0,0,0,0,0,0,0,0,0,0,6,6,0.0,0.0,0.0,0.0,1.0,0.0,0.0,255,255,1.0,0.0,0.0,0.0,0.0,0.0,0.0,0.0,normal
0,tcp,http,SF,238,4214,0,0,0,0,0,1,0,0,0,0,0,0,0,0,0,0,14,14,0.0,0.0,0.0,0.0,1.0,0.0,0.0,14,243,1.0,0.0,0.07,0.05,0.0,0.0,0.0,0.0,normal
0,tcp,http,S0,0,0,0,0,0,0,0,0,0,0,0,0,0,0,0,0,0,0,9,9,1.0,1.0,0.0,0.0,1.0,0.0,0.0,255,245,0.96,0.01,0.0,0.0,0.13,0.13,0.56,0.59,apache2
0,tcp,http,SF,262,15728,0,0,0,0,0,1,0,0,0,0,0,0,0,0,0,0,1,1,0.0,0.0,0.0,0.0,1.0,0.0,0.0,1,255,1.0,0.0,1.0,0.03,0.0,0.0,0.0,0.0,normal
0,tcp,http,SF,262,5480,0,0,0,0,0,1,0,0,0,0,0,0,0,0,0,0,3,7,0.0,0.0,0.0,0.0,1.0,0.0,0.43,134,255,1.0,0.0,0.01,0.03,0.0,0.0,0.0,0.0,normal
0,tcp,private,SH,0,0,0,0,0,0,0,0,0,0,0,0,0,0,0,0,0,0,1,1,1.0,1.0,0.0,0.0,1.0,0.0,0.0,196,1,0.01,1.0,0.99,0.0,0.99,1.0,0.0,0.0,nmap
7354,tcp,telnet,SF,0,44,0,0,0,0,0,0,0,0,0,0,0,0,0,0,0,0,1,1,0.0,0.0,0.0,0.0,1.0,0.0,0.0,255,225,0.88,0.02,0.0,0.0,0.27,0.31,0.01,0.0,processtable
0,tcp,http,SF,54540,8314,0,0,0,2,0,1,1,0,0,0,0,0,0,0,0,0,3,20,0.0,0.0,0.0,0.0,1.0,0.0,0.1,255,255,1.0,0.0,0.0,0.0,0.01,0.01,0.05,0.05,back
0,tcp,private,REJ,0,0,0,0,0,0,0,0,0,0,0,0,0,0,0,0,0,0,272,8,0.67,0.0,0.33,1.0,0.03,0.06,0.0,255,8,0.03,0.06,0.0,0.0,0.69,0.0,0.31,1.0,neptune
0,tcp,telnet,S3,0,44,0,0,0,0,0,0,0,0,0,0,0,0,0,0,0,0,1,1,1.0,1.0,0.0,0.0,1.0,0.0,0.0,255,77,0.3,0.62,0.0,0.0,0.2,0.68,0.6,0.0,processtable
2069,tcp,http,RSTR,72564,0,0,0,0,0,0,1,0,0,0,0,0,0,0,0,0,0,12,12,0.0,0.0,1.0,1.0,1.0,0.0,0.0,255,237,0.93,0.01,0.0,0.0,0.0,0.0,0.18,0.2,apache2
0,tcp,exec,RSTO,0,0,0,0,0,0,0,0,0,0,0,0,0,0,0,0,0,0,147,10,0.0,0.0,1.0,1.0,0.07,0.05,0.0,255,10,0.04,0.06,0.0,0.0,0.0,0.0,1.0,1.0,neptune
0,tcp,imap4,S0,0,0,0,0,0,0,0,0,0,0,0,0,0,0,0,0,0,0,1,2,1.0,1.0,0.0,0.0,1.0,0.0,1.0,86,86,0.34,0.03,0.01,0.03,1.0,1.0,0.0,0.0,mscan
0,tcp,http,SF,300,1254,0,0,0,0,0,1,0,0,0,0,0,0,0,0,0,0,21,21,0.0,0.0,0.0,0.0,1.0,0.0,0.0,64,157,1.0,0.0,0.02,0.05,0.0,0.0,0.0,0.0,normal
8193,tcp,telnet,SF,0,15,0,0,0,0,0,0,0,0,0,0,0,0,0,0,0,0,1,1,0.0,0.0,0.0,0.0,1.0,0.0,0.0,255,13,0.05,0.84,0.0,0.0,0.0,0.0,0.82,0.0,processtable
0,tcp,telnet,SF,124,174,0,0,0,0,1,0,0,0,0,0,0,0,0,0,0,0,1,1,0.0,0.0,0.0,0.0,1.0,0.0,0.0,255,184,0.72,0.02,0.0,0.0,0.0,0.0,0.02,0.03,guess_passwd
0,tcp,http,SF,244,303,0,0,0,0,0,1,0,0,0,0,0,0,0,0,0,0,6,6,0.0,0.0,0.0,0.0,1.0,0.0,0.0,6,255,1.0,0.0,0.17,0.04,0.0,0.0,0.0,0.0,normal
0,tcp,http,SF,224,1116,0,0,0,0,0,1,0,0,0,0,0,0,0,0,0,0,14,14,0.0,0.0,0.0,0.0,1.0,0.0,0.0,99,255,1.0,0.0,0.01,0.04,0.0,0.0,0.0,0.0,normal
0,tcp,private,REJ,0,0,0,0,0,0,0,0,0,0,0,0,0,0,0,0,0,0,414,1,0.11,0.0,0.88,1.0,0.0,1.0,0.0,255,1,0.0,0.93,0.0,0.0,0.14,0.0,0.85,1.0,satan
7462,tcp,telnet,SF,0,44,0,0,0,0,0,0,0,0,0,0,0,0,0,0,0,0,1,1,0.0,0.0,0.0,0.0,1.0,0.0,0.0,255,192,0.75,0.24,0.0,0.0,0.5,0.66,0.23,0.01,processtable
0,tcp,http,SF,207,1543,0,0,0,0,0,1,0,0,0,0,0,0,0,0,0,0,12,12,0.0,0.0,0.0,0.0,1.0,0.0,0.0,12,255,1.0,0.0,0.08,0.01,0.0,0.0,0.0,0.0,normal
0,tcp,http,SF,220,261,0,0,0,0,0,1,0,0,0,0,0,0,0,0,0,0,19,19,0.0,0.0,0.0,0.0,1.0,0.0,0.0,255,255,1.0,0.0,0.0,0.0,0.0,0.0,0.0,0.0,normal
0,tcp,private,REJ,0,0,0,0,0,0,0,0,0,0,0,0,0,0,0,0,0,0,239,18,0.0,0.0,1.0,1.0,0.08,0.06,0.0,255,18,0.07,0.07,0.0,0.0,0.0,0.0,1.0,1.0,neptune
0,tcp,http,SF,216,292,0,0,0,0,0,1,0,0,0,0,0,0,0,0,0,0,14,37,0.0,0.0,0.0,0.0,1.0,0.0,0.14,136,255,1.0,0.0,0.01,0.01,0.0,0.0,0.0,0.0,normal
0,tcp,telnet,S3,0,44,0,0,0,0,0,0,0,0,0,0,0,0,0,0,0,0,1,1,1.0,1.0,0.0,0.0,1.0,0.0,0.0,255,123,0.48,0.03,0.0,0.0,0.18,0.37,0.11,0.11,processtable
0,tcp,http,SF,356,536,0,0,0,0,0,1,0,0,0,0,0,0,0,0,0,0,1,2,0.0,0.0,0.0,0.0,1.0,0.0,1.0,24,241,1.0,0.0,0.04,0.01,0.0,0.0,0.0,0.0,normal
902,tcp,http,RSTR,74024,0,0,0,0,0,0,1,0,0,0,0,0,0,0,0,0,0,26,26,0.0,0.0,1.0,1.0,1.0,0.0,0.0,255,255,1.0,0.0,0.0,0.0,0.0,0.0,0.46,0.46,apache2
0,tcp,ctf,REJ,0,0,0,0,0,0,0,0,0,0,0,0,0,0,0,0,0,0,218,17,0.0,0.0,1.0,1.0,0.08,0.06,0.0,255,17,0.07,0.06,0.0,0.0,0.0,0.0,1.0,1.0,neptune
0,udp,private,SF,55,53,0,0,0,0,0,0,0,0,0,0,0,0,0,0,0,0,483,483,0.0,0.0,0.0,0.0,1.0,0.0,0.0,255,255,1.0,0.0,0.94,0.0,0.0,0.0,0.0,0.0,normal
0,udp,private,SF,50,0,0,0,0,0,0,0,0,0,0,0,0,0,0,0,0,0,2,2,0.0,0.0,0.0,0.0,1.0,0.0,0.0,255,255,1.0,0.0,0.01,0.0,0.0,0.0,0.0,0.0,snmpguess
0,tcp,pop_3,SF,66,2809,0,0,0,0,0,1,0,0,0,0,0,0,0,0,0,0,1,1,0.0,0.0,0.0,0.0,1.0,0.0,0.0,194,7,0.02,0.04,0.01,0.29,0.0,0.0,0.09,0.0,normal
0,tcp,http,SF,346,801,0,0,0,0,0,1,0,0,0,0,0,0,0,0,0,0,7,7,0.0,0.0,0.0,0.0,1.0,0.0,0.0,255,255,1.0,0.0,0.0,0.0,0.0,0.0,0.0,0.0,normal
0,udp,domain_u,SF,44,82,0,0,0,0,0,0,0,0,0,0,0,0,0,0,0,0,188,188,0.0,0.0,0.0,0.0,1.0,0.0,0.0,255,255,1.0,0.0,0.01,0.0,0.0,0.0,0.0,0.0,normal
0,tcp,http,SF,241,1063,0,0,0,0,0,1,0,0,0,0,0,0,0,0,0,0,4,11,0.0,0.0,0.0,0.0,1.0,0.0,0.18,90,255,1.0,0.0,0.01,0.01,0.0,0.0,0.0,0.0,normal
0,tcp,http,SF,169,14047,0,0,0,0,0,1,0,0,0,0,0,0,0,0,0,0,1,1,0.0,0.0,0.0,0.0,1.0,0.0,0.0,90,255,1.0,0.0,0.01,0.03,0.0,0.0,0.0,0.0,normal
0,tcp,private,REJ,0,0,0,0,0,0,0,0,0,0,0,0,0,0,0,0,0,0,210,13,0.0,0.0,1.0,1.0,0.06,0.07,0.0,255,13,0.05,0.07,0.0,0.0,0.0,0.0,1.0,1.0,neptune
0,udp,domain_u,SF,46,77,0,0,0,0,0,0,0,0,0,0,0,0,0,0,0,0,206,205,0.0,0.0,0.0,0.0,1.0,0.01,0.0,255,253,0.99,0.01,0.01,0.0,0.0,0.0,0.0,0.0,normal
0,tcp,klogin,REJ,0,0,0,0,0,0,0,0,0,0,0,0,0,0,0,0,0,0,143,4,0.0,0.0,1.0,1.0,0.03,0.06,0.0,255,4,0.02,0.06,0.0,0.0,0.0,0.0,1.0,1.0,neptune
0,tcp,http,SF,323,3951,0,0,0,0,0,1,0,0,0,0,0,0,0,0,0,0,2,10,0.0,0.0,0.0,0.0,1.0,0.0,0.2,2,255,1.0,0.0,0.5,0.04,0.0,0.0,0.0,0.0,normal
0,tcp,http,SF,343,290,0,0,0,0,0,1,0,0,0,0,0,0,0,0,0,0,4,4,0.0,0.0,0.0,0.0,1.0,0.0,0.0,255,255,1.0,0.0,0.0,0.0,0.0,0.0,0.0,0.0,normal
908,tcp,http,RSTR,76944,0,0,0,0,0,0,1,0,0,0,0,0,0,0,0,0,0,24,24,0.0,0.0,1.0,1.0,1.0,0.0,0.0,255,255,1.0,0.0,0.0,0.0,0.0,0.0,0.45,0.45,apache2
0,tcp,http,SF,243,1624,0,0,0,0,0,1,0,0,0,0,0,0,0,0,0,0,2,2,0.0,0.0,0.0,0.0,1.0,0.0,0.0,255,255,1.0,0.0,0.0,0.0,0.0,0.0,0.0,0.0,normal
0,tcp,telnet,RSTO,0,15,0,0,0,0,0,0,0,0,0,0,0,0,0,0,0,0,1,5,0.0,0.0,1.0,0.6,1.0,0.0,0.6,255,79,0.31,0.03,0.0,0.0,0.0,0.0,0.8,0.71,mscan
0,icmp,ecr_i,SF,1032,0,0,0,0,0,0,0,0,0,0,0,0,0,0,0,0,0,146,147,0.0,0.0,0.0,0.0,1.0,0.0,0.01,255,255,1.0,0.0,1.0,0.0,0.0,0.0,0.0,0.0,smurf
791,tcp,http,RSTR,1024,0,0,0,0,0,0,1,0,0,0,0,0,0,0,0,0,0,57,57,0.04,0.04,0.96,0.96,1.0,0.0,0.0,255,253,0.99,0.01,0.0,0.0,0.01,0.01,0.29,0.29,apache2
0,tcp,pop_2,S0,0,0,0,0,0,0,0,0,0,0,0,0,0,0,0,0,0,0,220,9,1.0,1.0,0.0,0.0,0.04,0.06,0.0,255,9,0.04,0.07,0.0,0.0,1.0,1.0,0.0,0.0,neptune
0,tcp,http,SF,315,380,0,0,0,0,0,1,0,0,0,0,0,0,0,0,0,0,17,18,0.0,0.0,0.0,0.0,1.0,0.0,0.11,255,255,1.0,0.0,0.0,0.0,0.0,0.0,0.0,0.0,normal
0,udp,private,SF,105,0,0,0,0,0,0,0,0,0,0,0,0,0,0,0,0,0,2,1,0.0,0.0,0.0,0.0,0.5,1.0,0.0,255,253,0.99,0.01,0.0,0.0,0.0,0.0,0.0,0.0,normal
0,tcp,http,SF,254,2062,0,0,0,0,0,1,0,0,0,0,0,0,0,0,0,0,1,1,0.0,0.0,0.0,0.0,1.0,0.0,0.0,255,255,1.0,0.0,0.0,0.0,0.0,0.0,0.0,0.0,normal
0,tcp,private,REJ,0,0,0,0,0,0,0,0,0,0,0,0,0,0,0,0,0,0,236,6,0.0,0.0,1.0,1.0,0.03,0.07,0.0,255,6,0.02,0.07,0.0,0.0,0.0,0.0,1.0,1.0,neptune
0,tcp,finger,S0,0,0,0,0,0,0,0,0,0,0,0,0,0,0,0,0,0,0,263,7,1.0,1.0,0.0,0.0,0.03,0.06,0.0,255,7,0.03,0.06,0.0,0.0,1.0,1.0,0.0,0.0,neptune
0,tcp,http,SF,320,4380,0,0,0,0,0,1,0,0,0,0,0,0,0,0,0,0,18,25,0.0,0.0,0.0,0.0,1.0,0.0,0.08,38,255,1.0,0.0,0.03,0.02,0.0,0.0,0.0,0.0,normal
280,tcp,ftp_data,SF,283618,0,0,0,0,0,0,0,0,0,0,0,0,0,0,0,0,0,2,2,0.0,0.0,0.0,0.0,1.0,0.0,0.0,6,14,1.0,0.0,1.0,0.21,0.0,0.0,0.0,0.0,warezmaster
3,tcp,pop_3,SF,31,93,0,0,0,0,0,1,0,0,0,0,0,0,0,0,0,0,1,1,0.0,0.0,0.0,0.0,1.0,0.0,0.0,255,236,0.93,0.01,0.0,0.0,0.0,0.0,0.04,0.0,guess_passwd
7577,tcp,telnet,SF,0,44,0,0,0,0,0,0,0,0,0,0,0,0,0,0,0,0,1,1,0.0,0.0,0.0,0.0,1.0,0.0,0.0,255,183,0.72,0.03,0.0,0.0,0.33,0.46,0.12,0.08,processtable
4,tcp,pop_3,SF,30,93,0,0,0,0,0,1,0,0,0,0,0,0,0,0,0,0,2,1,0.0,0.0,0.0,0.0,0.5,1.0,0.0,255,248,0.97,0.01,0.0,0.0,0.0,0.0,0.0,0.0,guess_passwd
280,tcp,ftp_data,SF,283618,0,0,0,0,0,0,0,0,0,0,0,0,0,0,0,0,0,2,2,0.0,0.0,0.0,0.0,1.0,0.0,0.0,7,22,0.86,0.29,0.86,0.14,0.0,0.0,0.0,0.0,warezmaster
0,tcp,http,SF,164,11038,0,0,0,0,0,1,0,0,0,0,0,0,0,0,0,0,2,2,0.0,0.0,0.0,0.0,1.0,0.0,0.0,27,255,1.0,0.0,0.04,0.01,0.0,0.0,0.0,0.0,normal
0,tcp,http,SF,220,1397,0,0,0,0,0,1,0,0,0,0,0,0,0,0,0,0,15,15,0.0,0.0,0.0,0.0,1.0,0.0,0.0,255,255,1.0,0.0,0.0,0.0,0.0,0.0,0.0,0.0,normal
0,tcp,telnet,SF,123,174,0,0,0,0,1,0,0,0,0,0,0,0,0,0,0,0,1,1,0.0,0.0,0.0,0.0,1.0,0.0,0.0,255,250,0.98,0.01,0.0,0.0,0.0,0.0,0.02,0.02,guess_passwd
0,tcp,http,SF,304,1380,0,0,0,0,0,1,0,0,0,0,0,0,0,0,0,0,7,7,0.0,0.0,0.0,0.0,1.0,0.0,0.0,255,225,0.88,0.02,0.0,0.0,0.0,0.0,0.07,0.0,normal
0,tcp,private,REJ,0,0,0,0,0,0,0,0,0,0,0,0,0,0,0,0,0,0,119,1,0.0,0.0,1.0,1.0,0.01,0.07,0.0,255,1,0.0,0.07,0.0,0.0,0.0,0.0,1.0,1.0,neptune
0,tcp,private,REJ,0,0,0,0,0,0,0,0,0,0,0,0,0,0,0,0,0,0,262,9,0.0,0.0,1.0,1.0,0.03,0.06,0.0,148,9,0.06,0.08,0.01,0.0,0.0,0.0,1.0,1.0,neptune
0,tcp,http,SF,328,321,0,0,0,0,0,1,0,0,0,0,0,0,0,0,0,0,3,3,0.0,0.0,0.0,0.0,1.0,0.0,0.0,80,255,1.0,0.0,0.01,0.01,0.0,0.0,0.0,0.0,normal
0,tcp,private,REJ,0,0,0,0,0,0,0,0,0,0,0,0,0,0,0,0,0,0,224,6,0.0,0.0,1.0,1.0,0.03,0.06,0.0,255,6,0.02,0.07,0.0,0.0,0.0,0.0,1.0,1.0,neptune
2054,tcp,http,RSTR,72564,0,0,0,0,0,0,1,0,0,0,0,0,0,0,0,0,0,11,11,0.0,0.0,1.0,1.0,1.0,0.0,0.0,255,244,0.96,0.01,0.0,0.0,0.02,0.02,0.42,0.44,apache2
0,udp,private,SF,52,53,0,0,0,0,0,0,0,0,0,0,0,0,0,0,0,0,509,509,0.0,0.0,0.0,0.0,1.0,0.0,0.0,255,254,1.0,0.01,0.87,0.0,0.0,0.0,0.0,0.0,normal
0,tcp,http,SF,309,1528,0,0,0,0,0,1,0,0,0,0,0,0,0,0,0,0,7,7,0.0,0.0,0.0,0.0,1.0,0.0,0.0,255,255,1.0,0.0,0.0,0.0,0.0,0.0,0.0,0.0,normal
5,tcp,smtp,SF,2599,293,0,0,0,0,0,1,0,0,0,0,0,0,0,0,0,0,2,2,0.0,0.0,0.0,0.0,1.0,0.0,0.0,255,247,0.97,0.04,0.0,0.0,0.0,0.0,0.03,0.0,mailbomb
0,tcp,http,SF,301,24222,0,0,0,0,0,1,0,0,0,0,0,0,0,0,0,0,2,14,0.0,0.0,0.0,0.0,1.0,0.0,0.21,29,255,1.0,0.0,0.03,0.03,0.0,0.0,0.0,0.0,normal
0,tcp,http,SF,327,1449,0,0,0,0,0,1,0,0,0,0,0,0,0,0,0,0,14,14,0.0,0.0,0.0,0.0,1.0,0.0,0.0,159,255,1.0,0.0,0.01,0.03,0.0,0.0,0.0,0.0,normal
0,tcp,http,SF,232,3960,0,0,0,0,0,1,0,0,0,0,0,0,0,0,0,0,6,18,0.0,0.0,0.0,0.0,1.0,0.0,0.11,255,255,1.0,0.0,0.0,0.0,0.0,0.0,0.0,0.0,normal
0,tcp,http,SF,238,397,0,0,0,0,0,1,0,0,0,0,0,0,0,0,0,0,17,17,0.0,0.0,0.0,0.0,1.0,0.0,0.0,255,255,1.0,0.0,0.0,0.0,0.0,0.0,0.0,0.0,normal
0,tcp,http,SF,54540,8314,0,0,0,2,0,1,1,0,0,0,0,0,0,0,0,0,3,3,0.0,0.0,0.0,0.0,1.0,0.0,0.0,255,255,1.0,0.0,0.0,0.0,0.01,0.01,0.07,0.07,back
280,tcp,ftp_data,SF,283618,0,0,0,0,0,0,0,0,0,0,0,0,0,0,0,0,0,2,2,0.0,0.0,0.0,0.0,1.0,0.0,0.0,8,18,1.0,0.0,1.0,0.11,0.0,0.0,0.0,0.0,warezmaster
282,tcp,ftp,SF,162,597,0,0,0,2,0,1,0,0,0,0,0,0,0,0,0,1,3,1,0.0,0.0,0.0,0.0,0.33,0.67,0.0,255,1,0.0,0.04,0.0,0.0,0.0,0.0,0.04,0.0,warezmaster
0,tcp,private,REJ,0,0,0,0,0,0,0,0,0,0,0,0,0,0,0,0,0,0,115,7,0.0,0.0,1.0,1.0,0.06,0.06,0.0,255,7,0.03,0.05,0.0,0.0,0.0,0.0,1.0,1.0,neptune
0,tcp,http,SF,243,4907,0,0,0,0,0,1,0,0,0,0,0,0,0,0,0,0,3,4,0.0,0.0,0.0,0.0,1.0,0.0,0.5,8,255,1.0,0.0,0.12,0.02,0.0,0.0,0.0,0.0,normal
0,icmp,ecr_i,SF,1032,0,0,0,0,0,0,0,0,0,0,0,0,0,0,0,0,0,94,94,0.0,0.0,0.0,0.0,1.0,0.0,0.0,255,224,0.88,0.12,0.88,0.0,0.05,0.0,0.07,0.0,smurf
0,tcp,private,REJ,0,0,0,0,0,0,0,0,0,0,0,0,0,0,0,0,0,0,254,4,0.0,0.0,1.0,1.0,0.02,0.07,0.0,255,4,0.02,0.07,0.0,0.0,0.0,0.0,1.0,1.0,neptune
8160,tcp,telnet,SF,0,15,0,0,0,0,0,0,0,0,0,0,0,0,0,0,0,0,1,1,0.0,0.0,0.0,0.0,1.0,0.0,0.0,255,74,0.29,0.02,0.0,0.0,0.72,0.66,0.01,0.03,processtable
0,icmp,ecr_i,SF,1032,0,0,0,0,0,0,0,0,0,0,0,0,0,0,0,0,0,126,126,0.0,0.0,0.0,0.0,1.0,0.0,0.0,255,254,1.0,0.01,1.0,0.0,0.0,0.0,0.0,0.0,smurf
0,tcp,private,REJ,0,0,0,0,0,0,0,0,0,0,0,0,0,0,0,0,0,0,133,1,0.13,0.0,0.86,1.0,0.01,1.0,0.0,255,1,0.0,0.47,0.0,0.0,0.07,0.0,0.39,1.0,saint
0,tcp,finger,RSTO,0,0,0,0,0,0,0,0,0,0,0,0,0,0,0,0,0,0,226,17,0.0,0.0,1.0,1.0,0.08,0.06,0.0,255,17,0.07,0.07,0.0,0.0,0.0,0.0,1.0,1.0,neptune
0,icmp,ecr_i,SF,1008,0,0,0,0,0,0,0,0,0,0,0,0,0,0,0,0,0,95,95,0.0,0.0,0.0,0.0,1.0,0.0,0.0,255,255,1.0,0.0,1.0,0.0,0.0,0.0,0.0,0.0,smurf
0,tcp,finger,RSTO,0,0,0,0,0,0,0,0,0,0,0,0,0,0,0,0,0,0,75,19,0.0,0.0,1.0,1.0,0.25,0.05,0.0,255,59,0.23,0.09,0.02,0.0,0.0,0.0,0.99,1.0,neptune
0,tcp,private,REJ,0,0,0,0,0,0,0,0,0,0,0,0,0,0,0,0,0,0,205,1,0.0,0.0,1.0,1.0,0.0,0.06,0.0,255,1,0.0,0.06,0.0,0.0,0.0,0.0,1.0,1.0,neptune
280,tcp,ftp_data,SF,283618,0,0,0,0,0,0,0,0,0,0,0,0,0,0,0,0,0,2,2,0.0,0.0,0.0,0.0,1.0,0.0,0.0,255,128,0.5,0.02,0.5,0.0,0.0,0.0,0.0,0.0,warezmaster
2075,tcp,http,RSTR,68184,0,0,0,0,0,0,1,0,0,0,0,0,0,0,0,0,0,10,10,0.0,0.0,1.0,1.0,1.0,0.0,0.0,255,233,0.91,0.02,0.0,0.0,0.0,0.0,0.13,0.15,apache2
0,tcp,other,S0,0,0,0,0,0,0,0,0,0,0,0,0,0,0,0,0,0,0,412,1,0.17,1.0,0.81,0.0,0.0,1.0,0.0,255,1,0.0,0.95,0.0,0.0,0.13,1.0,0.85,0.0,satan
0,tcp,smtp,SF,1175,329,0,0,0,0,0,1,0,0,0,0,0,0,0,0,0,0,2,2,0.0,0.0,0.0,0.0,0.5,1.0,1.0,255,128,0.5,0.04,0.0,0.0,0.0,0.0,0.0,0.01,normal
0,udp,private,SF,105,105,0,0,0,0,0,0,0,0,0,0,0,0,0,0,0,0,3,3,0.0,0.0,0.0,0.0,1.0,0.0,0.0,190,189,0.99,0.01,0.01,0.0,0.0,0.0,0.0,0.0,snmpgetattack
0,icmp,ecr_i,SF,1032,0,0,0,0,0,0,0,0,0,0,0,0,0,0,0,0,0,66,66,0.0,0.0,0.0,0.0,1.0,0.0,0.0,255,255,1.0,0.0,1.0,0.0,0.0,0.0,0.0,0.0,smurf
0,tcp,http,SF,298,182,0,0,0,0,0,1,0,0,0,0,0,0,0,0,0,0,20,31,0.0,0.0,0.0,0.0,1.0,0.0,0.06,20,255,1.0,0.0,0.05,0.03,0.0,0.0,0.0,0.0,normal
0,tcp,http,SF,287,2513,0,0,0,0,0,1,0,0,0,0,0,0,0,0,0,0,7,7,0.0,0.0,0.0,0.0,1.0,0.0,0.0,16,229,1.0,0.0,0.06,0.04,0.0,0.0,0.0,0.0,normal
0,tcp,printer,RSTO,0,0,0,0,0,0,0,0,0,0,0,0,0,0,0,0,0,0,111,9,0.0,0.0,1.0,1.0,0.08,0.06,0.0,255,9,0.04,0.05,0.0,0.0,0.0,0.0,1.0,1.0,neptune
0,tcp,http,REJ,0,0,0,0,0,0,0,0,0,0,0,0,0,0,0,0,0,0,61,19,0.0,0.0,1.0,1.0,0.31,0.07,0.0,255,59,0.23,0.11,0.02,0.0,0.0,0.0,0.99,1.0,neptune
0,tcp,other,REJ,0,0,0,0,0,0,0,0,0,0,0,0,0,0,0,0,0,0,461,1,0.08,0.0,0.92,1.0,0.0,1.0,0.0,255,1,0.0,1.0,0.0,0.0,0.04,0.0,0.96,1.0,satan
0,tcp,private,REJ,0,0,0,0,0,0,0,0,0,0,0,0,0,0,0,0,0,0,128,3,0.0,0.0,1.0,1.0,0.02,0.06,0.0,255,3,0.01,0.06,0.0,0.0,0.0,0.0,1.0,1.0,neptune
0,tcp,http,SF,311,1917,0,0,0,0,0,1,0,0,0,0,0,0,0,0,0,0,17,18,0.0,0.0,0.0,0.0,1.0,0.0,0.11,116,255,1.0,0.0,0.01,0.02,0.0,0.0,0.0,0.0,normal
0,icmp,eco_i,SF,18,0,0,0,0,0,0,0,0,0,0,0,0,0,0,0,0,0,1,1,0.0,0.0,0.0,0.0,1.0,0.0,0.0,1,129,1.0,0.0,1.0,1.0,0.0,0.0,0.0,0.0,ipsweep
0,tcp,http,SF,292,2278,0,0,0,0,0,1,0,0,0,0,0,0,0,0,0,0,10,10,0.0,0.0,0.0,0.0,1.0,0.0,0.0,20,177,1.0,0.0,0.05,0.07,0.0,0.0,0.0,0.0,normal
0,tcp,http,SF,231,2507,0,0,0,0,0,1,0,0,0,0,0,0,0,0,0,0,5,5,0.0,0.0,0.0,0.0,1.0,0.0,0.0,255,243,0.95,0.02,0.0,0.0,0.0,0.0,0.0,0.0,normal
0,tcp,http,SF,293,599,0,0,0,0,0,1,0,0,0,0,0,0,0,0,0,0,23,38,0.0,0.0,0.0,0.0,1.0,0.0,0.05,23,255,1.0,0.0,0.04,0.06,0.0,0.0,0.0,0.0,normal
0,tcp,http,SF,231,1587,0,0,0,0,0,1,0,0,0,0,0,0,0,0,0,0,8,8,0.0,0.0,0.0,0.0,1.0,0.0,0.0,255,255,1.0,0.0,0.0,0.0,0.0,0.0,0.0,0.0,normal
0,udp,other,SF,1,1,0,0,0,0,0,0,0,0,0,0,0,0,0,0,0,0,11,1,0.0,0.0,0.0,0.0,0.09,1.0,0.0,255,1,0.0,0.92,1.0,0.0,0.0,0.0,0.0,0.0,satan
0,udp,domain_u,SF,45,143,0,0,0,0,0,0,0,0,0,0,0,0,0,0,0,0,137,217,0.0,0.0,0.0,0.0,1.0,0.0,0.01,255,255,1.0,0.0,0.0,0.0,0.0,0.0,0.0,0.0,normal
0,udp,domain_u,SF,44,112,0,0,0,0,0,0,0,0,0,0,0,0,0,0,0,0,1,4,0.0,0.0,0.0,0.0,1.0,0.0,0.75,255,250,0.98,0.01,0.0,0.0,0.0,0.0,0.0,0.0,normal
0,udp,other,SF,5,0,0,0,0,0,0,0,0,0,0,0,0,0,0,0,0,0,140,1,0.0,0.0,0.0,0.0,0.01,0.01,0.0,8,2,0.25,0.62,0.25,0.0,0.0,0.0,0.12,0.0,satan
0,tcp,http,SF,381,1785,0,0,0,0,0,1,0,0,0,0,0,0,0,0,0,0,1,3,0.0,0.0,0.0,0.0,1.0,0.0,0.67,7,255,1.0,0.0,0.14,0.06,0.0,0.0,0.0,0.0,normal
283,tcp,ftp,SF,157,595,0,0,0,2,0,1,0,0,0,0,0,0,0,0,0,1,1,1,0.0,0.0,0.0,0.0,1.0,0.0,0.0,255,71,0.28,0.03,0.0,0.0,0.05,0.0,0.02,0.0,warezmaster
0,tcp,sunrpc,REJ,0,0,0,0,0,0,0,0,0,0,0,0,0,0,0,0,0,0,1,2,0.0,0.0,1.0,1.0,1.0,0.0,1.0,153,26,0.17,0.03,0.01,0.0,0.01,0.0,0.93,1.0,mscan
0,tcp,http,SF,265,4576,0,0,0,0,0,1,0,0,0,0,0,0,0,0,0,0,3,3,0.0,0.0,0.0,0.0,1.0,0.0,0.0,3,242,1.0,0.0,0.33,0.04,0.0,0.0,0.0,0.0,normal
0,tcp,time,RSTO,0,0,0,0,0,0,0,0,0,0,0,0,0,0,0,0,0,0,145,19,0.0,0.0,1.0,1.0,0.13,0.06,0.0,255,19,0.07,0.05,0.0,0.0,0.0,0.0,1.0,1.0,neptune
905,tcp,http,RSTR,56504,0,0,0,0,0,0,1,0,0,0,0,0,0,0,0,0,0,36,36,0.03,0.03,0.94,0.94,1.0,0.0,0.0,255,255,1.0,0.0,0.0,0.0,0.0,0.0,0.13,0.13,apache2
0,tcp,smtp,SF,848,366,0,0,0,0,0,1,0,0,0,0,0,0,0,0,0,0,1,1,0.0,0.0,0.0,0.0,1.0,0.0,0.0,161,196,0.69,0.02,0.01,0.01,0.0,0.0,0.0,0.0,normal
0,tcp,telnet,SF,119,174,0,0,0,0,1,0,0,0,0,0,0,0,0,0,0,0,1,1,0.0,0.0,0.0,0.0,1.0,0.0,0.0,255,255,1.0,0.0,0.0,0.0,0.0,0.0,0.02,0.02,guess_passwd
0,tcp,private,REJ,0,0,0,0,0,0,0,0,0,0,0,0,0,0,0,0,0,0,255,5,0.0,0.0,1.0,1.0,0.02,0.07,0.0,255,5,0.02,0.07,0.0,0.0,0.0,0.0,1.0,1.0,neptune
0,udp,private,SF,46,0,0,0,0,0,0,0,0,0,0,0,0,0,0,0,0,0,4,4,0.0,0.0,0.0,0.0,1.0,0.0,0.0,255,253,0.99,0.01,0.01,0.0,0.0,0.0,0.0,0.0,snmpguess
0,tcp,private,REJ,0,0,0,0,0,0,0,0,0,0,0,0,0,0,0,0,0,0,237,13,0.0,0.0,1.0,1.0,0.05,0.06,0.0,255,13,0.05,0.06,0.0,0.0,0.0,0.0,1.0,1.0,neptune
0,icmp,ecr_i,SF,1032,0,0,0,0,0,0,0,0,0,0,0,0,0,0,0,0,0,30,30,0.0,0.0,0.0,0.0,1.0,0.0,0.0,255,255,1.0,0.0,1.0,0.0,0.0,0.0,0.0,0.0,smurf
0,tcp,private,REJ,0,0,0,0,0,0,0,0,0,0,0,0,0,0,0,0,0,0,118,6,0.0,0.0,1.0,1.0,0.05,0.07,0.0,255,6,0.02,0.06,0.0,0.0,0.0,0.0,1.0,1.0,neptune
0,tcp,http,SF,317,702,0,0,0,0,0,1,0,0,0,0,0,0,0,0,0,0,2,5,0.0,0.0,0.0,0.0,1.0,0.0,0.4,166,255,1.0,0.0,0.01,0.02,0.0,0.0,0.0,0.0,normal
0,tcp,smtp,SF,1588,326,0,0,0,0,0,1,0,0,0,0,0,0,0,0,0,0,1,2,0.0,0.0,0.0,0.0,1.0,0.0,1.0,180,136,0.58,0.03,0.01,0.01,0.01,0.01,0.0,0.0,normal
0,tcp,http,SF,304,524,0,0,0,0,0,1,0,0,0,0,0,0,0,0,0,0,7,8,0.0,0.0,0.0,0.0,1.0,0.0,0.25,255,255,1.0,0.0,0.0,0.0,0.0,0.0,0.0,0.0,normal
10,tcp,smtp,SF,1118,343,0,0,0,0,0,1,0,0,0,0,0,0,0,0,0,0,1,1,0.0,0.0,0.0,0.0,1.0,0.0,0.0,115,182,0.7,0.03,0.01,0.01,0.0,0.0,0.0,0.0,normal
0,tcp,ftp_data,SF,2407,0,0,0,0,0,0,0,0,0,0,0,0,0,0,0,0,0,1,1,0.0,0.0,0.0,0.0,1.0,0.0,0.0,19,69,0.42,0.16,0.42,0.03,0.05,0.01,0.0,0.0,normal
0,tcp,http,SF,275,4327,0,0,0,0,0,1,0,0,0,0,0,0,0,0,0,0,6,9,0.0,0.0,0.0,0.0,1.0,0.0,0.22,255,255,1.0,0.0,0.0,0.0,0.0,0.0,0.0,0.0,normal
8212,tcp,telnet,SF,0,15,0,0,0,0,0,0,0,0,0,0,0,0,0,0,0,0,1,1,0.0,0.0,0.0,0.0,1.0,0.0,0.0,255,65,0.25,0.02,0.0,0.0,0.76,0.78,0.01,0.03,processtable
0,tcp,pop_3,REJ,0,0,0,0,0,0,0,0,0,0,0,0,0,0,0,0,0,0,3,17,0.0,0.0,1.0,0.94,0.33,1.0,1.0,68,60,0.26,0.07,0.01,0.03,0.0,0.0,0.91,1.0,mscan
0,tcp,finger,S0,0,0,0,0,0,0,0,0,0,0,0,0,0,0,0,0,0,0,129,17,0.1,0.76,0.9,0.24,0.13,0.05,0.0,255,17,0.07,0.05,0.0,0.0,0.05,0.76,0.95,0.24,neptune
0,icmp,ecr_i,SF,1008,0,0,0,0,0,0,0,0,0,0,0,0,0,0,0,0,0,311,311,0.0,0.0,0.0,0.0,1.0,0.0,0.0,255,255,1.0,0.0,1.0,0.0,0.0,0.0,0.0,0.0,smurf
0,tcp,http,SF,242,267,0,0,0,0,0,1,0,0,0,0,0,0,0,0,0,0,2,2,0.0,0.0,0.0,0.0,1.0,0.0,0.0,228,255,1.0,0.0,0.0,0.01,0.0,0.0,0.0,0.0,normal
0,tcp,other,REJ,0,0,0,0,0,0,0,0,0,0,0,0,0,0,0,0,0,0,460,1,0.03,0.0,0.97,1.0,0.0,1.0,0.0,255,1,0.0,1.0,0.0,0.0,0.05,0.0,0.95,1.0,satan
1,tcp,smtp,SF,2599,293,0,0,0,0,0,1,0,0,0,0,0,0,0,0,0,0,2,2,0.0,0.0,0.0,0.0,1.0,0.0,0.0,255,34,0.13,0.16,0.0,0.0,0.0,0.0,0.85,0.0,mailbomb
0,tcp,http,SF,383,246,0,0,0,0,0,1,0,0,0,0,0,0,0,0,0,0,3,10,0.0,0.1,0.0,0.0,1.0,0.0,0.3,7,251,1.0,0.0,0.14,0.05,0.0,0.0,0.0,0.0,normal
0,tcp,imap4,REJ,0,0,0,0,0,0,0,0,0,0,0,0,0,0,0,0,0,0,228,9,0.0,0.0,1.0,1.0,0.04,0.06,0.0,255,9,0.04,0.07,0.0,0.0,0.0,0.0,1.0,1.0,neptune
908,tcp,http,RSTR,1024,0,0,0,0,0,0,1,0,0,0,0,0,0,0,0,0,0,82,82,0.02,0.02,0.98,0.98,1.0,0.0,0.0,255,253,0.99,0.01,0.0,0.0,0.01,0.01,0.44,0.45,apache2
0,icmp,ecr_i,SF,1008,0,0,0,0,0,0,0,0,0,0,0,0,0,0,0,0,0,225,225,0.0,0.0,0.0,0.0,1.0,0.0,0.0,255,255,1.0,0.0,1.0,0.0,0.0,0.0,0.0,0.0,smurf
0,tcp,http,SF,294,7333,0,0,0,0,0,1,0,0,0,0,0,0,0,0,0,0,10,11,0.0,0.0,0.0,0.0,1.0,0.0,0.18,36,255,1.0,0.0,0.03,0.03,0.0,0.0,0.0,0.0,normal
0,udp,domain_u,SF,46,117,0,0,0,0,0,0,0,0,0,0,0,0,0,0,0,0,1,2,0.0,0.0,0.0,0.0,1.0,0.0,1.0,255,230,0.9,0.01,0.0,0.0,0.0,0.0,0.06,0.0,normal
0,tcp,http,SF,207,3731,0,0,0,0,0,1,0,0,0,0,0,0,0,0,0,0,4,8,0.0,0.0,0.0,0.12,1.0,0.0,0.38,255,255,1.0,0.0,0.01,0.0,0.0,0.0,0.0,0.0,normal
0,tcp,netbios_dgm,REJ,0,0,0,0,0,0,0,0,0,0,0,0,0,0,0,0,0,0,251,5,0.0,0.0,1.0,1.0,0.02,0.06,0.0,255,5,0.02,0.07,0.0,0.0,0.0,0.0,1.0,1.0,neptune
0,udp,private,SF,1,1,0,0,0,0,0,0,0,0,0,0,0,0,0,0,0,0,141,1,0.0,0.0,0.0,0.0,0.01,0.6,0.0,255,1,0.0,0.76,1.0,0.0,0.0,0.0,0.0,0.0,satan
0,icmp,ecr_i,SF,1032,0,0,0,0,0,0,0,0,0,0,0,0,0,0,0,0,0,85,85,0.0,0.0,0.0,0.0,1.0,0.0,0.0,255,255,1.0,0.0,1.0,0.0,0.0,0.0,0.0,0.0,smurf
0,tcp,http,SF,316,594,0,0,0,0,0,1,0,0,0,0,0,0,0,0,0,0,7,7,0.0,0.0,0.0,0.0,1.0,0.0,0.0,99,255,1.0,0.0,0.01,0.05,0.0,0.0,0.0,0.0,normal
1,tcp,smtp,SF,2599,293,0,0,0,0,0,1,0,0,0,0,0,0,0,0,0,0,2,2,0.0,0.0,0.0,0.0,1.0,0.0,0.0,255,4,0.02,0.16,0.0,0.0,0.0,0.0,0.96,0.0,mailbomb
281,tcp,ftp,SF,162,599,0,0,0,2,0,1,0,0,0,0,0,0,0,0,0,1,1,1,0.0,0.0,0.0,0.0,1.0,0.0,0.0,225,74,0.33,0.03,0.0,0.0,0.0,0.0,0.0,0.0,warezmaster
0,tcp,http,SF,217,785,0,0,0,0,0,1,0,0,0,0,0,0,0,0,0,0,4,4,0.0,0.0,0.0,0.0,1.0,0.0,0.0,255,255,1.0,0.0,0.0,0.0,0.0,0.0,0.0,0.0,normal
0,tcp,private,REJ,0,0,0,0,0,0,0,0,0,0,0,0,0,0,0,0,0,0,2,1,0.0,0.0,1.0,1.0,0.5,1.0,0.0,255,1,0.0,0.83,0.81,0.0,0.0,0.0,0.81,1.0,portsweep
0,tcp,http,SF,286,1500,0,0,0,0,0,1,0,0,0,0,0,0,0,0,0,0,12,13,0.0,0.0,0.0,0.0,1.0,0.0,0.15,48,255,1.0,0.0,0.02,0.01,0.0,0.0,0.0,0.0,normal
0,tcp,pop_3,REJ,0,0,0,0,0,0,0,0,0,0,0,0,0,0,0,0,0,0,3,2,0.0,0.0,1.0,1.0,0.33,1.0,1.0,143,64,0.25,0.02,0.01,0.03,0.0,0.0,0.84,1.0,mscan
0,tcp,http,SF,317,5892,0,0,0,0,0,1,0,0,0,0,0,0,0,0,0,0,4,7,0.0,0.0,0.0,0.0,1.0,0.0,0.43,4,249,1.0,0.0,0.25,0.04,0.0,0.0,0.0,0.0,normal
0,tcp,other,REJ,0,0,0,0,0,0,0,0,0,0,0,0,0,0,0,0,0,0,511,1,0.14,0.0,0.86,1.0,0.0,1.0,0.0,255,1,0.0,0.88,0.0,0.0,0.11,0.0,0.87,1.0,satan
0,tcp,private,S0,0,0,0,0,0,0,0,0,0,0,0,0,0,0,0,0,0,0,262,14,1.0,1.0,0.0,0.0,0.05,0.06,0.0,255,14,0.05,0.06,0.0,0.0,1.0,1.0,0.0,0.0,neptune
0,icmp,ecr_i,SF,1008,0,0,0,0,0,0,0,0,0,0,0,0,0,0,0,0,0,53,53,0.0,0.0,0.0,0.0,1.0,0.0,0.0,255,255,1.0,0.0,1.0,0.0,0.0,0.0,0.0,0.0,smurf
0,tcp,private,REJ,0,0,0,0,0,0,0,0,0,0,0,0,0,0,0,0,0,0,235,9,0.0,0.0,1.0,1.0,0.04,0.07,0.0,255,9,0.04,0.08,0.0,0.0,0.0,0.0,1.0,1.0,neptune
0,udp,other,SF,1,1,0,0,0,0,0,0,0,0,0,0,0,0,0,0,0,0,80,1,0.0,0.0,0.0,0.0,0.01,0.82,0.0,255,1,0.0,0.73,1.0,0.0,0.0,0.0,0.0,0.0,satan
0,tcp,other,REJ,0,0,0,0,0,0,0,0,0,0,0,0,0,0,0,0,0,0,398,1,0.17,0.0,0.83,1.0,0.0,1.0,0.0,255,1,0.0,0.91,0.0,0.0,0.14,0.0,0.86,1.0,satan
0,tcp,pop_3,S0,0,0,0,0,0,0,0,0,0,0,0,0,0,0,0,0,0,0,1,3,1.0,1.0,0.0,0.0,1.0,0.0,1.0,150,85,0.33,0.02,0.01,0.02,1.0,1.0,0.0,0.0,mscan
0,tcp,other,REJ,0,0,0,0,0,0,0,0,0,0,0,0,0,0,0,0,0,0,457,1,0.15,0.0,0.85,1.0,0.0,1.0,0.0,255,1,0.0,0.98,0.0,0.0,0.13,0.0,0.87,1.0,satan
29,udp,domain_u,SF,42,42,0,0,0,0,0,0,0,0,0,0,0,0,0,0,0,0,4,8,0.0,0.0,0.0,0.0,1.0,0.0,0.25,255,251,0.98,0.01,0.02,0.0,0.0,0.0,0.0,0.0,normal
0,tcp,http,SF,206,2692,0,0,0,0,0,1,0,0,0,0,0,0,0,0,0,0,18,18,0.0,0.0,0.0,0.0,1.0,0.0,0.0,237,255,1.0,0.0,0.0,0.01,0.0,0.0,0.0,0.0,normal
0,tcp,private,S0,0,0,0,0,0,0,0,0,0,0,0,0,0,0,0,0,0,0,183,1,1.0,1.0,0.0,0.0,0.01,0.08,0.0,255,1,0.0,0.09,0.0,0.0,1.0,1.0,0.0,0.0,neptune
792,tcp,http,RSTR,61504,1,0,0,0,0,0,1,0,0,0,0,0,0,0,0,0,0,38,38,0.03,0.03,0.97,0.97,1.0,0.0,0.0,255,253,0.99,0.01,0.0,0.0,0.01,0.01,0.65,0.66,apache2
0,tcp,http,SF,360,760,0,0,0,0,0,1,0,0,0,0,0,0,0,0,0,0,7,7,0.0,0.0,0.0,0.0,1.0,0.0,0.0,100,255,1.0,0.0,0.01,0.02,0.0,0.0,0.0,0.0,normal
0,udp,other,SF,1,1,0,0,0,0,0,0,0,0,0,0,0,0,0,0,0,0,315,1,0.0,0.0,0.0,0.0,0.0,1.0,0.0,255,1,0.0,1.0,1.0,0.0,0.0,0.0,0.0,0.0,satan
4,tcp,pop_3,SF,28,93,0,0,0,0,0,1,0,0,0,0,0,0,0,0,0,0,1,1,0.0,0.0,0.0,0.0,1.0,0.0,0.0,255,245,0.96,0.01,0.0,0.0,0.0,0.0,0.0,0.0,guess_passwd
0,tcp,http,SF,54540,8314,0,0,0,2,0,1,1,0,0,0,0,0,0,0,0,0,4,30,0.0,0.0,0.0,0.0,1.0,0.0,0.07,255,255,1.0,0.0,0.0,0.0,0.0,0.0,0.03,0.03,back
0,tcp,ftp,SF,26,157,0,0,0,0,1,0,0,0,0,0,0,0,0,0,0,1,1,1,0.0,0.0,0.0,0.0,1.0,0.0,0.0,69,39,0.57,0.06,0.01,0.0,0.0,0.0,0.0,0.0,guess_passwd
1,tcp,smtp,SF,2599,293,0,0,0,0,0,1,0,0,0,0,0,0,0,0,0,0,3,3,0.0,0.0,0.0,0.0,1.0,0.0,0.0,255,91,0.36,0.14,0.0,0.0,0.0,0.0,0.63,0.0,mailbomb
0,tcp,http,SF,252,1329,0,0,0,0,0,1,0,0,0,0,0,0,0,0,0,0,6,6,0.0,0.0,0.0,0.0,1.0,0.0,0.0,255,255,1.0,0.0,0.01,0.0,0.0,0.0,0.0,0.0,normal
0,tcp,http_443,S0,0,0,0,0,0,0,0,0,0,0,0,0,0,0,0,0,0,0,118,12,0.79,1.0,0.21,0.0,0.1,0.06,0.0,255,12,0.05,0.05,0.0,0.0,0.71,1.0,0.29,0.0,neptune
1,tcp,telnet,SF,0,0,0,0,0,0,0,0,0,0,0,0,0,0,0,0,0,0,1,12,0.0,0.08,0.0,0.08,1.0,0.0,0.67,180,18,0.01,0.02,0.01,0.11,0.0,0.0,0.0,0.61,mscan
0,tcp,http,SF,220,770,0,0,0,0,0,1,0,0,0,0,0,0,0,0,0,0,4,4,0.0,0.0,0.0,0.0,1.0,0.0,0.0,255,255,1.0,0.0,0.0,0.0,0.0,0.0,0.0,0.0,normal
0,tcp,http,SF,54540,8314,0,0,0,2,0,1,1,0,0,0,0,0,0,0,0,0,3,5,0.0,0.0,0.0,0.0,1.0,0.0,0.4,255,254,1.0,0.01,0.0,0.0,0.0,0.0,0.07,0.07,back
0,tcp,http,SF,54540,8314,0,0,0,2,0,1,1,0,0,0,0,0,0,0,0,0,4,5,0.0,0.0,0.0,0.0,1.0,0.0,0.4,255,254,1.0,0.01,0.0,0.0,0.0,0.0,0.04,0.04,back
0,tcp,http,SF,336,2175,0,0,0,0,0,1,0,0,0,0,0,0,0,0,0,0,3,5,0.0,0.0,0.0,0.0,1.0,0.0,0.4,3,195,1.0,0.0,0.33,0.04,0.0,0.0,0.0,0.0,normal
0,tcp,private,REJ,0,0,0,0,0,0,0,0,0,0,0,0,0,0,0,0,0,0,224,16,0.0,0.0,1.0,1.0,0.07,0.08,0.0,255,16,0.06,0.08,0.0,0.0,0.0,0.0,1.0,1.0,neptune
0,tcp,http,SF,202,7011,0,0,0,0,0,1,0,0,0,0,0,0,0,0,0,0,8,19,0.0,0.0,0.0,0.0,1.0,0.0,0.16,9,255,1.0,0.0,0.11,0.01,0.0,0.0,0.0,0.0,normal
0,tcp,http,SF,293,1017,0,0,0,0,0,1,0,0,0,0,0,0,0,0,0,0,3,3,0.0,0.0,0.0,0.0,1.0,0.0,0.0,33,255,1.0,0.0,0.03,0.01,0.0,0.0,0.0,0.0,normal
0,tcp,private,REJ,0,0,0,0,0,0,0,0,0,0,0,0,0,0,0,0,0,0,287,5,0.0,0.0,1.0,1.0,0.02,0.06,0.0,255,5,0.02,0.06,0.0,0.0,0.0,0.0,1.0,1.0,neptune
0,udp,private,SF,105,147,0,0,0,0,0,0,0,0,0,0,0,0,0,0,0,0,1,1,0.0,0.0,0.0,0.0,1.0,0.0,0.0,218,216,0.99,0.01,0.01,0.0,0.0,0.0,0.0,0.0,snmpgetattack
0,tcp,smtp,SF,0,83,0,0,0,0,0,1,0,0,0,0,0,0,0,0,0,0,2,2,0.0,0.0,0.0,0.0,0.5,1.0,1.0,255,121,0.47,0.02,0.0,0.0,0.0,0.0,0.0,0.0,normal
282,tcp,ftp,SF,164,601,0,0,0,2,0,1,0,0,0,0,0,0,0,0,0,1,1,1,0.0,0.0,0.0,0.0,1.0,0.0,0.0,55,30,0.55,0.05,0.02,0.0,0.0,0.0,0.0,0.0,warezmaster
3,tcp,pop_3,SF,30,93,0,0,0,0,0,1,0,0,0,0,0,0,0,0,0,0,1,1,0.0,0.0,0.0,0.0,1.0,0.0,0.0,255,247,0.97,0.02,0.0,0.0,0.0,0.0,0.02,0.0,guess_passwd
0,tcp,http,SF,256,2669,0,0,0,0,0,1,0,0,0,0,0,0,0,0,0,0,1,2,0.0,0.0,0.0,0.0,1.0,0.0,1.0,255,255,1.0,0.0,0.0,0.0,0.0,0.0,0.0,0.0,normal
7699,tcp,telnet,SF,0,44,0,0,0,0,0,0,0,0,0,0,0,0,0,0,0,0,1,1,0.0,0.0,0.0,0.0,1.0,0.0,0.0,255,160,0.63,0.02,0.0,0.0,0.55,0.53,0.01,0.01,processtable
280,tcp,ftp_data,SF,283618,0,0,0,0,0,0,0,0,0,0,0,0,0,0,0,0,0,1,1,0.0,0.0,0.0,0.0,1.0,0.0,0.0,13,1,0.08,0.15,0.08,0.0,0.0,0.0,0.0,0.0,warezmaster
0,tcp,http,SF,225,480,0,0,0,0,0,1,0,0,0,0,0,0,0,0,0,0,24,24,0.0,0.0,0.0,0.0,1.0,0.0,0.0,255,255,1.0,0.0,0.0,0.0,0.0,0.0,0.0,0.0,normal
0,tcp,http_443,S0,0,0,0,0,0,0,0,0,0,0,0,0,0,0,0,0,0,0,117,17,1.0,1.0,0.0,0.0,0.15,0.06,0.0,255,17,0.07,0.06,0.0,0.0,1.0,1.0,0.0,0.0,neptune
0,tcp,private,RSTR,0,0,0,0,0,0,0,0,0,0,0,0,0,0,0,0,0,0,1,1,0.0,0.0,1.0,1.0,1.0,0.0,0.0,47,1,0.02,0.83,0.83,0.0,0.0,0.0,0.83,1.0,portsweep
0,tcp,pop_3,REJ,0,0,0,0,0,0,0,0,0,0,0,0,0,0,0,0,0,0,3,20,0.0,0.0,1.0,0.95,0.33,1.0,1.0,52,60,0.25,0.1,0.02,0.03,0.04,0.02,0.81,0.97,mscan
0,tcp,private,REJ,0,0,0,0,0,0,0,0,0,0,0,0,0,0,0,0,0,0,242,16,0.0,0.0,1.0,1.0,0.07,0.07,0.0,255,16,0.06,0.08,0.0,0.0,0.0,0.0,1.0,1.0,neptune
0,tcp,echo,RSTO,0,0,0,0,0,0,0,0,0,0,0,0,0,0,0,0,0,0,239,5,0.0,0.0,1.0,1.0,0.02,0.07,0.0,255,5,0.02,0.07,0.0,0.0,0.0,0.0,1.0,1.0,neptune
0,icmp,ecr_i,SF,1480,0,0,1,0,0,0,0,0,0,0,0,0,0,0,0,0,0,1,3,0.0,0.0,0.0,0.0,1.0,0.0,0.67,1,1,1.0,0.0,1.0,0.0,0.0,0.0,0.0,0.0,pod
0,tcp,private,REJ,0,0,0,0,0,0,0,0,0,0,0,0,0,0,0,0,0,0,222,19,0.0,0.0,1.0,1.0,0.09,0.06,0.0,255,19,0.07,0.06,0.0,0.0,0.0,0.0,1.0,1.0,neptune
0,tcp,private,REJ,0,0,0,0,0,0,0,0,0,0,0,0,0,0,0,0,0,0,444,1,0.04,0.0,0.93,1.0,0.0,1.0,0.0,255,1,0.0,1.0,0.0,0.0,0.06,0.0,0.89,1.0,saint
0,tcp,private,REJ,0,0,0,0,0,0,0,0,0,0,0,0,0,0,0,0,0,0,296,18,0.04,0.0,0.96,1.0,0.06,0.06,0.0,255,18,0.07,0.06,0.0,0.0,0.05,0.0,0.95,1.0,neptune
0,tcp,http,SF,39198,125747,0,0,0,0,0,1,0,0,0,0,0,0,0,0,0,0,18,18,0.0,0.0,0.0,0.0,1.0,0.0,0.0,255,255,1.0,0.0,0.0,0.0,0.0,0.0,0.0,0.0,normal
896,tcp,http,RSTR,55744,0,0,0,0,0,0,1,0,0,0,0,0,0,0,0,0,0,31,31,0.16,0.16,0.84,0.84,1.0,0.0,0.0,255,255,1.0,0.0,0.0,0.0,0.03,0.03,0.68,0.68,apache2
0,tcp,private,REJ,0,0,0,0,0,0,0,0,0,0,0,0,0,0,0,0,0,0,218,7,0.0,0.0,1.0,1.0,0.03,0.07,0.0,255,7,0.03,0.08,0.0,0.0,0.0,0.0,1.0,1.0,neptune
0,udp,private,SF,43,0,0,0,0,0,0,0,0,0,0,0,0,0,0,0,0,0,2,2,0.0,0.0,0.0,0.0,1.0,0.0,0.0,255,254,1.0,0.01,0.02,0.0,0.0,0.0,0.0,0.0,snmpguess
0,tcp,http,SF,54540,8314,0,0,0,2,0,1,1,0,0,0,0,0,0,0,0,0,5,5,0.0,0.0,0.2,0.2,1.0,0.0,0.0,255,255,1.0,0.0,0.0,0.0,0.0,0.0,0.07,0.07,back
0,tcp,private,REJ,0,0,0,0,0,0,0,0,0,0,0,0,0,0,0,0,0,0,229,7,0.0,0.0,1.0,1.0,0.03,0.07,0.0,255,7,0.03,0.07,0.0,0.0,0.0,0.0,1.0,1.0,neptune
0,udp,private,SF,44,0,0,0,0,0,0,0,0,0,0,0,0,0,0,0,0,0,4,4,0.0,0.0,0.0,0.0,1.0,0.0,0.0,255,255,1.0,0.0,0.02,0.0,0.0,0.0,0.0,0.0,snmpguess
4,tcp,pop_3,SF,32,93,0,0,0,0,0,1,0,0,0,0,0,0,0,0,0,0,1,1,0.0,0.0,0.0,0.0,1.0,0.0,0.0,240,221,0.92,0.01,0.0,0.0,0.0,0.0,0.04,0.0,guess_passwd
0,tcp,http,SF,54540,8314,0,0,0,2,0,1,1,0,0,0,0,0,0,0,0,0,5,5,0.0,0.0,0.0,0.0,1.0,0.0,0.0,255,255,1.0,0.0,0.0,0.0,0.01,0.01,0.05,0.05,back
0,tcp,auth,S0,0,0,0,0,0,0,0,0,0,0,0,0,0,0,0,0,0,0,161,4,1.0,1.0,0.0,0.0,0.02,0.09,0.0,255,4,0.02,0.09,0.0,0.0,1.0,1.0,0.0,0.0,neptune
0,tcp,http,SF,54540,8314,0,0,0,2,0,1,1,0,0,0,0,0,0,0,0,0,3,3,0.0,0.0,0.0,0.0,1.0,0.0,0.0,255,255,1.0,0.0,0.0,0.0,0.0,0.0,0.06,0.06,back
0,tcp,other,S0,0,0,0,0,0,0,0,0,0,0,0,0,0,0,0,0,0,0,398,1,0.17,1.0,0.82,0.0,0.0,1.0,0.0,255,1,0.0,0.93,0.0,0.0,0.15,1.0,0.85,0.0,satan
0,tcp,csnet_ns,REJ,0,0,0,0,0,0,0,0,0,0,0,0,0,0,0,0,0,0,211,13,0.0,0.0,1.0,1.0,0.06,0.07,0.0,255,13,0.05,0.07,0.0,0.0,0.0,0.0,1.0,1.0,neptune
0,tcp,http,SF,328,968,0,0,0,0,0,1,0,0,0,0,0,0,0,0,0,0,2,2,0.0,0.0,0.0,0.0,1.0,0.0,0.0,2,232,1.0,0.0,0.5,0.06,0.0,0.0,0.0,0.0,normal
0,tcp,domain,REJ,0,0,0,0,0,0,0,0,0,0,0,0,0,0,0,0,0,0,232,1,0.0,0.0,1.0,1.0,0.0,0.07,0.0,255,1,0.0,0.07,0.0,0.0,0.0,0.0,1.0,1.0,neptune
0,tcp,private,REJ,0,0,0,0,0,0,0,0,0,0,0,0,0,0,0,0,0,0,2,1,0.0,0.0,1.0,1.0,0.5,1.0,0.0,255,1,0.0,0.9,0.89,0.0,0.0,0.0,0.89,1.0,portsweep
0,udp,domain_u,SF,43,43,0,0,0,0,0,0,0,0,0,0,0,0,0,0,0,0,227,227,0.0,0.0,0.0,0.0,1.0,0.0,0.0,255,233,0.91,0.01,0.0,0.0,0.0,0.0,0.0,0.0,normal
0,udp,private,SF,43,43,0,0,0,0,0,0,0,0,0,0,0,0,0,0,0,0,3,3,0.0,0.0,0.0,0.0,1.0,0.0,0.0,255,255,1.0,0.0,0.01,0.0,0.0,0.0,0.0,0.0,snmpguess
0,udp,private,SF,53,51,0,0,0,0,0,0,0,0,0,0,0,0,0,0,0,0,308,308,0.0,0.0,0.0,0.0,1.0,0.0,0.0,255,255,1.0,0.0,0.93,0.0,0.0,0.0,0.0,0.0,normal
0,tcp,telnet,S0,0,0,0,0,0,0,0,0,0,0,0,0,0,0,0,0,0,0,165,20,1.0,1.0,0.0,0.0,0.12,0.08,0.0,255,20,0.08,0.09,0.0,0.0,1.0,1.0,0.0,0.0,neptune
0,tcp,http,SF,307,672,0,0,0,0,0,1,0,0,0,0,0,0,0,0,0,0,21,21,0.0,0.0,0.0,0.0,1.0,0.0,0.0,48,255,1.0,0.0,0.02,0.05,0.0,0.0,0.0,0.0,normal
2074,tcp,http,RSTR,38464,0,0,0,0,0,0,1,0,0,0,0,0,0,0,0,0,0,17,17,0.24,0.24,0.76,0.76,1.0,0.0,0.0,255,244,0.96,0.01,0.0,0.0,0.04,0.04,0.56,0.59,apache2
0,tcp,private,REJ,0,0,0,0,0,0,0,0,0,0,0,0,0,0,0,0,0,0,237,8,0.0,0.0,1.0,1.0,0.03,0.07,0.0,255,8,0.03,0.08,0.0,0.0,0.0,0.0,1.0,1.0,neptune
0,tcp,private,REJ,0,0,0,0,0,0,0,0,0,0,0,0,0,0,0,0,0,0,138,8,0.0,0.0,1.0,1.0,0.06,0.07,0.0,255,8,0.03,0.07,0.0,0.0,0.0,0.0,1.0,1.0,neptune
8100,tcp,telnet,SF,0,15,0,0,0,0,0,0,0,0,0,0,0,0,0,0,0,0,1,1,0.0,0.0,0.0,0.0,1.0,0.0,0.0,255,84,0.33,0.02,0.0,0.0,0.66,0.52,0.01,0.02,processtable
0,tcp,http,SF,209,1271,0,0,0,0,0,1,0,0,0,0,0,0,0,0,0,0,4,4,0.0,0.0,0.0,0.0,1.0,0.0,0.0,255,255,1.0,0.0,0.0,0.0,0.0,0.0,0.0,0.0,normal
0,icmp,eco_i,SF,20,0,0,0,0,0,0,0,0,0,0,0,0,0,0,0,0,0,1,22,0.0,0.0,0.0,0.0,1.0,0.0,1.0,1,61,1.0,0.0,1.0,0.26,0.0,0.0,0.0,0.0,saint
2,tcp,telnet,SF,24,715,0,0,0,0,0,0,0,0,0,0,0,0,0,0,0,0,4,6,0.0,0.0,0.75,0.5,0.5,0.75,0.5,255,60,0.24,0.03,0.0,0.0,0.0,0.0,0.64,0.73,mscan
0,tcp,http,SF,288,5467,0,0,0,0,0,1,0,0,0,0,0,0,0,0,0,0,19,21,0.0,0.0,0.0,0.0,1.0,0.0,0.14,21,255,1.0,0.0,0.05,0.03,0.0,0.0,0.0,0.0,normal
0,tcp,http,SF,295,897,0,0,0,0,0,1,0,0,0,0,0,0,0,0,0,0,10,11,0.0,0.0,0.0,0.0,1.0,0.0,0.18,255,255,1.0,0.0,0.0,0.0,0.0,0.0,0.0,0.0,normal
0,tcp,time,RSTO,0,0,0,0,0,0,0,0,0,0,0,0,0,0,0,0,0,0,242,12,0.0,0.0,1.0,1.0,0.05,0.07,0.0,255,12,0.05,0.07,0.0,0.0,0.0,0.0,1.0,1.0,neptune
0,udp,domain_u,SF,42,42,0,0,0,0,0,0,0,0,0,0,0,0,0,0,0,0,50,131,0.0,0.0,0.0,0.0,1.0,0.0,0.02,255,217,0.85,0.01,0.01,0.0,0.0,0.0,0.0,0.0,normal
0,tcp,ftp,SF,26,157,0,0,0,0,1,0,0,0,0,0,0,0,0,0,0,1,2,1,0.0,0.0,0.0,0.0,0.5,1.0,0.0,91,48,0.53,0.04,0.01,0.0,0.0,0.0,0.0,0.0,guess_passwd
0,tcp,http,SF,267,18979,0,0,0,0,0,1,0,0,0,0,0,0,0,0,0,0,4,4,0.0,0.0,0.0,0.0,1.0,0.0,0.0,4,245,1.0,0.0,0.25,0.04,0.0,0.0,0.0,0.0,normal
0,tcp,http,SF,319,1467,0,0,0,0,0,1,0,0,0,0,0,0,0,0,0,0,2,2,0.0,0.0,0.0,0.0,1.0,0.0,0.0,255,255,1.0,0.0,0.0,0.0,0.01,0.01,0.0,0.0,normal
0,tcp,http,SF,370,2820,0,0,0,0,0,1,0,0,0,0,0,0,0,0,0,0,8,9,0.0,0.0,0.0,0.0,1.0,0.0,0.22,255,255,1.0,0.0,0.0,0.0,0.0,0.0,0.0,0.0,normal
0,tcp,http,SF,222,1410,0,0,0,0,0,1,0,0,0,0,0,0,0,0,0,0,30,33,0.0,0.0,0.0,0.0,1.0,0.0,0.06,31,255,1.0,0.0,0.03,0.02,0.0,0.0,0.0,0.0,normal
0,tcp,http,SF,229,1075,0,0,0,0,0,1,0,0,0,0,0,0,0,0,0,0,1,13,0.0,0.0,0.0,0.0,1.0,0.0,0.15,255,241,0.95,0.01,0.0,0.0,0.0,0.0,0.0,0.0,normal
0,tcp,telnet,S3,0,44,0,0,0,0,0,0,0,0,0,0,0,0,0,0,0,0,1,1,1.0,1.0,0.0,0.0,1.0,0.0,0.0,255,81,0.32,0.6,0.0,0.0,0.22,0.69,0.59,0.0,processtable
0,tcp,http,SF,251,5381,0,0,0,0,0,1,0,0,0,0,0,0,0,0,0,0,11,11,0.0,0.0,0.0,0.0,1.0,0.0,0.0,255,255,1.0,0.0,0.0,0.0,0.0,0.0,0.0,0.0,normal
0,tcp,http,SF,276,1183,0,0,0,0,0,1,0,0,0,0,0,0,0,0,0,0,3,3,0.0,0.0,0.0,0.0,1.0,0.0,0.0,47,172,1.0,0.0,0.02,0.02,0.0,0.0,0.0,0.0,normal
0,tcp,http,SF,242,305,0,0,0,0,0,1,0,0,0,0,0,0,0,0,0,0,25,25,0.0,0.0,0.0,0.0,1.0,0.0,0.0,44,255,1.0,0.0,0.02,0.04,0.0,0.0,0.0,0.0,normal
280,tcp,ftp_data,SF,283618,0,0,0,0,0,0,0,0,0,0,0,0,0,0,0,0,0,2,2,0.0,0.0,0.0,0.0,1.0,0.0,0.0,148,43,0.19,0.04,0.19,0.05,0.0,0.0,0.0,0.0,warezmaster
0,tcp,http,SF,307,10335,0,0,0,0,0,1,0,0,0,0,0,0,0,0,0,0,7,15,0.0,0.0,0.0,0.0,1.0,0.0,0.2,77,95,1.0,0.0,0.01,0.02,0.0,0.0,0.0,0.0,normal
0,tcp,http,SF,227,1699,0,0,0,0,0,1,0,0,0,0,0,0,0,0,0,0,7,7,0.0,0.0,0.0,0.0,1.0,0.0,0.0,7,255,1.0,0.0,0.14,0.01,0.0,0.0,0.0,0.0,normal
0,icmp,tim_i,SF,564,0,0,0,0,0,0,0,0,0,0,0,0,0,0,0,0,0,3,2,0.0,0.0,0.0,0.0,0.67,0.67,0.0,225,2,0.01,0.03,0.01,0.0,0.0,0.0,0.0,0.0,pod
0,tcp,http,S0,0,0,0,0,0,0,0,0,0,0,0,0,0,0,0,0,0,0,38,38,1.0,1.0,0.0,0.0,1.0,0.0,0.0,255,255,1.0,0.0,0.0,0.0,0.22,0.22,0.7,0.7,apache2
0,tcp,telnet,RSTO,0,15,0,0,0,0,0,0,0,0,0,0,0,0,0,0,0,0,1,3,0.0,0.0,1.0,0.67,1.0,0.0,0.67,107,85,0.34,0.05,0.01,0.02,0.02,0.0,0.86,0.69,mscan
0,tcp,http,SF,317,193,0,0,0,0,0,1,0,0,0,0,0,0,0,0,0,0,29,29,0.0,0.0,0.0,0.0,1.0,0.0,0.0,255,255,1.0,0.0,0.0,0.0,0.0,0.0,0.0,0.0,normal
0,tcp,http,SF,278,792,0,0,0,0,0,1,0,0,0,0,0,0,0,0,0,0,6,8,0.0,0.0,0.0,0.0,1.0,0.0,0.25,130,255,1.0,0.0,0.01,0.02,0.0,0.0,0.0,0.0,normal
0,tcp,http,SF,230,27681,0,0,0,0,0,1,0,0,0,0,0,0,0,0,0,0,6,6,0.0,0.0,0.0,0.0,1.0,0.0,0.0,142,255,1.0,0.0,0.01,0.03,0.0,0.0,0.0,0.0,normal
0,tcp,http,SF,245,676,0,0,0,0,0,1,0,0,0,0,0,0,0,0,0,0,3,3,0.0,0.0,0.0,0.0,1.0,0.0,0.0,255,255,1.0,0.0,0.0,0.0,0.0,0.0,0.0,0.0,normal
1,tcp,smtp,SF,2599,293,0,0,0,0,0,1,0,0,0,0,0,0,0,0,0,0,3,3,0.0,0.0,0.0,0.0,1.0,0.0,0.0,255,55,0.22,0.16,0.0,0.0,0.0,0.0,0.76,0.0,mailbomb
0,tcp,http,SF,338,278,0,0,0,0,0,1,0,0,0,0,0,0,0,0,0,0,20,23,0.0,0.0,0.0,0.0,1.0,0.0,0.13,255,255,1.0,0.0,0.0,0.0,0.0,0.0,0.0,0.0,normal
0,tcp,private,S0,0,0,0,0,0,0,0,0,0,0,0,0,0,0,0,0,0,0,123,9,1.0,1.0,0.0,0.0,0.07,0.07,0.0,255,9,0.04,0.07,0.0,0.0,0.98,1.0,0.0,0.0,neptune
7607,tcp,telnet,SF,0,44,0,0,0,0,0,0,0,0,0,0,0,0,0,0,0,0,1,1,0.0,0.0,0.0,0.0,1.0,0.0,0.0,255,156,0.61,0.36,0.0,0.0,0.49,0.81,0.35,0.01,processtable
0,tcp,private,REJ,0,0,0,0,0,0,0,0,0,0,0,0,0,0,0,0,0,0,113,20,0.0,0.0,1.0,1.0,0.18,0.06,0.0,255,20,0.08,0.07,0.0,0.0,0.0,0.0,1.0,1.0,neptune
0,tcp,imap4,S0,0,0,0,0,0,0,0,0,0,0,0,0,0,0,0,0,0,0,1,1,1.0,1.0,0.0,0.0,1.0,0.0,0.0,119,86,0.34,0.03,0.01,0.02,1.0,1.0,0.0,0.0,mscan
0,tcp,http,S0,0,0,0,0,0,0,0,0,0,0,0,0,0,0,0,0,0,0,50,50,1.0,1.0,0.0,0.0,1.0,0.0,0.0,255,255,1.0,0.0,0.0,0.0,0.27,0.27,0.7,0.7,apache2
0,udp,private,SF,46,0,0,0,0,0,0,0,0,0,0,0,0,0,0,0,0,0,1,1,0.0,0.0,0.0,0.0,1.0,0.0,0.0,255,255,1.0,0.0,0.01,0.0,0.0,0.0,0.0,0.0,snmpguess
0,tcp,private,REJ,0,0,0,0,0,0,0,0,0,0,0,0,0,0,0,0,0,0,244,12,0.0,0.0,1.0,1.0,0.05,0.07,0.0,255,12,0.05,0.07,0.0,0.0,0.0,0.0,1.0,1.0,neptune
0,tcp,private,REJ,0,0,0,0,0,0,0,0,0,0,0,0,0,0,0,0,0,0,126,18,0.0,0.0,1.0,1.0,0.14,0.06,0.0,255,18,0.07,0.06,0.0,0.0,0.0,0.0,1.0,1.0,neptune
0,tcp,http,SF,54540,8314,0,0,0,2,0,1,1,0,0,0,0,0,0,0,0,0,3,3,0.0,0.0,0.0,0.0,1.0,0.0,0.0,255,251,0.98,0.01,0.0,0.0,0.0,0.0,0.01,0.01,back
0,tcp,http,SF,251,2043,0,0,0,0,0,1,0,0,0,0,0,0,0,0,0,0,4,5,0.0,0.0,0.0,0.0,1.0,0.0,0.4,13,243,1.0,0.0,0.08,0.08,0.0,0.0,0.0,0.0,normal
0,tcp,http,SF,205,1490,0,0,0,0,0,1,0,0,0,0,0,0,0,0,0,0,7,7,0.0,0.0,0.0,0.0,1.0,0.0,0.0,31,251,1.0,0.0,0.03,0.06,0.0,0.0,0.0,0.0,normal
280,tcp,ftp_data,SF,283618,0,0,0,0,0,0,0,0,0,0,0,0,0,0,0,0,0,1,1,0.0,0.0,0.0,0.0,1.0,0.0,0.0,3,21,1.0,0.0,1.0,0.19,0.0,0.0,0.0,0.0,warezmaster
0,icmp,ecr_i,SF,1480,0,0,1,0,0,0,0,0,0,0,0,0,0,0,0,0,0,2,4,0.0,0.0,0.0,0.0,1.0,0.0,0.5,2,36,1.0,0.0,1.0,0.5,0.0,0.0,0.0,0.0,normal
0,tcp,http,SF,253,1047,0,0,0,0,0,1,0,0,0,0,0,0,0,0,0,0,30,30,0.0,0.0,0.0,0.0,1.0,0.0,0.0,115,255,1.0,0.0,0.01,0.02,0.0,0.0,0.0,0.0,normal
0,tcp,http,SF,253,493,0,0,0,0,0,1,0,0,0,0,0,0,0,0,0,0,1,1,0.0,0.0,0.0,0.0,1.0,0.0,0.0,1,245,1.0,0.0,1.0,0.03,0.0,0.0,0.0,0.0,normal
0,tcp,echo,S0,0,0,0,0,0,0,0,0,0,0,0,0,0,0,0,0,0,0,147,12,1.0,1.0,0.0,0.0,0.08,0.09,0.0,255,12,0.05,0.11,0.0,0.0,1.0,1.0,0.0,0.0,neptune
0,tcp,private,S0,0,0,0,0,0,0,0,0,0,0,0,0,0,0,0,0,0,0,122,13,1.0,1.0,0.0,0.0,0.11,0.07,0.0,255,13,0.05,0.06,0.0,0.0,1.0,1.0,0.0,0.0,neptune
0,tcp,other,REJ,0,0,0,0,0,0,0,0,0,0,0,0,0,0,0,0,0,0,511,1,0.14,0.0,0.86,1.0,0.0,1.0,0.0,255,1,0.0,0.84,0.0,0.0,0.11,0.0,0.83,1.0,satan
0,tcp,http,SF,180,15727,0,0,0,0,0,1,0,0,0,0,0,0,0,0,0,0,2,2,0.0,0.0,0.0,0.0,1.0,0.0,0.0,201,255,1.0,0.0,0.0,0.01,0.0,0.0,0.0,0.0,normal
0,tcp,http,SF,258,7557,0,0,0,0,0,1,0,0,0,0,0,0,0,0,0,0,1,29,0.0,0.0,0.0,0.0,1.0,0.0,0.07,60,255,1.0,0.0,0.02,0.04,0.0,0.0,0.0,0.0,normal
0,tcp,smtp,SF,893,484,0,0,0,0,0,1,0,0,0,0,0,0,0,0,0,0,1,1,0.0,0.0,0.0,0.0,1.0,0.0,0.0,255,12,0.05,0.02,0.0,0.0,0.0,0.0,0.0,0.0,normal
1,tcp,smtp,SF,1822,332,0,0,0,0,0,1,0,0,0,0,0,0,0,0,0,0,1,2,0.0,0.0,0.0,0.0,1.0,0.0,1.0,255,80,0.31,0.03,0.0,0.0,0.0,0.0,0.6,0.0,normal
0,tcp,telnet,SF,124,174,0,0,0,0,1,0,0,0,0,0,0,0,0,0,0,0,1,1,0.0,0.0,0.0,0.0,1.0,0.0,0.0,255,191,0.75,0.02,0.0,0.0,0.0,0.0,0.02,0.03,guess_passwd
0,udp,other,SF,1,1,0,0,0,0,0,0,0,0,0,0,0,0,0,0,0,0,221,1,0.0,0.0,0.0,0.0,0.0,1.0,0.0,255,1,0.0,1.0,1.0,0.0,0.0,0.0,0.0,0.0,satan
0,tcp,pop_3,S0,0,0,0,0,0,0,0,0,0,0,0,0,0,0,0,0,0,0,1,2,1.0,1.0,0.0,0.0,1.0,0.0,1.0,30,85,0.33,0.1,0.03,0.04,1.0,1.0,0.0,0.0,mscan
0,tcp,other,REJ,0,0,0,0,0,0,0,0,0,0,0,0,0,0,0,0,0,0,464,1,0.04,0.0,0.96,1.0,0.0,1.0,0.0,255,1,0.0,1.0,0.0,0.0,0.04,0.0,0.96,1.0,saint
0,tcp,http,SF,329,509,0,0,0,0,0,1,0,0,0,0,0,0,0,0,0,0,5,5,0.0,0.0,0.0,0.0,1.0,0.0,0.0,100,255,1.0,0.0,0.01,0.03,0.0,0.0,0.0,0.0,normal
0,tcp,telnet,SF,118,174,0,0,0,0,1,0,0,0,0,0,0,0,0,0,0,0,1,1,0.0,0.0,0.0,0.0,1.0,0.0,0.0,255,122,0.48,0.02,0.0,0.0,0.0,0.0,0.01,0.02,guess_passwd
0,tcp,http,SF,223,5057,0,0,0,0,0,1,0,0,0,0,0,0,0,0,0,0,5,7,0.0,0.0,0.0,0.0,1.0,0.0,0.29,31,255,1.0,0.0,0.03,0.04,0.0,0.0,0.0,0.0,normal
0,udp,domain_u,SF,44,115,0,0,0,0,0,0,0,0,0,0,0,0,0,0,0,0,4,9,0.0,0.0,0.0,0.0,1.0,0.0,0.22,255,225,0.88,0.02,0.0,0.0,0.0,0.0,0.0,0.0,normal
0,tcp,sunrpc,REJ,0,0,0,0,0,0,0,0,0,0,0,0,0,0,0,0,0,0,1,3,0.0,0.0,1.0,1.0,1.0,0.0,1.0,151,50,0.18,0.03,0.01,0.04,0.01,0.0,0.86,1.0,mscan
0,icmp,ecr_i,SF,1032,0,0,0,0,0,0,0,0,0,0,0,0,0,0,0,0,0,95,95,0.0,0.0,0.0,0.0,1.0,0.0,0.0,255,137,0.54,0.44,0.54,0.0,0.1,0.0,0.36,0.0,smurf
0,udp,domain_u,SF,43,43,0,0,0,0,0,0,0,0,0,0,0,0,0,0,0,0,130,130,0.0,0.0,0.0,0.0,1.0,0.0,0.0,255,254,1.0,0.01,0.0,0.0,0.0,0.0,0.0,0.0,normal
0,tcp,http,SF,217,1712,0,0,0,0,0,1,0,0,0,0,0,0,0,0,0,0,19,19,0.0,0.0,0.0,0.0,1.0,0.0,0.0,255,255,1.0,0.0,0.01,0.0,0.0,0.0,0.0,0.0,normal
0,tcp,nnsp,S0,0,0,0,0,0,0,0,0,0,0,0,0,0,0,0,0,0,0,102,2,1.0,1.0,0.0,0.0,0.02,0.07,0.0,255,2,0.01,0.07,0.0,0.0,1.0,1.0,0.0,0.0,neptune
0,tcp,private,REJ,0,0,0,0,0,0,0,0,0,0,0,0,0,0,0,0,0,0,191,6,0.0,0.0,1.0,1.0,0.03,0.07,0.0,255,6,0.02,0.07,0.0,0.0,0.0,0.0,1.0,1.0,neptune
0,tcp,http,SF,296,430,0,0,0,0,0,1,0,0,0,0,0,0,0,0,0,0,1,3,0.0,0.0,0.0,0.0,1.0,0.0,1.0,255,255,1.0,0.0,0.0,0.0,0.0,0.0,0.0,0.0,normal
0,tcp,private,REJ,0,0,0,0,0,0,0,0,0,0,0,0,0,0,0,0,0,0,255,9,0.0,0.0,1.0,1.0,0.04,0.06,0.0,255,9,0.04,0.06,0.0,0.0,0.0,0.0,1.0,1.0,neptune
0,tcp,smtp,SF,1096,327,0,0,0,0,0,1,0,0,0,0,0,0,0,0,0,0,1,2,0.0,0.0,0.0,0.0,1.0,0.0,1.0,236,169,0.64,0.02,0.0,0.01,0.0,0.0,0.0,0.0,normal
0,tcp,telnet,S3,0,44,0,0,0,0,0,0,0,0,0,0,0,0,0,0,0,0,1,1,1.0,1.0,0.0,0.0,1.0,0.0,0.0,255,129,0.51,0.45,0.0,0.0,0.4,0.78,0.44,0.02,processtable
0,tcp,private,REJ,0,0,0,0,0,0,0,0,0,0,0,0,0,0,0,0,0,0,267,11,0.0,0.0,1.0,1.0,0.04,0.06,0.0,255,11,0.04,0.07,0.0,0.0,0.0,0.0,1.0,1.0,neptune
1,tcp,pop_3,RSTO,0,36,0,0,0,0,0,1,0,0,0,0,0,0,0,0,0,0,3,2,0.0,0.0,1.0,1.0,0.33,1.0,1.0,111,60,0.24,0.05,0.01,0.03,0.0,0.0,0.89,1.0,mscan
0,tcp,http,SF,308,370,0,0,0,0,0,1,0,0,0,0,0,0,0,0,0,0,8,8,0.0,0.0,0.0,0.0,1.0,0.0,0.0,190,255,1.0,0.0,0.01,0.02,0.0,0.0,0.0,0.0,normal
0,tcp,http,SF,300,4868,0,0,0,0,0,1,0,0,0,0,0,0,0,0,0,0,54,54,0.0,0.0,0.0,0.0,1.0,0.0,0.0,255,255,1.0,0.0,0.0,0.0,0.0,0.0,0.0,0.0,normal
0,tcp,http,SF,189,23152,0,0,0,0,0,1,0,0,0,0,0,0,0,0,0,0,17,27,0.0,0.0,0.0,0.0,1.0,0.0,0.07,255,255,1.0,0.0,0.0,0.0,0.0,0.0,0.0,0.0,normal
0,tcp,http,SF,323,1215,0,0,0,0,0,1,0,0,0,0,0,0,0,0,0,0,13,17,0.0,0.0,0.0,0.0,1.0,0.0,0.12,255,255,1.0,0.0,0.0,0.0,0.0,0.0,0.0,0.0,normal
0,icmp,eco_i,SF,20,0,0,0,0,0,0,0,0,0,0,0,0,0,0,0,0,0,1,70,0.0,0.0,0.0,0.0,1.0,0.0,1.0,3,34,1.0,0.0,1.0,0.29,0.0,0.0,0.0,0.0,saint
3,tcp,telnet,SF,0,48,0,0,0,0,0,0,0,0,0,0,0,0,0,0,0,0,4,11,0.0,0.09,0.5,0.73,0.5,0.75,0.91,112,56,0.5,0.03,0.01,0.0,0.0,0.0,0.63,0.27,mscan
0,tcp,http,SF,298,1545,0,0,0,0,0,1,0,0,0,0,0,0,0,0,0,0,9,18,0.0,0.0,0.0,0.0,1.0,0.0,0.22,255,255,1.0,0.0,0.0,0.0,0.0,0.0,0.0,0.0,normal
0,tcp,private,S0,0,0,0,0,0,0,0,0,0,0,0,0,0,0,0,0,0,0,150,20,1.0,1.0,0.0,0.0,0.13,0.06,0.0,255,20,0.08,0.05,0.0,0.0,1.0,1.0,0.0,0.0,neptune
11,tcp,smtp,SF,2599,293,0,0,0,0,0,1,0,0,0,0,0,0,0,0,0,0,2,2,0.0,0.0,0.0,0.0,1.0,0.0,0.0,255,246,0.96,0.04,0.0,0.0,0.0,0.0,0.04,0.0,mailbomb
0,tcp,csnet_ns,REJ,0,0,0,0,0,0,0,0,0,0,0,0,0,0,0,0,0,0,241,19,0.0,0.0,1.0,1.0,0.08,0.06,0.0,255,19,0.07,0.06,0.0,0.0,0.0,0.0,1.0,1.0,neptune
0,tcp,http,SF,235,964,0,0,0,0,0,1,0,0,0,0,0,0,0,0,0,0,7,7,0.0,0.0,0.0,0.0,1.0,0.0,0.0,7,255,1.0,0.0,0.14,0.04,0.0,0.0,0.0,0.0,normal
0,tcp,http,S0,0,0,0,0,0,0,0,0,0,0,0,0,0,0,0,0,0,0,24,9,1.0,1.0,0.0,0.0,0.38,0.17,0.0,255,65,0.25,0.02,0.01,0.0,0.98,1.0,0.0,0.0,neptune
0,tcp,private,RSTR,0,0,0,0,0,0,0,0,0,0,0,0,0,0,0,0,0,0,1,1,0.0,0.0,1.0,1.0,1.0,0.0,0.0,11,1,0.09,1.0,0.73,0.0,0.0,0.0,0.73,1.0,portsweep
1,tcp,telnet,SF,24,715,0,0,0,0,0,0,0,0,0,0,0,0,0,0,0,0,3,3,0.0,0.0,0.67,0.33,0.33,1.0,0.67,255,67,0.26,0.02,0.0,0.0,0.0,0.01,0.7,0.69,mscan
0,tcp,http,SF,253,33309,0,0,0,0,0,1,0,0,0,0,0,0,0,0,0,0,5,5,0.0,0.0,0.0,0.0,1.0,0.0,0.0,255,255,1.0,0.0,0.0,0.0,0.0,0.0,0.0,0.0,normal
0,tcp,other,REJ,0,0,0,0,0,0,0,0,0,0,0,0,0,0,0,0,0,0,464,1,0.07,0.0,0.93,1.0,0.0,1.0,0.0,255,1,0.0,1.0,0.0,0.0,0.08,0.0,0.92,1.0,satan
0,icmp,ecr_i,SF,520,0,0,0,0,0,0,0,0,0,0,0,0,0,0,0,0,0,510,510,0.0,0.0,0.0,0.0,1.0,0.0,0.0,131,133,1.0,0.0,1.0,0.02,0.0,0.0,0.0,0.0,smurf
0,udp,domain_u,SF,42,42,0,0,0,0,0,0,0,0,0,0,0,0,0,0,0,0,3,5,0.0,0.0,0.0,0.0,1.0,0.0,0.4,255,255,1.0,0.0,0.0,0.0,0.0,0.0,0.0,0.0,normal
0,tcp,http,SF,310,5215,0,0,0,0,0,1,0,0,0,0,0,0,0,0,0,0,3,6,0.0,0.0,0.0,0.0,1.0,0.0,0.33,13,227,1.0,0.0,0.08,0.07,0.0,0.0,0.0,0.0,normal
0,tcp,http,SF,236,3222,0,0,0,0,0,1,0,0,0,0,0,0,0,0,0,0,3,4,0.0,0.0,0.0,0.0,1.0,0.0,0.5,255,211,0.83,0.11,0.0,0.0,0.0,0.0,0.1,0.0,normal
1,tcp,pop_3,RSTR,15,46,0,0,0,0,0,1,0,0,0,0,0,0,0,0,0,0,1,1,0.0,0.0,1.0,1.0,1.0,0.0,0.0,255,219,0.86,0.02,0.0,0.0,0.0,0.0,0.04,0.01,guess_passwd
0,tcp,private,REJ,0,0,0,0,0,0,0,0,0,0,0,0,0,0,0,0,0,0,117,10,0.0,0.0,1.0,1.0,0.09,0.07,0.0,255,10,0.04,0.06,0.0,0.0,0.0,0.0,1.0,1.0,neptune
0,tcp,private,REJ,0,0,0,0,0,0,0,0,0,0,0,0,0,0,0,0,0,0,243,7,0.0,0.0,1.0,1.0,0.03,0.06,0.0,255,7,0.03,0.07,0.0,0.0,0.0,0.0,1.0,1.0,neptune
0,tcp,http,SF,253,5924,0,0,0,0,0,1,0,0,0,0,0,0,0,0,0,0,2,2,0.0,0.0,0.0,0.0,1.0,0.0,0.0,123,255,1.0,0.0,0.01,0.02,0.0,0.0,0.0,0.0,normal
0,tcp,private,REJ,0,0,0,0,0,0,0,0,0,0,0,0,0,0,0,0,0,0,302,20,0.0,0.0,1.0,1.0,0.07,0.05,0.0,255,20,0.08,0.06,0.0,0.0,0.0,0.0,1.0,1.0,neptune
0,tcp,http,SF,174,12382,0,0,0,0,0,1,0,0,0,0,0,0,0,0,0,0,6,6,0.0,0.0,0.0,0.0,1.0,0.0,0.0,255,255,1.0,0.0,0.0,0.0,0.0,0.0,0.0,0.0,normal
0,tcp,http,SF,263,19208,0,0,0,0,0,1,0,0,0,0,0,0,0,0,0,0,1,1,0.0,0.0,0.0,0.0,1.0,0.0,0.0,255,255,1.0,0.0,0.0,0.0,0.0,0.0,0.0,0.0,normal
1,tcp,smtp,SF,1057,325,0,0,0,0,0,1,0,0,0,0,0,0,0,0,0,0,1,2,0.0,0.0,0.0,0.0,1.0,0.0,1.0,80,187,0.9,0.05,0.01,0.01,0.0,0.0,0.0,0.01,normal
0,udp,private,SF,105,145,0,0,0,0,0,0,0,0,0,0,0,0,0,0,0,0,2,2,0.0,0.0,0.0,0.0,1.0,0.0,0.0,255,255,1.0,0.0,0.0,0.0,0.0,0.0,0.0,0.0,normal
0,tcp,http,SF,327,4478,0,0,0,0,0,1,0,0,0,0,0,0,0,0,0,0,2,2,0.0,0.0,0.0,0.0,1.0,0.0,0.0,2,2,1.0,0.0,0.5,0.0,0.0,0.0,0.0,0.0,normal
0,udp,domain_u,SF,42,42,0,0,0,0,0,0,0,0,0,0,0,0,0,0,0,0,14,21,0.0,0.0,0.0,0.0,1.0,0.0,0.14,255,255,1.0,0.0,0.0,0.0,0.0,0.0,0.0,0.0,normal
0,udp,private,SF,105,146,0,0,0,0,0,0,0,0,0,0,0,0,0,0,0,0,1,1,0.0,0.0,0.0,0.0,1.0,0.0,0.0,9,9,1.0,0.0,0.11,0.0,0.0,0.0,0.0,0.0,normal
0,tcp,other,REJ,0,0,0,0,0,0,0,0,0,0,0,0,0,0,0,0,0,0,438,1,0.16,0.0,0.83,1.0,0.0,1.0,0.0,255,1,0.0,0.01,0.0,0.0,0.0,0.0,0.0,1.0,satan
281,tcp,ftp,SF,159,595,0,0,0,2,0,1,0,0,0,0,0,0,0,0,0,1,1,1,0.0,0.0,0.0,0.0,1.0,0.0,0.0,255,100,0.39,0.03,0.0,0.0,0.0,0.0,0.0,0.0,warezmaster
0,tcp,other,REJ,0,0,0,0,0,0,0,0,0,0,0,0,0,0,0,0,0,0,488,1,0.16,0.0,0.84,1.0,0.0,1.0,0.0,255,1,0.0,0.21,0.0,0.0,0.02,0.0,0.2,1.0,satan
0,tcp,http,SF,348,633,0,0,0,0,0,1,0,0,0,0,0,0,0,0,0,0,1,1,0.0,0.0,0.0,0.0,1.0,0.0,0.0,90,255,1.0,0.0,0.01,0.06,0.0,0.0,0.0,0.0,normal
0,tcp,http,SF,293,771,0,0,0,0,0,1,0,0,0,0,0,0,0,0,0,0,10,35,0.0,0.0,0.0,0.0,1.0,0.0,0.14,255,255,1.0,0.0,0.0,0.0,0.0,0.0,0.0,0.0,normal
0,tcp,http,SF,317,1215,0,0,0,0,0,1,0,0,0,0,0,0,0,0,0,0,3,3,0.0,0.0,0.0,0.0,1.0,0.0,0.0,226,255,1.0,0.0,0.0,0.01,0.0,0.0,0.0,0.0,normal
4,tcp,pop_3,SF,32,93,0,0,0,0,0,1,0,0,0,0,0,0,0,0,0,0,1,1,0.0,0.0,0.0,0.0,1.0,0.0,0.0,255,132,0.52,0.02,0.0,0.0,0.0,0.0,0.17,0.01,guess_passwd
282,tcp,ftp,SF,159,597,0,0,0,2,0,1,0,0,0,0,0,0,0,0,0,1,1,1,0.0,0.0,0.0,0.0,1.0,0.0,0.0,30,21,0.7,0.1,0.03,0.0,0.0,0.0,0.0,0.0,warezmaster
0,tcp,http,SF,294,682,0,0,0,0,0,1,0,0,0,0,0,0,0,0,0,0,2,8,0.0,0.0,0.0,0.0,1.0,0.0,0.25,2,255,1.0,0.0,0.5,0.07,0.0,0.0,0.0,0.0,normal
0,tcp,telnet,S0,0,0,0,0,0,0,0,0,0,0,0,0,0,0,0,0,0,0,1,24,1.0,0.17,0.0,0.75,1.0,0.0,0.83,5,86,0.6,0.6,0.2,0.03,1.0,1.0,0.0,0.0,mscan
0,tcp,http,SF,239,4679,0,0,0,0,0,1,0,0,0,0,0,0,0,0,0,0,17,36,0.0,0.0,0.0,0.0,1.0,0.0,0.06,42,255,1.0,0.0,0.02,0.02,0.0,0.0,0.0,0.0,normal
0,udp,domain_u,SF,46,102,0,0,0,0,0,0,0,0,0,0,0,0,0,0,0,0,193,193,0.0,0.0,0.0,0.0,1.0,0.0,0.0,255,245,0.96,0.01,0.0,0.0,0.0,0.0,0.0,0.0,normal
0,tcp,http,SF,305,1228,0,0,0,0,0,1,0,0,0,0,0,0,0,0,0,0,1,1,0.0,0.0,0.0,0.0,1.0,0.0,0.0,115,255,1.0,0.0,0.01,0.01,0.0,0.0,0.0,0.0,normal
0,tcp,http,SF,218,305,0,0,0,0,0,1,0,0,0,0,0,0,0,0,0,0,13,17,0.0,0.0,0.0,0.0,1.0,0.0,0.12,255,255,1.0,0.0,0.0,0.0,0.0,0.0,0.0,0.0,normal
0,tcp,http,REJ,0,0,0,0,0,0,0,0,0,0,0,0,0,0,0,0,0,0,3,1,0.0,0.0,1.0,1.0,0.33,0.67,0.0,255,54,0.21,0.11,0.0,0.0,0.0,0.0,0.99,1.0,neptune
0,tcp,private,S0,0,0,0,0,0,0,0,0,0,0,0,0,0,0,0,0,0,0,246,1,1.0,1.0,0.0,0.0,0.0,0.06,0.0,255,1,0.0,0.06,0.0,0.0,1.0,1.0,0.0,0.0,neptune
809,tcp,http,RSTR,46284,0,0,0,0,0,0,1,0,0,0,0,0,0,0,0,0,0,31,31,0.0,0.0,1.0,1.0,1.0,0.0,0.0,255,253,0.99,0.01,0.0,0.0,0.0,0.0,0.16,0.16,apache2
0,tcp,http,SF,222,6085,0,0,0,0,0,1,0,0,0,0,0,0,0,0,0,0,4,4,0.0,0.0,0.0,0.0,1.0,0.0,0.0,255,255,1.0,0.0,0.0,0.0,0.0,0.0,0.0,0.0,normal
0,tcp,http,SF,211,4408,0,0,0,0,0,1,0,0,0,0,0,0,0,0,0,0,1,1,0.0,0.0,0.0,0.0,1.0,0.0,0.0,11,255,1.0,0.0,0.09,0.01,0.0,0.0,0.0,0.0,normal
0,udp,private,SF,1,1,0,0,0,0,0,0,0,0,0,0,0,0,0,0,0,0,102,1,0.0,0.0,0.0,0.0,0.01,0.96,0.0,255,1,0.0,0.84,1.0,0.0,0.0,0.0,0.0,0.0,satan
0,tcp,private,REJ,0,0,0,0,0,0,0,0,0,0,0,0,0,0,0,0,0,0,105,5,0.0,0.0,1.0,1.0,0.05,0.06,0.0,255,5,0.02,0.06,0.0,0.0,0.0,0.0,1.0,1.0,neptune
0,tcp,http,SF,54540,8314,0,0,0,2,0,1,1,0,0,0,0,0,0,0,0,0,4,4,0.0,0.0,0.0,0.0,1.0,0.0,0.0,255,251,0.98,0.01,0.0,0.0,0.0,0.0,0.0,0.0,back
0,tcp,other,REJ,0,0,0,0,0,0,0,0,0,0,0,0,0,0,0,0,0,0,456,1,0.07,0.0,0.93,1.0,0.0,1.0,0.0,255,1,0.0,1.0,0.0,0.0,0.0,0.0,1.0,1.0,satan
0,tcp,http,SF,323,585,0,0,0,0,0,1,0,0,0,0,0,0,0,0,0,0,24,25,0.0,0.0,0.0,0.0,1.0,0.0,0.08,147,255,1.0,0.0,0.01,0.01,0.0,0.0,0.0,0.0,normal
0,tcp,kshell,REJ,0,0,0,0,0,0,0,0,0,0,0,0,0,0,0,0,0,0,141,15,0.0,0.0,1.0,1.0,0.11,0.06,0.0,255,15,0.06,0.05,0.0,0.0,0.0,0.0,1.0,1.0,neptune
0,tcp,private,REJ,0,0,0,0,0,0,0,0,0,0,0,0,0,0,0,0,0,0,224,10,0.0,0.0,1.0,1.0,0.04,0.06,0.0,255,10,0.04,0.07,0.0,0.0,0.0,0.0,1.0,1.0,neptune
0,tcp,http,SF,203,18280,0,0,0,0,0,1,0,0,0,0,0,0,0,0,0,0,4,7,0.0,0.0,0.0,0.0,1.0,0.0,0.57,18,255,1.0,0.0,0.06,0.03,0.0,0.0,0.0,0.0,normal
0,tcp,http,SF,245,1299,0,0,0,0,0,1,0,0,0,0,0,0,0,0,0,0,17,18,0.0,0.0,0.0,0.0,1.0,0.0,0.11,255,255,1.0,0.0,0.0,0.0,0.0,0.0,0.0,0.0,normal
0,tcp,http,SF,241,5165,0,0,0,0,0,1,0,0,0,0,0,0,0,0,0,0,2,2,0.0,0.0,0.0,0.0,1.0,0.0,0.0,255,255,1.0,0.0,0.0,0.0,0.01,0.01,0.0,0.0,normal
0,tcp,telnet,S3,0,44,0,0,0,0,0,0,0,0,0,0,0,0,0,0,0,0,2,1,0.5,1.0,0.5,0.0,0.5,1.0,0.0,255,134,0.53,0.44,0.0,0.0,0.42,0.79,0.43,0.01,processtable
0,tcp,http,SF,340,327,0,0,0,0,0,1,0,0,0,0,0,0,0,0,0,0,1,11,0.0,0.0,0.0,0.0,1.0,0.0,0.27,13,255,1.0,0.0,0.08,0.01,0.0,0.0,0.0,0.0,normal
0,tcp,http,SF,232,438,0,0,0,0,0,1,0,0,0,0,0,0,0,0,0,0,1,1,0.0,0.0,0.0,0.0,1.0,0.0,0.0,255,255,1.0,0.0,0.0,0.0,0.0,0.0,0.0,0.0,normal
0,udp,private,SF,40,0,0,0,0,0,0,0,0,0,0,0,0,0,0,0,0,0,2,2,0.0,0.0,0.0,0.0,1.0,0.0,0.0,255,255,1.0,0.0,0.01,0.0,0.0,0.0,0.0,0.0,snmpguess
0,udp,private,SF,51,52,0,0,0,0,0,0,0,0,0,0,0,0,0,0,0,0,511,511,0.0,0.0,0.0,0.0,1.0,0.0,0.0,255,255,1.0,0.0,0.83,0.0,0.0,0.0,0.0,0.0,normal
0,tcp,http,SF,296,420,0,0,0,0,0,1,0,0,0,0,0,0,0,0,0,0,55,55,0.0,0.0,0.0,0.0,1.0,0.0,0.0,59,246,1.0,0.0,0.02,0.02,0.0,0.0,0.0,0.0,normal
0,tcp,ftp_data,SF,10946,0,0,0,0,0,0,0,0,0,0,0,0,0,0,0,0,0,1,2,0.0,0.0,0.0,0.0,1.0,0.0,1.0,3,1,0.33,0.67,0.33,0.0,0.0,0.0,0.0,0.0,xterm
0,tcp,private,REJ,0,0,0,0,0,0,0,0,0,0,0,0,0,0,0,0,0,0,296,17,0.0,0.0,1.0,1.0,0.06,0.05,0.0,255,17,0.07,0.06,0.0,0.0,0.0,0.0,1.0,1.0,neptune
0,tcp,netstat,REJ,0,0,0,0,0,0,0,0,0,0,0,0,0,0,0,0,0,0,244,10,0.0,0.0,1.0,1.0,0.04,0.07,0.0,255,10,0.04,0.07,0.0,0.0,0.0,0.0,1.0,1.0,neptune
0,tcp,telnet,SF,118,174,0,0,0,0,1,0,0,0,0,0,0,0,0,0,0,0,1,1,0.0,0.0,0.0,0.0,1.0,0.0,0.0,255,254,1.0,0.01,0.0,0.0,0.01,0.01,0.02,0.02,guess_passwd
0,tcp,other,S0,0,0,0,0,0,0,0,0,0,0,0,0,0,0,0,0,0,0,482,1,0.06,1.0,0.94,0.0,0.0,1.0,0.0,255,1,0.0,1.0,0.0,0.0,0.07,1.0,0.93,0.0,saint
0,tcp,http,SF,303,19104,0,0,0,0,0,1,0,0,0,0,0,0,0,0,0,0,1,1,0.0,0.0,0.0,0.0,1.0,0.0,0.0,1,255,1.0,0.0,1.0,0.01,0.0,0.0,0.0,0.0,normal
0,tcp,private,REJ,0,0,0,0,0,0,0,0,0,0,0,0,0,0,0,0,0,0,263,16,0.0,0.0,1.0,1.0,0.06,0.06,0.0,255,16,0.06,0.07,0.0,0.0,0.0,0.0,1.0,1.0,neptune
0,tcp,http,SF,341,3071,0,0,0,0,0,1,0,0,0,0,0,0,0,0,0,0,33,33,0.0,0.0,0.0,0.0,1.0,0.0,0.0,255,255,1.0,0.0,0.0,0.0,0.0,0.0,0.0,0.0,normal
0,tcp,http,SF,244,4498,0,0,0,0,0,1,0,0,0,0,0,0,0,0,0,0,1,1,0.0,0.0,0.0,0.0,1.0,0.0,0.0,255,225,0.88,0.05,0.0,0.0,0.0,0.0,0.05,0.0,normal
0,udp,private,SF,1,1,0,0,0,0,0,0,0,0,0,0,0,0,0,0,0,0,115,1,0.0,0.0,0.0,0.0,0.01,1.0,0.0,255,1,0.0,0.98,1.0,0.0,0.0,0.0,0.0,0.0,satan
0,tcp,http,SF,221,998,0,0,0,0,0,1,0,0,0,0,0,0,0,0,0,0,13,29,0.0,0.0,0.0,0.0,1.0,0.0,0.17,255,255,1.0,0.0,0.0,0.0,0.0,0.0,0.0,0.0,normal
0,tcp,http,SF,313,926,0,0,0,0,0,1,0,0,0,0,0,0,0,0,0,0,13,14,0.0,0.0,0.0,0.0,1.0,0.0,0.14,178,255,1.0,0.0,0.01,0.02,0.0,0.0,0.0,0.0,normal
0,udp,private,SF,48,0,0,0,0,0,0,0,0,0,0,0,0,0,0,0,0,0,3,3,0.0,0.0,0.0,0.0,1.0,0.0,0.0,255,255,1.0,0.0,0.0,0.0,0.0,0.0,0.0,0.0,snmpguess
0,tcp,http,SF,316,976,0,0,0,0,0,1,0,0,0,0,0,0,0,0,0,0,10,13,0.0,0.0,0.0,0.0,1.0,0.0,0.23,20,227,1.0,0.0,0.05,0.09,0.0,0.0,0.0,0.0,normal
0,tcp,private,REJ,0,0,0,0,0,0,0,0,0,0,0,0,0,0,0,0,0,0,281,11,0.12,0.0,0.88,1.0,0.04,0.06,0.0,255,11,0.04,0.07,0.0,0.0,0.14,0.0,0.86,1.0,neptune
0,tcp,rje,REJ,0,0,0,0,0,0,0,0,0,0,0,0,0,0,0,0,0,0,227,19,0.0,0.0,1.0,1.0,0.08,0.07,0.0,255,19,0.07,0.07,0.0,0.0,0.0,0.0,1.0,1.0,neptune
0,tcp,private,S0,0,0,0,0,0,0,0,0,0,0,0,0,0,0,0,0,0,0,174,4,1.0,1.0,0.0,0.0,0.02,0.08,0.0,255,4,0.02,0.08,0.0,0.0,1.0,1.0,0.0,0.0,neptune
0,tcp,http,SF,326,1047,0,0,0,0,0,1,0,0,0,0,0,0,0,0,0,0,15,15,0.0,0.0,0.0,0.0,1.0,0.0,0.0,90,255,1.0,0.0,0.01,0.02,0.0,0.0,0.0,0.0,normal
0,tcp,ftp,SF,26,157,0,0,0,0,1,0,0,0,0,0,0,0,0,0,0,1,1,1,0.0,0.0,0.0,0.0,1.0,0.0,0.0,218,107,0.49,0.03,0.0,0.0,0.0,0.0,0.0,0.0,guess_passwd
0,tcp,http,SF,323,1512,0,0,0,0,0,1,0,0,0,0,0,0,0,0,0,0,9,9,0.0,0.0,0.0,0.0,1.0,0.0,0.0,255,255,1.0,0.0,0.0,0.0,0.0,0.0,0.0,0.0,normal
0,udp,private,SF,41,0,0,0,0,0,0,0,0,0,0,0,0,0,0,0,0,0,5,5,0.0,0.0,0.0,0.0,1.0,0.0,0.0,255,254,1.0,0.01,0.0,0.0,0.0,0.0,0.0,0.0,snmpguess
0,tcp,http,SF,216,1115,0,0,0,0,0,1,0,0,0,0,0,0,0,0,0,0,5,30,0.0,0.0,0.0,0.0,1.0,0.0,0.1,5,255,1.0,0.0,0.2,0.03,0.0,0.0,0.0,0.0,normal
1,tcp,smtp,SF,2599,293,0,0,0,0,0,1,0,0,0,0,0,0,0,0,0,0,2,2,0.0,0.0,0.0,0.0,1.0,0.0,0.0,255,109,0.43,0.15,0.0,0.0,0.0,0.0,0.56,0.0,mailbomb
0,tcp,smtp,SF,0,83,0,0,0,0,0,1,0,0,0,0,0,0,0,0,0,0,1,1,0.0,0.0,0.0,0.0,1.0,0.0,0.0,255,187,0.73,0.02,0.0,0.0,0.0,0.0,0.01,0.02,normal
0,tcp,http,SF,302,1193,0,0,0,0,0,1,0,0,0,0,0,0,0,0,0,0,6,6,0.0,0.0,0.0,0.0,1.0,0.0,0.0,42,238,1.0,0.0,0.02,0.03,0.0,0.0,0.0,0.0,normal
0,tcp,http,SF,303,331,0,0,0,0,0,1,0,0,0,0,0,0,0,0,0,0,3,6,0.0,0.0,0.0,0.0,1.0,0.0,0.5,3,255,1.0,0.0,0.33,0.02,0.0,0.0,0.0,0.0,normal
0,tcp,private,REJ,0,0,0,0,0,0,0,0,0,0,0,0,0,0,0,0,0,0,117,8,0.0,0.0,1.0,1.0,0.07,0.08,0.0,255,8,0.03,0.07,0.0,0.0,0.0,0.0,1.0,1.0,neptune
2071,tcp,http,RSTR,56504,0,0,0,0,0,0,1,0,0,0,0,0,0,0,0,0,0,9,9,0.0,0.0,1.0,1.0,1.0,0.0,0.0,255,243,0.95,0.01,0.0,0.0,0.02,0.02,0.27,0.28,apache2
0,tcp,nnsp,REJ,0,0,0,0,0,0,0,0,0,0,0,0,0,0,0,0,0,0,128,20,0.0,0.0,1.0,1.0,0.16,0.07,0.0,255,20,0.08,0.06,0.0,0.0,0.0,0.0,1.0,1.0,neptune
0,tcp,imap4,RSTO,0,44,0,0,0,0,0,0,0,0,0,0,0,0,0,0,0,0,2,3,0.0,0.0,1.0,0.67,0.5,1.0,1.0,227,59,0.23,0.02,0.0,0.03,0.0,0.0,0.87,0.93,mscan
0,tcp,http,SF,293,9071,0,0,0,0,0,1,0,0,0,0,0,0,0,0,0,0,29,29,0.0,0.0,0.0,0.0,1.0,0.0,0.0,255,255,1.0,0.0,0.0,0.0,0.0,0.0,0.0,0.0,normal
283,tcp,ftp,SF,160,599,0,0,0,2,0,1,0,0,0,0,0,0,0,0,0,1,1,1,0.0,0.0,0.0,0.0,1.0,0.0,0.0,255,106,0.42,0.03,0.0,0.0,0.0,0.0,0.0,0.0,warezmaster
0,tcp,gopher,REJ,0,0,0,0,0,0,0,0,0,0,0,0,0,0,0,0,0,0,243,6,0.02,0.0,0.98,1.0,0.02,0.07,0.0,255,6,0.02,0.06,0.0,0.0,0.02,0.0,0.98,1.0,neptune
0,tcp,http,SF,237,905,0,0,0,0,0,1,0,0,0,0,0,0,0,0,0,0,12,12,0.0,0.0,0.0,0.0,1.0,0.0,0.0,120,190,1.0,0.0,0.01,0.02,0.0,0.0,0.0,0.0,normal
0,udp,domain_u,SF,46,134,0,0,0,0,0,0,0,0,0,0,0,0,0,0,0,0,117,197,0.0,0.0,0.0,0.0,1.0,0.0,0.01,255,255,1.0,0.0,0.0,0.0,0.0,0.0,0.0,0.0,normal
0,udp,private,SF,52,0,0,0,0,0,0,0,0,0,0,0,0,0,0,0,0,0,3,3,0.0,0.0,0.0,0.0,1.0,0.0,0.0,255,254,1.0,0.01,0.01,0.0,0.0,0.0,0.0,0.0,snmpguess
0,tcp,telnet,S0,0,0,0,0,0,0,0,0,0,0,0,0,0,0,0,0,0,0,1,9,1.0,0.11,0.0,0.44,1.0,0.0,0.56,154,83,0.34,0.02,0.01,0.02,1.0,0.63,0.0,0.18,mscan
0,tcp,other,REJ,0,0,0,0,0,0,0,0,0,0,0,0,0,0,0,0,0,0,398,1,0.17,0.0,0.83,1.0,0.0,1.0,0.0,255,1,0.0,0.93,0.0,0.0,0.18,0.0,0.81,1.0,satan
4,tcp,pop_3,SF,28,93,0,0,0,0,0,1,0,0,0,0,0,0,0,0,0,0,1,1,0.0,0.0,0.0,0.0,1.0,0.0,0.0,247,228,0.92,0.01,0.0,0.0,0.0,0.0,0.04,0.0,guess_passwd
0,tcp,http,SF,281,648,0,0,0,0,0,1,0,0,0,0,0,0,0,0,0,0,7,7,0.0,0.0,0.0,0.0,1.0,0.0,0.0,69,255,1.0,0.0,0.01,0.04,0.0,0.0,0.0,0.0,normal
0,udp,domain_u,SF,43,76,0,0,0,0,0,0,0,0,0,0,0,0,0,0,0,0,232,232,0.0,0.0,0.0,0.0,1.0,0.0,0.0,255,255,1.0,0.0,0.01,0.0,0.0,0.0,0.0,0.0,normal
0,tcp,private,RSTO,0,0,0,0,0,0,0,0,0,0,0,0,0,0,0,0,0,0,124,13,0.0,0.0,1.0,1.0,0.1,0.06,0.0,255,13,0.05,0.06,0.0,0.0,0.0,0.0,1.0,1.0,neptune
0,tcp,http,SF,286,483,0,0,0,0,0,1,0,0,0,0,0,0,0,0,0,0,7,19,0.0,0.0,0.0,0.0,1.0,0.0,0.16,255,255,1.0,0.0,0.0,0.0,0.0,0.0,0.0,0.0,normal
0,tcp,daytime,RSTO,0,0,0,0,0,0,0,0,0,0,0,0,0,0,0,0,0,0,245,3,0.0,0.0,1.0,1.0,0.01,0.06,0.0,255,3,0.01,0.07,0.0,0.0,0.0,0.0,1.0,1.0,neptune
0,icmp,ecr_i,SF,1032,0,0,0,0,0,0,0,0,0,0,0,0,0,0,0,0,0,511,511,0.0,0.0,0.0,0.0,1.0,0.0,0.0,255,84,0.33,0.02,0.33,0.0,0.0,0.0,0.0,0.0,smurf
0,tcp,private,REJ,0,0,0,0,0,0,0,0,0,0,0,0,0,0,0,0,0,0,118,3,0.0,0.0,1.0,1.0,0.03,0.07,0.0,255,3,0.01,0.06,0.0,0.0,0.44,0.0,0.56,1.0,neptune
0,tcp,telnet,SF,0,0,0,0,0,0,0,0,0,0,0,0,0,0,0,0,0,0,4,9,0.0,0.22,0.75,0.67,0.5,0.75,0.89,255,127,0.5,0.01,0.0,0.0,0.0,0.0,0.66,0.32,mscan
0,tcp,private,REJ,0,0,0,0,0,0,0,0,0,0,0,0,0,0,0,0,0,0,243,12,0.0,0.0,1.0,1.0,0.05,0.06,0.0,255,12,0.05,0.07,0.0,0.0,0.0,0.0,1.0,1.0,neptune
0,tcp,private,S0,0,0,0,0,0,0,0,0,0,0,0,0,0,0,0,0,0,0,287,16,1.0,1.0,0.0,0.0,0.06,0.06,0.0,255,16,0.06,0.07,0.0,0.0,1.0,1.0,0.0,0.0,neptune
0,udp,other,SF,1,0,0,0,0,0,0,0,0,0,0,0,0,0,0,0,0,0,67,10,0.0,0.0,0.0,0.0,0.15,0.87,0.0,255,10,0.04,0.56,0.96,0.0,0.0,0.0,0.04,0.0,normal
0,tcp,http,SF,279,5592,0,0,0,0,0,1,0,0,0,0,0,0,0,0,0,0,2,2,0.0,0.0,0.0,0.0,1.0,0.0,0.0,48,255,1.0,0.0,0.02,0.01,0.0,0.0,0.0,0.0,normal
0,tcp,ftp_data,SF,12,0,0,0,0,0,0,0,0,0,0,0,0,0,0,0,0,0,1,1,0.0,0.0,0.0,0.0,1.0,0.0,0.0,4,3,0.75,0.5,0.75,0.0,0.0,0.0,0.0,0.0,warezmaster
0,tcp,private,REJ,0,0,0,0,0,0,0,0,0,0,0,0,0,0,0,0,0,0,231,18,0.0,0.0,1.0,1.0,0.08,0.06,0.0,255,18,0.07,0.07,0.0,0.0,0.0,0.0,1.0,1.0,neptune
0,tcp,ftp,SF,26,157,0,0,0,0,1,0,0,0,0,0,0,0,0,0,0,1,1,1,0.0,0.0,0.0,0.0,1.0,0.0,0.0,49,23,0.47,0.08,0.02,0.0,0.0,0.0,0.0,0.0,guess_passwd
0,tcp,auth,REJ,0,0,0,0,0,0,0,0,0,0,0,0,0,0,0,0,0,0,250,16,0.0,0.0,1.0,1.0,0.06,0.06,0.0,255,16,0.06,0.07,0.0,0.0,0.0,0.0,1.0,1.0,neptune
0,udp,private,SF,52,53,0,0,0,0,0,0,0,0,0,0,0,0,0,0,0,0,511,511,0.0,0.0,0.0,0.0,1.0,0.0,0.0,255,255,1.0,0.0,0.89,0.0,0.0,0.0,0.0,0.0,normal
0,tcp,http,SF,284,1227,0,0,0,0,0,1,0,0,0,0,0,0,0,0,0,0,2,2,0.0,0.0,0.0,0.0,1.0,0.0,0.0,255,255,1.0,0.0,0.0,0.0,0.0,0.0,0.0,0.0,normal
0,tcp,Z39_50,REJ,0,0,0,0,0,0,0,0,0,0,0,0,0,0,0,0,0,0,107,7,0.0,0.0,1.0,1.0,0.07,0.07,0.0,255,7,0.03,0.05,0.0,0.0,0.0,0.0,1.0,1.0,neptune
0,tcp,sql_net,S0,0,0,0,0,0,0,0,0,0,0,0,0,0,0,0,0,0,0,188,16,1.0,1.0,0.0,0.0,0.09,0.09,0.0,255,16,0.06,0.09,0.0,0.0,1.0,1.0,0.0,0.0,neptune
0,tcp,uucp,RSTO,0,0,0,0,0,0,0,0,0,0,0,0,0,0,0,0,0,0,117,10,0.0,0.0,1.0,1.0,0.09,0.08,0.0,255,10,0.04,0.06,0.0,0.0,0.0,0.0,1.0,1.0,neptune
0,tcp,http,SF,298,561,0,0,0,0,0,1,0,0,0,0,0,0,0,0,0,0,24,24,0.0,0.0,0.0,0.0,1.0,0.0,0.0,255,255,1.0,0.0,0.0,0.0,0.0,0.0,0.0,0.0,normal
0,tcp,http,SF,316,940,0,0,0,0,0,1,0,0,0,0,0,0,0,0,0,0,39,41,0.0,0.0,0.0,0.0,1.0,0.0,0.07,255,255,1.0,0.0,0.0,0.0,0.0,0.0,0.0,0.0,normal
0,icmp,eco_i,SF,18,0,0,0,0,0,0,0,0,0,0,0,0,0,0,0,0,0,1,1,0.0,0.0,0.0,0.0,1.0,0.0,0.0,1,67,1.0,0.0,1.0,1.0,0.0,0.0,0.0,0.0,ipsweep
0,tcp,finger,SF,10,173,0,0,0,0,0,0,0,0,0,0,0,0,0,0,0,0,1,1,0.0,0.0,0.0,0.0,1.0,0.0,0.0,22,11,0.09,0.14,0.05,0.18,0.0,0.0,0.0,0.0,normal
0,tcp,private,REJ,0,0,0,0,0,0,0,0,0,0,0,0,0,0,0,0,0,0,256,1,0.0,0.0,1.0,1.0,0.0,0.07,0.0,255,1,0.0,0.07,0.0,0.0,0.0,0.0,1.0,1.0,neptune
0,tcp,ftp_data,REJ,0,0,0,0,0,0,0,0,0,0,0,0,0,0,0,0,0,0,233,2,0.0,0.0,1.0,1.0,0.01,0.06,0.0,255,2,0.01,0.07,0.0,0.0,0.0,0.0,0.99,1.0,neptune
0,udp,private,SF,1,1,0,0,0,0,0,0,0,0,0,0,0,0,0,0,0,0,114,1,0.0,0.0,0.0,0.0,0.01,0.97,0.0,255,1,0.0,0.99,1.0,0.0,0.0,0.0,0.0,0.0,satan
0,icmp,ecr_i,SF,1032,0,0,0,0,0,0,0,0,0,0,0,0,0,0,0,0,0,315,315,0.0,0.0,0.0,0.0,1.0,0.0,0.0,255,255,1.0,0.0,1.0,0.0,0.0,0.0,0.0,0.0,smurf
0,tcp,http,SF,195,8234,0,0,0,0,0,1,0,0,0,0,0,0,0,0,0,0,4,6,0.0,0.0,0.0,0.0,1.0,0.0,0.5,27,255,1.0,0.0,0.04,0.01,0.0,0.0,0.0,0.0,normal
0,tcp,http,SF,207,300,0,0,0,0,0,1,0,0,0,0,0,0,0,0,0,0,17,17,0.0,0.0,0.0,0.0,1.0,0.0,0.0,44,255,1.0,0.0,0.02,0.02,0.0,0.0,0.0,0.0,normal
0,tcp,finger,RSTO,0,0,0,0,0,0,0,0,0,0,0,0,0,0,0,0,0,0,71,19,0.0,0.0,1.0,1.0,0.27,0.06,0.0,255,61,0.24,0.1,0.02,0.0,0.0,0.0,1.0,1.0,neptune
0,tcp,http,SF,319,396,0,0,0,0,0,1,0,0,0,0,0,0,0,0,0,0,38,39,0.0,0.0,0.0,0.0,1.0,0.0,0.05,82,255,1.0,0.0,0.01,0.04,0.0,0.0,0.0,0.0,normal
0,tcp,private,REJ,0,0,0,0,0,0,0,0,0,0,0,0,0,0,0,0,0,0,124,5,0.0,0.0,1.0,1.0,0.04,0.06,0.0,255,5,0.02,0.06,0.0,0.0,0.07,0.0,0.93,1.0,neptune
0,tcp,private,S0,0,0,0,0,0,0,0,0,0,0,0,0,0,0,0,0,0,0,204,4,1.0,1.0,0.0,0.0,0.02,0.06,0.0,255,4,0.02,0.07,0.0,0.0,1.0,1.0,0.0,0.0,neptune
0,tcp,http,SF,284,4482,0,0,0,0,0,1,0,0,0,0,0,0,0,0,0,0,8,9,0.0,0.0,0.0,0.0,1.0,0.0,0.22,22,226,1.0,0.0,0.05,0.04,0.0,0.0,0.0,0.0,normal
0,tcp,http,SF,316,9443,0,0,0,0,0,1,0,0,0,0,0,0,0,0,0,0,5,5,0.0,0.0,0.0,0.0,1.0,0.0,0.0,255,255,1.0,0.0,0.0,0.0,0.0,0.0,0.0,0.0,normal
0,tcp,other,S0,0,0,0,0,0,0,0,0,0,0,0,0,0,0,0,0,0,0,428,1,0.16,1.0,0.84,0.0,0.0,1.0,0.0,255,1,0.0,0.96,0.0,0.0,0.13,1.0,0.86,0.0,satan
72,tcp,telnet,SF,2783,15142,0,0,0,10,0,1,2,1,0,0,0,0,0,0,0,0,1,1,0.0,0.0,0.0,0.0,1.0,0.0,0.0,255,56,0.22,0.15,0.0,0.0,0.0,0.0,0.98,0.98,buffer_overflow
0,tcp,http,SF,220,1497,0,0,0,0,0,1,0,0,0,0,0,0,0,0,0,0,13,13,0.0,0.0,0.0,0.0,1.0,0.0,0.0,101,255,1.0,0.0,0.01,0.02,0.0,0.0,0.0,0.0,normal
0,tcp,private,REJ,0,0,0,0,0,0,0,0,0,0,0,0,0,0,0,0,0,0,112,9,0.0,0.0,1.0,1.0,0.08,0.06,0.0,255,9,0.04,0.05,0.0,0.0,0.0,0.0,1.0,1.0,neptune
282,tcp,ftp,SF,158,595,0,0,0,2,0,1,0,0,0,0,0,0,0,0,0,1,1,1,0.0,0.0,0.0,0.0,1.0,0.0,0.0,255,7,0.03,0.39,0.0,0.0,0.19,0.0,0.39,0.0,warezmaster
0,tcp,http,S0,0,0,0,0,0,0,0,0,0,0,0,0,0,0,0,0,0,0,108,108,1.0,1.0,0.0,0.0,1.0,0.0,0.0,255,255,1.0,0.0,0.0,0.0,0.56,0.56,0.42,0.42,apache2
0,tcp,http,SF,225,2412,0,0,0,0,0,1,0,0,0,0,0,0,0,0,0,0,5,5,0.0,0.0,0.0,0.0,1.0,0.0,0.0,81,255,1.0,0.0,0.01,0.03,0.0,0.0,0.0,0.0,normal
1,tcp,smtp,SF,621,333,0,0,0,0,0,1,0,0,0,0,0,0,0,0,0,0,1,2,0.0,0.0,0.0,0.0,1.0,0.0,1.0,17,129,0.76,0.12,0.06,0.02,0.0,0.0,0.0,0.0,normal
0,tcp,private,REJ,0,0,0,0,0,0,0,0,0,0,0,0,0,0,0,0,0,0,233,12,0.0,0.0,1.0,1.0,0.05,0.07,0.0,255,12,0.05,0.08,0.0,0.0,0.0,0.0,1.0,1.0,neptune
0,tcp,nnsp,REJ,0,0,0,0,0,0,0,0,0,0,0,0,0,0,0,0,0,0,124,18,0.0,0.0,1.0,1.0,0.15,0.06,0.0,255,18,0.07,0.06,0.0,0.0,0.0,0.0,1.0,1.0,neptune
4,tcp,pop_3,SF,28,93,0,0,0,0,0,1,0,0,0,0,0,0,0,0,0,0,1,1,0.0,0.0,0.0,0.0,1.0,0.0,0.0,255,247,0.97,0.01,0.0,0.0,0.0,0.0,0.02,0.0,guess_passwd
0,udp,private,SF,105,147,0,0,0,0,0,0,0,0,0,0,0,0,0,0,0,0,3,3,0.0,0.0,0.0,0.0,1.0,0.0,0.0,255,255,1.0,0.0,0.0,0.0,0.0,0.0,0.0,0.0,normal
0,udp,domain_u,SF,45,45,0,0,0,0,0,0,0,0,0,0,0,0,0,0,0,0,2,3,0.0,0.0,0.0,0.0,1.0,0.0,0.67,255,224,0.88,0.01,0.01,0.0,0.0,0.0,0.07,0.0,normal
0,tcp,http,SF,226,3302,0,0,0,0,0,1,0,0,0,0,0,0,0,0,0,0,10,10,0.0,0.0,0.0,0.0,1.0,0.0,0.0,70,255,1.0,0.0,0.01,0.01,0.0,0.0,0.0,0.0,normal
3,tcp,http,RSTR,37960,7300,0,0,0,1,0,1,0,0,0,0,0,0,0,0,0,0,3,4,0.0,0.0,1.0,0.75,1.0,0.0,0.5,255,255,1.0,0.0,0.0,0.0,0.0,0.0,0.06,0.06,back
4,tcp,pop_3,SF,31,93,0,0,0,0,0,1,0,0,0,0,0,0,0,0,0,0,1,1,0.0,0.0,0.0,0.0,1.0,0.0,0.0,255,205,0.8,0.02,0.0,0.0,0.0,0.0,0.07,0.0,guess_passwd
0,tcp,private,REJ,0,0,0,0,0,0,0,0,0,0,0,0,0,0,0,0,0,0,122,5,0.0,0.0,1.0,1.0,0.04,0.06,0.0,255,5,0.02,0.06,0.0,0.0,0.0,0.0,1.0,1.0,neptune
0,tcp,http,SF,253,16468,0,0,0,0,0,1,0,0,0,0,0,0,0,0,0,0,1,1,0.0,0.0,0.0,0.0,1.0,0.0,0.0,112,255,1.0,0.0,0.01,0.01,0.0,0.0,0.0,0.0,normal
2057,tcp,http,RSTR,72564,0,0,0,0,0,0,1,0,0,0,0,0,0,0,0,0,0,8,8,0.0,0.0,1.0,1.0,1.0,0.0,0.0,255,243,0.95,0.01,0.0,0.0,0.02,0.02,0.34,0.35,apache2
283,tcp,ftp,SF,158,595,0,0,0,2,0,1,0,0,0,0,0,0,0,0,0,1,1,1,0.0,0.0,0.0,0.0,1.0,0.0,0.0,11,9,0.82,0.18,0.09,0.0,0.0,0.0,0.0,0.0,warezmaster
0,tcp,systat,REJ,0,0,0,0,0,0,0,0,0,0,0,0,0,0,0,0,0,0,261,6,0.0,0.0,1.0,1.0,0.02,0.07,0.0,255,6,0.02,0.07,0.0,0.0,0.0,0.0,1.0,1.0,neptune
3054,tcp,telnet,SF,777,124974,0,0,0,4,0,1,381,1,0,401,0,0,0,0,0,0,1,1,0.0,0.0,0.0,0.0,1.0,0.0,0.0,17,7,0.41,0.12,0.06,0.0,0.0,0.0,0.0,0.0,normal
